INFO         | Android emulator version 36.4.10.0 (build_id 15004761) (CL:N/A)
INFO         | Graphics backend: gfxstream
INFO         | Found systemPath C:\Users\dev-m\AppData\Local\Android\Sdk\system-images\android-36\google_apis_playstore\x86_64\
WARNING      | Please update the emulator to one that supports the feature(s): VulkanVirtualQueue
INFO         | IPv4 server found: 127.0.2.2
INFO         | Ignore IPv6 address: c0af:fa56:4b02:0:c0af:fa56:4b02:0
INFO         | Ignore IPv6 address: c0af:fa56:4b02:0:c0af:fa56:4b02:0
INFO         | Ignore IPv6 address: c0af:fa56:4b02:0:c0af:fa56:4b02:0
INFO         | Ignore IPv6 address: 88bd:fa56:4b02:0:c0af:fa56:4b02:0
INFO         | Ignore IPv6 address: 88bd:fa56:4b02:0:c0af:fa56:4b02:0
INFO         | Ignore IPv6 address: 88bd:fa56:4b02:0:c0af:fa56:4b02:0
INFO         | Ignore IPv6 address: a0c3:fa56:4b02:0:c0af:fa56:4b02:0
INFO         | Ignore IPv6 address: a0c3:fa56:4b02:0:c0af:fa56:4b02:0
INFO         | Ignore IPv6 address: a0c3:fa56:4b02:0:c0af:fa56:4b02:0
INFO         | Ignore IPv6 address: d8d3:fa56:4b02:0:c0af:fa56:4b02:0
INFO         | Ignore IPv6 address: d8d3:fa56:4b02:0:c0af:fa56:4b02:0
INFO         | Ignore IPv6 address: d8d3:fa56:4b02:0:c0af:fa56:4b02:0
INFO         | Ignore IPv6 address: f8d9:fa56:4b02:0:c0af:fa56:4b02:0
INFO         | Ignore IPv6 address: f8d9:fa56:4b02:0:c0af:fa56:4b02:0
INFO         | Ignore IPv6 address: f8d9:fa56:4b02:0:c0af:fa56:4b02:0
INFO         | Guest GLES Driver: Auto (ext controls)
INFO         | emuglConfig_init: vulkan_mode_selected:swiftshader gles_mode_selected:swiftshader
INFO         | Checking system compatibility:
INFO         |   Checking: hasCompatibleHypervisor
INFO         |      Ok: Hypervisor compatibility to run avd: `Pixel_8` are met
INFO         |   Checking: hasSufficientSystem
INFO         |      Ok: System requirements to run avd: `Pixel_8` are met
INFO         |   Checking: hasSufficientHwGpu
INFO         |      Ok: Hardware GPU compatibility checks are not required
INFO         |   Checking: hasSufficientDiskSpace
INFO         |      Ok: Disk space requirements to run avd: `Pixel_8` are met
INFO         | Storing crashdata in: C:\Users\dev-m\AppData\Local\Temp\\AndroidEmulator\emu-crash-36.4.10.db, detection is enabled for process: 10920
INFO         | Initializing gfxstream backend
INFO         | android_startOpenglesRenderer: gpu info
INFO         | GPU #1
  Make: 8086
  Model: Intel(R) UHD Graphics
  Device ID: 9b41

INFO         | initIcdPaths: ICD set to 'swiftshader', using Swiftshader ICD
INFO         | Setting ICD filenames for the loader = C:\Users\dev-m\AppData\Local\Android\Sdk\emulator\lib64\vulkan\vk_swiftshader_icd.json
INFO         | SharedLibrary::open for [C:\Users\dev-m\AppData\Local\Android\Sdk\emulator\qemu\windows-x86_64\lib64\vulkan\vulkan-1.dll]
INFO         | SharedLibrary::open for [C:\Users\dev-m\AppData\Local\Android\Sdk\emulator\lib64\vulkan\vulkan-1.dll]
INFO         | Added library: C:\Users\dev-m\AppData\Local\Android\Sdk\emulator\lib64\vulkan\vulkan-1.dll
INFO         | Selecting Vulkan device: SwiftShader Device (LLVM 10.0.0), Version: 1.2.0
INFO         | Initializing VkEmulation features:
INFO         |     glInteropSupported: false
INFO         |     useDeferredCommands: true
INFO         |     createResourceWithRequirements: true
INFO         |     useVulkanComposition: false
INFO         |     useVulkanNativeSwapchain: false
INFO         |     enable guestRenderDoc: false
INFO         |     ASTC LDR emulation mode: Gpu
INFO         |     enable ETC2 emulation: true
INFO         |     enable Ycbcr emulation: false
INFO         |     guestVulkanOnly: false
INFO         |     useDedicatedAllocations: false
INFO         | Graphics Adapter Vendor Google (Google Inc.)
INFO         | Graphics Adapter Android Emulator OpenGL ES Translator (Google SwiftShader)
INFO         | Graphics API Version OpenGL ES 3.0 (OpenGL ES 3.0 SwiftShader 4.0.0.1)
INFO         | Graphics API Extensions GL_OES_EGL_sync GL_OES_EGL_image GL_OES_EGL_image_external GL_OES_depth24 GL_OES_depth32 GL_OES_element_index_uint GL_OES_texture_float GL_OES_texture_float_linear GL_OES_compressed_paletted_texture GL_OES_compressed_ETC1_RGB8_texture GL_OES_depth_texture GL_OES_texture_half_float GL_OES_texture_half_float_linear GL_OES_packed_depth_stencil GL_OES_vertex_half_float GL_OES_standard_derivatives GL_OES_texture_npot GL_OES_rgb8_rgba8 GL_EXT_color_buffer_float GL_EXT_color_buffer_half_float GL_EXT_texture_format_BGRA8888 GL_APPLE_texture_format_BGRA8888 
INFO         | Graphics Device Extensions N/A
INFO         | Disabling sparse binding feature support
INFO         | Sending adb public key [QAAAAN15f+eLWee+5JixM7FXknc1Nj52z5D/5x1gWH2IZz8RfL1Ze4FM6sV2XwL/1qZbYdA3/ehBfYnzc+L07EyexH6NLjU04DGclPNQk/8mdRPqgTdQaGXSAWp0cD728YOV0FoHL7pADoGwrEyAxLuTdJAhme0lW2TPJqimPrR6bQVHS/bFftKcHG5D9Ehc/Pz2aGVjvA1B+wWIgEPDSmdgQL5INm+JmNrGyTgNn7bX5gmwRhdIuGhLIqdLFP5rpWrYtk2NG4LQiFjmkb2sh2Fa3d2+HIXgzKdo+PiZrh/642/9tRDbsBLkCJTBRFYsnsE3XhVt1pgA2pJKEj8t+9VrclnR5OLZtE0zhehfvjmi2NkpoaDIGAgSgEXUwSnVp+1VdTwHYS2Q1vTAQcXDrdjc/Ap2GkLwoi4WOf0A/PnGEt3zZgFrOlfxhuQ45abYGgfTGJSIDZ/ZGPhRZbaXsQeDPUVcDEf4uq6vhIR1jyGNAWeVtZ8lua7qaOMoxjl6HbRmrbaTkbQIdmBGC6G82O11874bO4iwS9hGTTtEQImM+6U9kbJ9LW8ws17MMMV57QoxVnDWuypncZUQtpmSzWP0mWcY8Z8w+npJ9xgowWjBMJpBiv/eZWzmTA6V3GgaiPazEC0JKZrqhz7Cue4bqGpxgf7cfanUwM6OvcQeAcT9bNWJpn/jqgEAAQA= @unknown]
INFO         | Userspace boot properties:
INFO         |   androidboot.boot_devices=pci0000:00/0000:00:03.0 pci0000:00/0000:00:06.0
INFO         |   androidboot.dalvik.vm.heapsize=512m
INFO         |   androidboot.debug.hwui.renderer=skiagl
INFO         |   androidboot.hardware=ranchu
INFO         |   androidboot.hardware.gltransport=pipe
INFO         |   androidboot.hardware.vulkan=ranchu
INFO         |   androidboot.logcat=*:V
INFO         |   androidboot.opengles.version=196608
INFO         |   androidboot.qemu=1
INFO         |   androidboot.qemu.adb.pubkey=QAAAAN15f+eLWee+5JixM7FXknc1Nj52z5D/5x1gWH2IZz8RfL1Ze4FM6sV2XwL/1qZbYdA3/ehBfYnzc+L07EyexH6NLjU04DGclPNQk/8mdRPqgTdQaGXSAWp0cD728YOV0FoHL7pADoGwrEyAxLuTdJAhme0lW2TPJqimPrR6bQVHS/bFftKcHG5D9Ehc/Pz2aGVjvA1B+wWIgEPDSmdgQL5INm+JmNrGyTgNn7bX5gmwRhdIuGhLIqdLFP5rpWrYtk2NG4LQiFjmkb2sh2Fa3d2+HIXgzKdo+PiZrh/642/9tRDbsBLkCJTBRFYsnsE3XhVt1pgA2pJKEj8t+9VrclnR5OLZtE0zhehfvjmi2NkpoaDIGAgSgEXUwSnVp+1VdTwHYS2Q1vTAQcXDrdjc/Ap2GkLwoi4WOf0A/PnGEt3zZgFrOlfxhuQ45abYGgfTGJSIDZ/ZGPhRZbaXsQeDPUVcDEf4uq6vhIR1jyGNAWeVtZ8lua7qaOMoxjl6HbRmrbaTkbQIdmBGC6G82O11874bO4iwS9hGTTtEQImM+6U9kbJ9LW8ws17MMMV57QoxVnDWuypncZUQtpmSzWP0mWcY8Z8w+npJ9xgowWjBMJpBiv/eZWzmTA6V3GgaiPazEC0JKZrqhz7Cue4bqGpxgf7cfanUwM6OvcQeAcT9bNWJpn/jqgEAAQA= @unknown
INFO         |   androidboot.qemu.avd_name=Pixel_8
INFO         |   androidboot.qemu.camera_hq_edge_processing=0
INFO         |   androidboot.qemu.camera_protocol_ver=1
INFO         |   androidboot.qemu.cpuvulkan.version=4202496
INFO         |   androidboot.qemu.gltransport.drawFlushInterval=800
INFO         |   androidboot.qemu.gltransport.name=pipe
INFO         |   androidboot.qemu.hwcodec.avcdec=2
INFO         |   androidboot.qemu.hwcodec.hevcdec=2
INFO         |   androidboot.qemu.hwcodec.vpxdec=2
INFO         |   androidboot.qemu.settings.system.screen_off_timeout=2147483647
INFO         |   androidboot.qemu.skin=pixel_8
INFO         |   androidboot.qemu.virtiowifi=1
INFO         |   androidboot.qemu.vsync=60
INFO         |   androidboot.serialno=EMULATOR36X4X10X0
INFO         |   androidboot.vbmeta.digest=43d61dbc053c8dbf3adaff951e5bdfcf174ece9dd24ffe8e6120f951cb412b2a
INFO         |   androidboot.vbmeta.hash_alg=sha256
INFO         |   androidboot.vbmeta.size=6784
INFO         |   androidboot.veritymode=enforcing
AEHD is operational
host doesn't support requested feature: CPUID.01H:ECX.xsave [bit 26]
host doesn't support requested feature: CPUID.01H:ECX.avx [bit 28]
host doesn't support requested feature: CPUID.01H:ECX.xsave [bit 26]
host doesn't support requested feature: CPUID.01H:ECX.avx [bit 28]
host doesn't support requested feature: CPUID.01H:ECX.xsave [bit 26]
host doesn't support requested feature: CPUID.01H:ECX.avx [bit 28]
host doesn't support requested feature: CPUID.01H:ECX.xsave [bit 26]
host doesn't support requested feature: CPUID.01H:ECX.avx [bit 28]
INFO         | Monitoring duration of emulator setup.
WARNING      | The emulator now requires a signed jwt token for gRPC access! Use the -grpc flag if you really want an open unprotected grpc port
INFO         | Using security allow list from: C:\Users\dev-m\AppData\Local\Android\Sdk\emulator\lib\emulator_access.json
WARNING      | *** Basic token auth should only be used by android-studio ***
INFO         | The active JSON Web Key Sets can be found here: C:\Users\dev-m\AppData\Local\Temp\avd\running\10920\jwks\4c93fc52-d64e-4c74-8ed1-a628b2212035\active.jwk
INFO         | Scanning C:\Users\dev-m\AppData\Local\Temp\avd\running\10920\jwks\4c93fc52-d64e-4c74-8ed1-a628b2212035 for jwk keys.
INFO         | Started GRPC server at 127.0.0.1:8554, security: Local, auth: +token
INFO         | Advertising in: C:\Users\dev-m\AppData\Local\Temp\avd\running\pid_10920.ini
INFO         | Setting display: 0 configuration to: 1080x2400, dpi: 420x420 
INFO         | setDisplayActiveConfig 0
USER_INFO    | Emulator is performing a full startup. This may take upto two minutes, or more.
No EFI environment detected.
early console in extract_kernel
input_data: 0x0000000002ac92c4
input_len: 0x000000000137e450
output: 0x0000000001000000
output_len: 0x0000000002df8f9c
kernel_total_size: 0x0000000002a2c000
needed_size: 0x0000000002e00000
trampoline_32bit: 0x0000000000000000
Physical KASLR using RDTSC...
Virtual KASLR using RDTSC...

Decompressing Linux... INFO         | Activated packet streamer for uwb emulation
INFO         | Activated packet streamer for bluetooth emulation
Parsing ELF... Performing relocations... done.
Booting the kernel (entry_offset: 0x0000000000000000).
[    0.000000] Linux version 6.6.66-android15-8-gb66429556fb8-ab13070261 (kleaf@build-host) (Android (11368308, +pgo, +bolt, +lto, +mlgo, based on r510928) clang version 18.0.0 (https://android.googlesource.com/toolchain/llvm-project 477610d4d0d988e69dbc3fae4fe86bff3f07f2b5), LLD 18.0.0) #1 SMP PREEMPT Fri Feb 14 22:29:59 UTC 2025
[    0.000000] Command line: 8250.nr_uarts=1 clocksource=pit no_timer_check console=ttyS0,38400 earlyprintk=ttyS0 ndns=3 loop.max_part=7 ramoops.mem_address=0xff018000 ramoops.mem_size=0x10000 memmap=0x10000$0xff018000 printk.devkmsg=on bootconfig ndns=3 mac80211_hwsim.radios=0
[    0.000000] BIOS-provided physical RAM map:
[    0.000000] BIOS-e820: [mem 0x0000000000000000-0x000000000009fbff] usable
[    0.000000] BIOS-e820: [mem 0x000000000009fc00-0x000000000009ffff] reserved
[    0.000000] BIOS-e820: [mem 0x00000000000f0000-0x00000000000fffff] reserved
[    0.000000] BIOS-e820: [mem 0x0000000000100000-0x000000007ffd3fff] usable
[    0.000000] BIOS-e820: [mem 0x000000007ffd4000-0x000000007fffffff] reserved
[    0.000000] BIOS-e820: [mem 0x00000000feffc000-0x00000000feffffff] reserved
[    0.000000] BIOS-e820: [mem 0x00000000fffc0000-0x00000000ffffffff] reserved
[    0.000000] stackdepot: disabled
[    0.000000] printk: bootconsole [earlyser0] enabled
[    0.000000] NX (Execute Disable) protection: active
[    0.000000] APIC: Static calls initialized
[    0.000000] user-defined physical RAM map:
[    0.000000] user: [mem 0x0000000000000000-0x000000000009fbff] usable
[    0.000000] user: [mem 0x000000000009fc00-0x000000000009ffff] reserved
[    0.000000] user: [mem 0x00000000000f0000-0x00000000000fffff] reserved
[    0.000000] user: [mem 0x0000000000100000-0x000000007ffd3fff] usable
[    0.000000] user: [mem 0x000000007ffd4000-0x000000007fffffff] reserved
[    0.000000] user: [mem 0x00000000feffc000-0x00000000feffffff] reserved
[    0.000000] user: [mem 0x00000000ff018000-0x00000000ff027fff] reserved
[    0.000000] user: [mem 0x00000000fffc0000-0x00000000ffffffff] reserved
[    0.000000] SMBIOS 2.8 present.
[    0.000000] DMI: QEMU Standard PC (i440FX + PIIX, 1996), BIOS rel-1.11.1-0-g0551a4be2c-prebuilt.qemu-project.org 04/01/2014
[    0.000000] tsc: Fast TSC calibration failed
[    0.000000] last_pfn = 0x7ffd4 max_arch_pfn = 0x400000000
[    0.000000] MTRR map: 4 entries (3 fixed + 1 variable; max 19), built from 8 variable MTRRs
[    0.000000] x86/PAT: PAT not supported by the CPU.
[    0.000000] x86/PAT: Configuration [0-7]: WB  WT  UC- UC  WB  WT  UC- UC  
Memory KASLR using RDTSC...
[    0.000000] found SMP MP-table at [mem 0x000f5ab0-0x000f5abf]
[    0.000000] RAMDISK: [mem 0x7fdfe000-0x7ffcffff]
[    0.000000] ACPI: Early table checksum verification disabled
[    0.000000] ACPI: RSDP 0x00000000000F58B0 000014 (v00 BOCHS )
[    0.000000] ACPI: RSDT 0x000000007FFE1C02 000030 (v01 BOCHS  BXPCRSDT 00000001 BXPC 00000001)
[    0.000000] ACPI: FACP 0x000000007FFE1AC6 000074 (v01 BOCHS  BXPCFACP 00000001 BXPC 00000001)
[    0.000000] ACPI: DSDT 0x000000007FFE0040 001A86 (v01 BOCHS  BXPCDSDT 00000001 BXPC 00000001)
[    0.000000] ACPI: FACS 0x000000007FFE0000 000040
[    0.000000] ACPI: APIC 0x000000007FFE1B3A 000090 (v01 BOCHS  BXPCAPIC 00000001 BXPC 00000001)
[    0.000000] ACPI: HPET 0x000000007FFE1BCA 000038 (v01 BOCHS  BXPCHPET 00000001 BXPC 00000001)
[    0.000000] ACPI: Reserving FACP table memory at [mem 0x7ffe1ac6-0x7ffe1b39]
[    0.000000] ACPI: Reserving DSDT table memory at [mem 0x7ffe0040-0x7ffe1ac5]
[    0.000000] ACPI: Reserving FACS table memory at [mem 0x7ffe0000-0x7ffe003f]
[    0.000000] ACPI: Reserving APIC table memory at [mem 0x7ffe1b3a-0x7ffe1bc9]
[    0.000000] ACPI: Reserving HPET table memory at [mem 0x7ffe1bca-0x7ffe1c01]
[    0.000000] Zone ranges:
[    0.000000]   DMA32    [mem 0x0000000000001000-0x000000007ffd3fff]
[    0.000000]   Normal   empty
[    0.000000] Movable zone start for each node
[    0.000000] NoSplit zone start for each node
[    0.000000] NoMerge zone start for each node
[    0.000000] Early memory node ranges
[    0.000000]   node   0: [mem 0x0000000000001000-0x000000000009efff]
[    0.000000]   node   0: [mem 0x0000000000100000-0x000000007ffd3fff]
[    0.000000] Initmem setup node 0 [mem 0x0000000000001000-0x000000007ffd3fff]
[    0.000000] On node 0, zone DMA32: 1 pages in unavailable ranges
[    0.000000] On node 0, zone DMA32: 97 pages in unavailable ranges
[    0.000000] On node 0, zone DMA32: 44 pages in unavailable ranges
[    0.000000] ACPI: LAPIC_NMI (acpi_id[0xff] dfl dfl lint[0x1])
[    0.000000] IOAPIC[0]: apic_id 0, version 17, address 0xfec00000, GSI 0-23
[    0.000000] ACPI: INT_SRC_OVR (bus 0 bus_irq 0 global_irq 2 dfl dfl)
[    0.000000] ACPI: INT_SRC_OVR (bus 0 bus_irq 5 global_irq 5 high level)
[    0.000000] ACPI: INT_SRC_OVR (bus 0 bus_irq 9 global_irq 9 high level)
[    0.000000] ACPI: INT_SRC_OVR (bus 0 bus_irq 10 global_irq 10 high level)
[    0.000000] ACPI: INT_SRC_OVR (bus 0 bus_irq 11 global_irq 11 high level)
[    0.000000] ACPI: Using ACPI (MADT) for SMP configuration information
[    0.000000] ACPI: HPET id: 0x8086a201 base: 0xfed00000
[    0.000000] smpboot: Allowing 4 CPUs, 0 hotplug CPUs
[    0.000000] PM: hibernation: Registered nosave memory: [mem 0x00000000-0x00000fff]
[    0.000000] PM: hibernation: Registered nosave memory: [mem 0x0009f000-0x0009ffff]
[    0.000000] PM: hibernation: Registered nosave memory: [mem 0x000a0000-0x000effff]
[    0.000000] PM: hibernation: Registered nosave memory: [mem 0x000f0000-0x000fffff]
[    0.000000] [mem 0x80000000-0xfeffbfff] available for PCI devices
[    0.000000] Booting paravirtualized kernel on bare hardware
[    0.000000] clocksource: refined-jiffies: mask: 0xffffffff max_cycles: 0xffffffff, max_idle_ns: 7645519600211568 ns
[    0.000000] Load bootconfig: 1852 bytes 69 nodes
[    0.000000] setup_percpu: NR_CPUS:32 nr_cpumask_bits:4 nr_cpu_ids:4 nr_node_ids:1
[    0.000000] percpu: Embedded 56 pages/cpu s192488 r8192 d28696 u524288
[    0.000000] Kernel command line: console=ttynull stack_depot_disable=on cgroup_disable=pressure bootconfig 8250.nr_uarts=1 clocksource=pit no_timer_check console=ttyS0,38400 earlyprintk=ttyS0 ndns=3 loop.max_part=7 ramoops.mem_address=0xff018000 ramoops.mem_size=0x10000 memmap=0x10000$0xff018000 printk.devkmsg=on bootconfig ndns=3 mac80211_hwsim.radios=0
[    0.000000] cgroup: Disabling pressure control group feature
[    0.000000] Unknown kernel command line parameters "ndns=3", will be passed to user space.
[    0.000000] Dentry cache hash table entries: 262144 (order: 9, 2097152 bytes, linear)
[    0.000000] Inode-cache hash table entries: 131072 (order: 8, 1048576 bytes, linear)
[    0.000000] Built 1 zonelists, mobility grouping on.  Total pages: 515796
[    0.000000] mem auto-init: stack:all(zero), heap alloc:on, heap free:off
[    0.000000] Memory: 2013288K/2096584K available (22528K kernel code, 2113K rwdata, 14024K rodata, 2968K init, 856K bss, 83036K reserved, 0K cma-reserved)
[    0.000000] SLUB: HWalign=64, Order=0-3, MinObjects=0, CPUs=4, Nodes=1
[    0.000000] Kernel/User page tables isolation: enabled
Poking KASLR using RDTSC...
[    0.000000] rcu: Preemptible hierarchical RCU implementation.
[    0.000000] rcu: 	RCU event tracing is enabled.
[    0.000000] rcu: 	RCU restricting CPUs from NR_CPUS=32 to nr_cpu_ids=4.
[    0.000000] rcu: 	RCU priority boosting: priority 1 delay 500 ms.
[    0.000000] 	Trampoline variant of Tasks RCU enabled.
[    0.000000] 	Tracing variant of Tasks RCU enabled.
[    0.000000] rcu: RCU calculated value of scheduler-enlistment delay is 25 jiffies.
[    0.000000] rcu: Adjusting geometry for rcu_fanout_leaf=16, nr_cpu_ids=4
[    0.000000] NR_IRQS: 4352, nr_irqs: 456, preallocated irqs: 16
[    0.000000] rcu: srcu_init: Setting srcu_struct sizes based on contention.
[    0.000000] kfence: initialized - using 524288 bytes for 63 objects at 0x(____ptrval____)-0x(____ptrval____)
[    0.000000] printk: console [ttyS0] enabled
[    0.000000] printk: console [ttyS0] enabled
[    0.000000] printk: bootconsole [earlyser0] disabled
[    0.000000] printk: bootconsole [earlyser0] disabled
[    0.000000] ACPI: Core revision 20230628
[    0.000000] clocksource: hpet: mask: 0xffffffff max_cycles: 0xffffffff, max_idle_ns: 19112604467 ns
[    0.004000] APIC: Switch to symmetric I/O mode setup
[    0.008000] ..TIMER: vector=0x30 apic1=0 pin1=2 apic2=-1 pin2=-1
[    0.020000] tsc: Unable to calibrate against PIT
[    0.024000] tsc: using HPET reference calibration
[    0.028000] tsc: Detected 2303.801 MHz processor
[    0.000009] clocksource: tsc-early: mask: 0xffffffffffffffff max_cycles: 0x21353bd918b, max_idle_ns: 440795296482 ns
[    0.023541] Calibrating delay loop (skipped), value calculated using timer frequency.. 4607.60 BogoMIPS (lpj=9215204)
[    0.028123] Last level iTLB entries: 4KB 0, 2MB 0, 4MB 0
[    0.031542] Last level dTLB entries: 4KB 0, 2MB 0, 4MB 0, 1GB 0
[    0.035553] Spectre V1 : Mitigation: usercopy/swapgs barriers and __user pointer sanitization
[    0.039546] Spectre V2 : Mitigation: Retpolines
[    0.043541] Spectre V2 : Spectre v2 / SpectreRSB mitigation: Filling RSB on context switch
[    0.047541] Spectre V2 : Spectre v2 / SpectreRSB : Filling RSB on VMEXIT
[    0.051541] Speculative Store Bypass: Vulnerable
[    0.055542] MDS: Vulnerable: Clear CPU buffers attempted, no microcode
[    0.059541] MMIO Stale Data: Unknown: No mitigations
[    0.063565] x86/fpu: x87 FPU will use FXSAVE
[    0.105978] SMP alternatives: Using kCFI
[    0.132262] Freeing SMP alternatives memory: 56K
[    0.135546] pid_max: default: 32768 minimum: 301
[    0.140229] LSM: initializing lsm=capability,selinux,bpf,integrity
[    0.143970] SELinux:  Initializing.
[    0.152121] LSM support for eBPF active
[    0.155811] Mount-cache hash table entries: 4096 (order: 3, 32768 bytes, linear)
[    0.159601] Mountpoint-cache hash table entries: 4096 (order: 3, 32768 bytes, linear)
[    0.380633] smpboot: CPU0: Intel Android virtual processor (family: 0x6, model: 0x6, stepping: 0x3)
[    0.384167] RCU Tasks: Setting shift to 2 and lim to 1 rcu_task_cb_adjust=1.
[    0.387626] RCU Tasks Trace: Setting shift to 2 and lim to 1 rcu_task_cb_adjust=1.
[    0.391620] Performance Events: generic architected perfmon, PMU not available due to virtualization, using software events only.
[    0.395576] signal: max sigframe size: 1440
[    0.399671] rcu: Hierarchical SRCU implementation.
[    0.403537] rcu: 	Max phase no-delay instances is 1000.
[    0.412255] dyndbg: Ignore empty _ddebug table in a CONFIG_DYNAMIC_DEBUG_CORE build
[    0.415894] smp: Bringing up secondary CPUs ...
[    0.420038] smpboot: x86: Booting SMP configuration:
[    0.423551] .... node  #0, CPUs:      #1 #2 #3
[    0.921542] TSC synchronization [CPU#0 -> CPU#1]:
[    0.923533] Measured 12269206 cycles TSC warp between CPUs, turning off TSC clock.
[    0.923540] tsc: Marking TSC unstable due to check_tsc_sync_source failed
[    1.163843] smp: Brought up 1 node, 4 CPUs
[    1.167539] smpboot: Max logical packages: 1
[    1.171556] smpboot: Total of 4 processors activated (18420.22 BogoMIPS)
[    1.190512] x86/mm: Memory block size: 128MB
[    1.192793] clocksource: jiffies: mask: 0xffffffff max_cycles: 0xffffffff, max_idle_ns: 7645041785100000 ns
[    1.195642] futex hash table entries: 1024 (order: 4, 65536 bytes, linear)
[    1.208976] NET: Registered PF_NETLINK/PF_ROUTE protocol family
[    1.216167] audit: initializing netlink subsys (disabled)
[    1.219653] audit: type=2000 audit(1786547573.232:1): state=initialized audit_enabled=0 res=1
[    1.219680] ramoops: using module parameters
[    1.232200] pstore: Using crash dump compression: deflate
[    1.235550] printk: console [ramoops-1] enabled
[    1.239654] pstore: Registered ramoops as persistent store backend
[    1.243548] ramoops: using 0x10000@0xff018000, ecc: 0
[    1.247878] thermal_sys: Registered thermal governor 'bang_bang'
[    1.247881] thermal_sys: Registered thermal governor 'step_wise'
[    1.251550] thermal_sys: Registered thermal governor 'user_space'
[    1.255609] cpuidle: using governor menu
[    1.267822] PCI: Using configuration type 1 for base access
[    1.272140] kprobes: kprobe jump-optimization is enabled. All kprobes are optimized if possible.
[    1.279757] cryptd: max_cpu_qlen set to 1000
[    1.288079] ACPI: Added _OSI(Module Device)
[    1.295545] ACPI: Added _OSI(Processor Device)
[    1.303542] ACPI: Added _OSI(3.0 _SCP Extensions)
[    1.311546] ACPI: Added _OSI(Processor Aggregator Device)
[    1.319714] ACPI: 1 ACPI AML tables successfully acquired and loaded
[    1.335624] ACPI: _OSC evaluation for CPUs failed, trying _PDC
[    1.339725] ACPI: Interpreter enabled
[    1.343575] ACPI: PM: (supports S0 S3 S4 S5)
[    1.347544] ACPI: Using IOAPIC for interrupt routing
[    1.355582] PCI: Using host bridge windows from ACPI; if necessary, use "pci=nocrs" and report a bug
[    1.359544] PCI: Using E820 reservations for host bridge windows
[    1.363704] ACPI: Enabled 2 GPEs in block 00 to 0F
[    1.372044] ACPI: PCI Root Bridge [PCI0] (domain 0000 [bus 00-ff])
[    1.375579] acpi PNP0A03:00: _OSC: OS supports [ASPM ClockPM Segments MSI HPX-Type3]
[    1.379549] acpi PNP0A03:00: _OSC: not requesting OS control; OS requires [ExtendedConfig ASPM ClockPM MSI]
[    1.383591] acpi PNP0A03:00: fail to add MMCONFIG information, can't access extended configuration space under this bridge
[    1.387775] PCI host bridge to bus 0000:00
[    1.391547] pci_bus 0000:00: root bus resource [io  0x0000-0x0cf7 window]
[    1.395548] pci_bus 0000:00: root bus resource [io  0x0d00-0xffff window]
[    1.399546] pci_bus 0000:00: root bus resource [mem 0x000a0000-0x000bffff window]
[    1.403548] pci_bus 0000:00: root bus resource [mem 0x80000000-0xfebfffff window]
[    1.407548] pci_bus 0000:00: root bus resource [mem 0x400000000-0x80005ffff window]
[    1.411546] pci_bus 0000:00: root bus resource [bus 00-ff]
[    1.419748] pci 0000:00:00.0: [8086:1237] type 00 class 0x060000
[    1.424631] pci 0000:00:01.0: [8086:7000] type 00 class 0x060100
[    1.428929] pci 0000:00:01.1: [8086:7010] type 00 class 0x010180
[    1.439539] pci 0000:00:01.1: reg 0x20: [io  0xc2a0-0xc2af]
[    1.446651] pci 0000:00:01.1: legacy IDE quirk: reg 0x10: [io  0x01f0-0x01f7]
[    1.447549] pci 0000:00:01.1: legacy IDE quirk: reg 0x14: [io  0x03f6]
[    1.451545] pci 0000:00:01.1: legacy IDE quirk: reg 0x18: [io  0x0170-0x0177]
[    1.455548] pci 0000:00:01.1: legacy IDE quirk: reg 0x1c: [io  0x0376]
[    1.463593] pci 0000:00:01.3: [8086:7113] type 00 class 0x068000
[    1.468572] pci 0000:00:01.3: quirk: [io  0x0600-0x063f] claimed by PIIX4 ACPI
[    1.471574] pci 0000:00:01.3: quirk: [io  0x0700-0x070f] claimed by PIIX4 SMB
[    1.476362] pci 0000:00:02.0: [1af4:1019] type 00 class 0x040100
[    1.481969] pci 0000:00:02.0: reg 0x10: [io  0xc200-0xc21f]
[    1.495538] pci 0000:00:02.0: reg 0x20: [mem 0x800000000-0x800003fff 64bit pref]
[    1.507865] pci 0000:00:03.0: [1af4:1001] type 00 class 0x010000
[    1.515542] pci 0000:00:03.0: reg 0x10: [io  0xc000-0xc03f]
[    1.523539] pci 0000:00:03.0: reg 0x14: [mem 0xfebc0000-0xfebc0fff]
[    1.533684] pci 0000:00:03.0: reg 0x18: [io  0xc2b0-0xc2b3]
[    1.546441] pci 0000:00:03.0: reg 0x20: [mem 0x800004000-0x800007fff 64bit pref]
[    1.557261] pci 0000:00:04.0: [1af4:1001] type 00 class 0x010000
[    1.565859] pci 0000:00:04.0: reg 0x10: [io  0xc040-0xc07f]
[    1.573733] pci 0000:00:04.0: reg 0x14: [mem 0xfebc1000-0xfebc1fff]
[    1.582280] pci 0000:00:04.0: reg 0x18: [io  0xc2b4-0xc2b7]
[    1.595539] pci 0000:00:04.0: reg 0x20: [mem 0x800008000-0x80000bfff 64bit pref]
[    1.607606] pci 0000:00:05.0: [1af4:1001] type 00 class 0x010000
[    1.617734] pci 0000:00:05.0: reg 0x10: [io  0xc080-0xc0bf]
[    1.625801] pci 0000:00:05.0: reg 0x14: [mem 0xfebc2000-0xfebc2fff]
[    1.635540] pci 0000:00:05.0: reg 0x18: [io  0xc2b8-0xc2bb]
[    1.651545] pci 0000:00:05.0: reg 0x20: [mem 0x80000c000-0x80000ffff 64bit pref]
[    1.661393] pci 0000:00:06.0: [1af4:1001] type 00 class 0x010000
[    1.667539] pci 0000:00:06.0: reg 0x10: [io  0xc0c0-0xc0ff]
[    1.675539] pci 0000:00:06.0: reg 0x14: [mem 0xfebc3000-0xfebc3fff]
[    1.686277] pci 0000:00:06.0: reg 0x18: [io  0xc2bc-0xc2bf]
[    1.699539] pci 0000:00:06.0: reg 0x20: [mem 0x800010000-0x800013fff 64bit pref]
[    1.713325] pci 0000:00:07.0: [1af4:1001] type 00 class 0x010000
[    1.722097] pci 0000:00:07.0: reg 0x10: [io  0xc100-0xc13f]
[    1.729839] pci 0000:00:07.0: reg 0x14: [mem 0xfebc4000-0xfebc4fff]
[    1.737956] pci 0000:00:07.0: reg 0x18: [io  0xc2c0-0xc2c3]
[    1.753866] pci 0000:00:07.0: reg 0x20: [mem 0x800014000-0x800017fff 64bit pref]
[    1.766636] pci 0000:00:08.0: [1af4:1001] type 00 class 0x010000
[    1.773750] pci 0000:00:08.0: reg 0x10: [io  0xc140-0xc17f]
[    1.781924] pci 0000:00:08.0: reg 0x14: [mem 0xfebc5000-0xfebc5fff]
[    1.789799] pci 0000:00:08.0: reg 0x18: [io  0xc2c4-0xc2c7]
[    1.803539] pci 0000:00:08.0: reg 0x20: [mem 0x800018000-0x80001bfff 64bit pref]
[    1.815632] pci 0000:00:09.0: [1af4:1000] type 00 class 0x020000
[    1.825501] pci 0000:00:09.0: reg 0x10: [io  0xc220-0xc23f]
[    1.833752] pci 0000:00:09.0: reg 0x14: [mem 0xfebc6000-0xfebc6fff]
[    1.849777] pci 0000:00:09.0: reg 0x20: [mem 0x80001c000-0x80001ffff 64bit pref]
[    1.857663] pci 0000:00:09.0: reg 0x30: [mem 0xfeb80000-0xfebbffff pref]
[    1.865180] pci 0000:00:0a.0: [1af4:1003] type 00 class 0x078000
[    1.875328] pci 0000:00:0a.0: reg 0x10: [io  0xc180-0xc1bf]
[    1.881459] pci 0000:00:0a.0: reg 0x14: [mem 0xfebc7000-0xfebc7fff]
[    1.899539] pci 0000:00:0a.0: reg 0x20: [mem 0x800020000-0x800023fff 64bit pref]
[    1.912240] pci 0000:00:0b.0: [607d:f153] type 00 class 0x00ff00
[    1.921017] pci 0000:00:0b.0: reg 0x10: [mem 0xfebc8000-0xfebc8fff]
[    1.925653] pci 0000:00:0b.0: reg 0x14: [mem 0x400000000-0x7ffffffff 64bit]
[    1.943817] pci 0000:00:0c.0: [1af4:1003] type 00 class 0x078000
[    1.953560] pci 0000:00:0c.0: reg 0x10: [io  0xc1c0-0xc1ff]
[    1.961773] pci 0000:00:0c.0: reg 0x14: [mem 0xfebc9000-0xfebc9fff]
[    1.977698] pci 0000:00:0c.0: reg 0x20: [mem 0x800024000-0x800027fff 64bit pref]
[    1.987618] pci 0000:00:0d.0: [1af4:1005] type 00 class 0x00ff00
[    1.994147] pci 0000:00:0d.0: reg 0x10: [io  0xc240-0xc25f]
[    2.007543] pci 0000:00:0d.0: reg 0x20: [mem 0x800028000-0x80002bfff 64bit pref]
[    2.018692] pci 0000:00:0e.0: [1af4:1052] type 00 class 0x098000
[    2.026485] pci 0000:00:0e.0: reg 0x14: [mem 0xfebca000-0xfebcafff]
[    2.039539] pci 0000:00:0e.0: reg 0x20: [mem 0x80002c000-0x80002ffff 64bit pref]
[    2.048657] pci 0000:00:0f.0: [1af4:1052] type 00 class 0x098000
[    2.056765] pci 0000:00:0f.0: reg 0x14: [mem 0xfebcb000-0xfebcbfff]
[    2.067538] pci 0000:00:0f.0: reg 0x20: [mem 0x800030000-0x800033fff 64bit pref]
[    2.078438] pci 0000:00:10.0: [1af4:1052] type 00 class 0x098000
[    2.084916] pci 0000:00:10.0: reg 0x14: [mem 0xfebcc000-0xfebccfff]
[    2.097062] pci 0000:00:10.0: reg 0x20: [mem 0x800034000-0x800037fff 64bit pref]
[    2.104484] pci 0000:00:11.0: [1af4:1052] type 00 class 0x098000
[    2.115543] pci 0000:00:11.0: reg 0x14: [mem 0xfebcd000-0xfebcdfff]
[    2.129826] pci 0000:00:11.0: reg 0x20: [mem 0x800038000-0x80003bfff 64bit pref]
[    2.138177] pci 0000:00:12.0: [1af4:1052] type 00 class 0x098000
[    2.144817] pci 0000:00:12.0: reg 0x14: [mem 0xfebce000-0xfebcefff]
[    2.157039] pci 0000:00:12.0: reg 0x20: [mem 0x80003c000-0x80003ffff 64bit pref]
[    2.165145] pci 0000:00:13.0: [1af4:1052] type 00 class 0x098000
[    2.172962] pci 0000:00:13.0: reg 0x14: [mem 0xfebcf000-0xfebcffff]
[    2.184986] pci 0000:00:13.0: reg 0x20: [mem 0x800040000-0x800043fff 64bit pref]
[    2.192932] pci 0000:00:14.0: [1af4:1052] type 00 class 0x098000
[    2.203539] pci 0000:00:14.0: reg 0x14: [mem 0xfebd0000-0xfebd0fff]
[    2.218417] pci 0000:00:14.0: reg 0x20: [mem 0x800044000-0x800047fff 64bit pref]
[    2.227870] pci 0000:00:15.0: [1af4:1052] type 00 class 0x098000
[    2.239539] pci 0000:00:15.0: reg 0x14: [mem 0xfebd1000-0xfebd1fff]
[    2.250355] pci 0000:00:15.0: reg 0x20: [mem 0x800048000-0x80004bfff 64bit pref]
[    2.258496] pci 0000:00:16.0: [1af4:1052] type 00 class 0x098000
[    2.266247] pci 0000:00:16.0: reg 0x14: [mem 0xfebd2000-0xfebd2fff]
[    2.278546] pci 0000:00:16.0: reg 0x20: [mem 0x80004c000-0x80004ffff 64bit pref]
[    2.285153] pci 0000:00:17.0: [1af4:1052] type 00 class 0x098000
[    2.292482] pci 0000:00:17.0: reg 0x14: [mem 0xfebd3000-0xfebd3fff]
[    2.303538] pci 0000:00:17.0: reg 0x20: [mem 0x800050000-0x800053fff 64bit pref]
[    2.315807] pci 0000:00:18.0: [1af4:1052] type 00 class 0x098000
[    2.326232] pci 0000:00:18.0: reg 0x14: [mem 0xfebd4000-0xfebd4fff]
[    2.334851] pci 0000:00:18.0: reg 0x20: [mem 0x800054000-0x800057fff 64bit pref]
[    2.341457] pci 0000:00:19.0: [1af4:1052] type 00 class 0x090000
[    2.349712] pci 0000:00:19.0: reg 0x14: [mem 0xfebd5000-0xfebd5fff]
[    2.359539] pci 0000:00:19.0: reg 0x20: [mem 0x800058000-0x80005bfff 64bit pref]
[    2.370368] pci 0000:00:1a.0: [1af4:100a] type 00 class 0x020000
[    2.376853] pci 0000:00:1a.0: reg 0x10: [io  0xc260-0xc27f]
[    2.381532] pci 0000:00:1a.0: reg 0x14: [mem 0xfebd6000-0xfebd6fff]
[    2.404302] pci 0000:00:1b.0: [1af4:1012] type 00 class 0x078000
[    2.413077] pci 0000:00:1b.0: reg 0x10: [io  0xc280-0xc29f]
[    2.419540] pci 0000:00:1b.0: reg 0x14: [mem 0xfebd7000-0xfebd7fff]
[    2.437658] pci 0000:00:1b.0: reg 0x20: [mem 0x80005c000-0x80005ffff 64bit pref]
[    2.449972] ACPI: PCI: Interrupt link LNKA configured for IRQ 10
[    2.451752] ACPI: PCI: Interrupt link LNKB configured for IRQ 10
[    2.455750] ACPI: PCI: Interrupt link LNKC configured for IRQ 11
[    2.459750] ACPI: PCI: Interrupt link LNKD configured for IRQ 11
[    2.463701] ACPI: PCI: Interrupt link LNKS configured for IRQ 9
[    2.468477] iommu: Default domain type: Translated
[    2.471558] iommu: DMA domain TLB invalidation policy: lazy mode
[    2.475857] SCSI subsystem initialized
[    2.479706] ACPI: bus type USB registered
[    2.483634] usbcore: registered new interface driver usbfs
[    2.487630] usbcore: registered new interface driver hub
[    2.491580] usbcore: registered new device driver usb
[    2.495704] mc: Linux media interface: v0.10
[    2.499637] videodev: Linux video capture interface: v2.00
[    2.503742] EDAC MC: Ver: 3.0.0
[    2.509739] Advanced Linux Sound Architecture Driver Initialized.
[    2.516084] PCI: Using ACPI for IRQ routing
[    2.525402] vgaarb: loaded
[    2.527890] hpet: 3 channels of 0 reserved for per-cpu timers
[    2.531598] hpet0: at MMIO 0xfed00000, IRQs 2, 8, 0
[    2.535549] hpet0: 3 comparators, 64-bit 100.000000 MHz counter
[    5.508575] clocksource: Switched to clocksource hpet
[    5.520362] VFS: Disk quotas dquot_6.6.0
[    5.526805] VFS: Dquot-cache hash table entries: 512 (order 0, 4096 bytes)
[    5.537958] pnp: PnP ACPI init
[    5.543393] pnp: PnP ACPI: found 5 devices
[    5.550361] NET: Registered PF_INET protocol family
[    5.558531] IP idents hash table entries: 32768 (order: 6, 262144 bytes, linear)
[    5.571686] tcp_listen_portaddr_hash hash table entries: 1024 (order: 2, 16384 bytes, linear)
[    5.585574] Table-perturb hash table entries: 65536 (order: 6, 262144 bytes, linear)
[    5.597985] TCP established hash table entries: 16384 (order: 5, 131072 bytes, linear)
[    5.611538] TCP bind hash table entries: 16384 (order: 7, 524288 bytes, linear)
[    5.623606] TCP: Hash tables configured (established 16384 bind 16384)
[    5.634171] UDP hash table entries: 1024 (order: 3, 32768 bytes, linear)
[    5.645377] UDP-Lite hash table entries: 1024 (order: 3, 32768 bytes, linear)
[    5.656946] NET: Registered PF_UNIX/PF_LOCAL protocol family
[    5.665795] NET: Registered PF_XDP protocol family
[    5.673475] pci_bus 0000:00: resource 4 [io  0x0000-0x0cf7 window]
[    5.683352] pci_bus 0000:00: resource 5 [io  0x0d00-0xffff window]
[    5.692947] pci_bus 0000:00: resource 6 [mem 0x000a0000-0x000bffff window]
[    5.703927] pci_bus 0000:00: resource 7 [mem 0x80000000-0xfebfffff window]
[    5.714920] pci_bus 0000:00: resource 8 [mem 0x400000000-0x80005ffff window]
[    5.726185] pci 0000:00:01.0: PIIX3: Enabling Passive Release
[    5.735685] pci 0000:00:00.0: Limiting direct PCI/PCI transfers
[    5.745546] PCI: CLS 0 bytes, default 64
[    5.753292] kvm_intel: VMX not supported by CPU 1
[    5.753482] Trying to unpack rootfs image as initramfs...
[    5.761043] kvm_amd: CPU 1 isn't AMD or Hygon
[    5.771489] Initialise system trusted keyrings
[    5.785969] workingset: timestamp_bits=46 max_order=19 bucket_order=0
[    5.798637] fuse: init (API version 7.39)
[    5.819206] Freeing initrd memory: 1864K
[    5.834854] Key type asymmetric registered
[    5.842583] Asymmetric key parser 'x509' registered
[    5.850700] Block layer SCSI generic (bsg) driver version 0.4 loaded (major 240)
[    5.864011] io scheduler mq-deadline registered
[    5.871920] io scheduler kyber registered
[    5.878919] io scheduler bfq registered
[    5.886820] input: Power Button as /devices/LNXSYSTM:00/LNXPWRBN:00/input/input0
[    5.904632] ACPI: button: Power Button [PWRF]
[    5.912288] Serial: 8250/16550 driver, 1 ports, IRQ sharing disabled
[    5.923776] 00:04: ttyS0 at I/O 0x3f8 (irq = 4, base_baud = 115200) is a 16550A
[    5.937705] printk: console [ttynull0] enabled
[    5.945774] ACPI: bus type drm_connector registered
[    5.964137] brd: module loaded
[    5.979638] loop: module loaded
[    5.990467] wireguard: WireGuard 1.0.0 loaded. See www.wireguard.com for information.
[    6.005696] wireguard: Copyright (C) 2015-2019 Jason A. Donenfeld <Jason@zx2c4.com>. All Rights Reserved.
[    6.023465] tun: Universal TUN/TAP device driver, 1.6
[    6.034061] usbcore: registered new interface driver uas
[    6.044622] usbcore: registered new interface driver usb-storage
[    6.057325] i8042: PNP: PS/2 Controller [PNP0303:KBD,PNP0f13:MOU] at 0x60,0x64 irq 1,12
[    6.075073] serio: i8042 KBD port at 0x60,0x64 irq 1
[    6.085141] serio: i8042 AUX port at 0x60,0x64 irq 12
[    6.095071] usbcore: registered new interface driver xpad
[    6.106571] rtc_cmos 00:00: RTC can wake from S4
[    6.116588] input: AT Translated Set 2 keyboard as /devices/platform/i8042/serio0/input/input1
[    6.128287] rtc_cmos 00:00: registered as rtc0
[    6.143123] rtc_cmos 00:00: setting system clock to 2026-08-12T15:13:01 UTC (1786547581)
[    6.159067] rtc_cmos 00:00: alarms up to one day, y3k, 114 bytes nvram, hpet irqs
[    6.173627] gspca_main: v2.14.0 registered
[    6.181563] usbcore: registered new interface driver uvcvideo
[    6.192666] device-mapper: uevent: version 1.0.3
[    6.201976] device-mapper: ioctl: 4.48.0-ioctl (2023-03-01) initialised: dm-devel@redhat.com
[    6.220066] intel_pstate: CPU model not supported
[    6.229402] sdhci: Secure Digital Host Controller Interface driver
[    6.241743] sdhci: Copyright(c) Pierre Ossman
[    6.250410] sdhci-pltfm: SDHCI platform and OF driver helper
[    6.261795] hid: raw HID events driver (C) Jiri Kosina
[    6.272802] usbcore: registered new interface driver usbhid
[    6.283423] usbhid: USB HID core driver
[    6.291511] ashmem: initialized
[    6.298181] gnss: GNSS driver registered with major 507
[    6.322325] usbcore: registered new interface driver snd-usb-audio
[    6.338904] GACT probability NOT on
[    6.347993] Mirror/redirect action on
[    6.356647] netem: version 1.3
[    6.364644] u32 classifier
[    6.371052]     input device check on
[    6.378342]     Actions configured
[    6.446247] xt_time: kernel timezone is -0000
[    6.455582] ipip: IPv4 and MPLS over IPv4 tunneling driver
[    6.468282] gre: GRE over IPv4 demultiplexor driver
[    6.479078] ip_gre: GRE over IPv4 tunneling driver
[    6.490837] IPv4 over IPsec tunneling driver
[    6.500788] Initializing XFRM netlink socket
[    6.511355] IPsec XFRM device driver
[    6.519371] NET: Registered PF_INET6 protocol family
[    6.533874] Segment Routing with IPv6
[    6.542187] In-situ OAM (IOAM) with IPv6
[    6.552079] mip6: Mobile IPv6
[    6.559624] sit: IPv6, IPv4 and MPLS over IPv4 tunneling driver
[    6.574720] ip6_gre: GRE over IPv6 tunneling driver
[    6.589033] NET: Registered PF_PACKET protocol family
[    6.599996] NET: Registered PF_KEY protocol family
[    6.610953] NET: Registered PF_VSOCK protocol family
[    6.622638] IPI shorthand broadcast: enabled
[    6.632596] SSE version of gcm_enc/dec engaged.
[    6.646365] registered taskstats version 1
[    6.655531] Loading compiled-in X.509 certificates
[    6.667339] Loaded X.509 cert 'Build time autogenerated kernel key: 0c8d8a8dc298c7fc48c2ab5de0e2e4c983d1db0c'
[    6.696112] page_owner is disabled
[    6.703888] Key type .fscrypt registered
[    6.712218] Key type fscrypt-provisioning registered
[    6.724239] Unstable clock detected, switching default tracing clock to "global"
[    6.724239] If you want to keep using the local clock, then add:
[    6.724239]   "trace_clock=local"
[    6.724239] on the kernel command line
[    6.768919] ALSA device list:
[    6.775666]   No soundcards found.
[    6.788495] Freeing unused kernel image (initmem) memory: 2968K
[    6.800507] Write protecting the kernel read-only data: 36864k
[    6.813006] Freeing unused kernel image (rodata/data gap) memory: 312K
[    6.826594] Run /init as init process
[    7.872328] random: crng init done
[    7.883927] init: init first stage started!
[    7.893454] init: Loading module /lib/modules/virtio_dma_buf.ko with args ''
[    7.909415] init: Loaded kernel module /lib/modules/virtio_dma_buf.ko
[    7.922958] init: Loading module /lib/modules/virtio-rng.ko with args ''
[    7.938396] init: Loaded kernel module /lib/modules/virtio-rng.ko
[    7.951220] init: Loading module /lib/modules/virtio_blk.ko with args ''
[    7.965955] init: Loaded kernel module /lib/modules/virtio_blk.ko
[    7.978731] init: Loading module /lib/modules/virtio_console.ko with args ''
[    7.995256] init: Loaded kernel module /lib/modules/virtio_console.ko
[    8.008270] init: Loading module /lib/modules/virtio_pci_modern_dev.ko with args ''
[    8.024694] init: Loaded kernel module /lib/modules/virtio_pci_modern_dev.ko
[    8.039059] init: Loading module /lib/modules/virtio_pci_legacy_dev.ko with args ''
[    8.055738] init: Loaded kernel module /lib/modules/virtio_pci_legacy_dev.ko
[    8.070442] init: Loading module /lib/modules/virtio_pci.ko with args ''
[    8.107209] ACPI: \_SB_.LNKB: Enabled at IRQ 10
[    8.141206] ACPI: \_SB_.LNKC: Enabled at IRQ 11
[    8.153231] virtio_blk virtio1: 1/0/0 default/read/poll queues
[    8.167757] virtio_blk virtio1: [vda] 4556800 512-byte logical blocks (2.33 GB/2.17 GiB)
[    8.194477]  vda: vda1 vda2
[    8.221314] ACPI: \_SB_.LNKD: Enabled at IRQ 11
[    8.232796] virtio_blk virtio2: 1/0/0 default/read/poll queues
[    8.245349] virtio_blk virtio2: [vdb] 135168 512-byte logical blocks (69.2 MB/66.0 MiB)
[    8.283446] ACPI: \_SB_.LNKA: Enabled at IRQ 10
[    8.296189] virtio_blk virtio3: 1/0/0 default/read/poll queues
[    8.310028] virtio_blk virtio3: [vdc] 12582912 512-byte logical blocks (6.44 GB/6.00 GiB)
[    8.357303] virtio_blk virtio4: 1/0/0 default/read/poll queues
[    8.374795] virtio_blk virtio4: [vdd] 36864 512-byte logical blocks (18.9 MB/18.0 MiB)
[    8.402842]  vdd: vdd1
[    8.433050] virtio_blk virtio5: 1/0/0 default/read/poll queues
[    8.446258] virtio_blk virtio5: [vde] 110592 512-byte logical blocks (56.6 MB/54.0 MiB)
[    8.466412]  vde: vde1
[    8.497512] virtio_blk virtio6: 1/0/0 default/read/poll queues
[    8.511279] virtio_blk virtio6: [vdf] 1048576 512-byte logical blocks (537 MB/512 MiB)
[    8.529730]  vdf:
[    9.307218] virtio-pci 0000:00:1a.0: virtio_pci: leaving for legacy driver
[    9.351439] init: Loaded kernel module /lib/modules/virtio_pci.ko
[    9.364531] init: Loading module /lib/modules/vmw_vsock_virtio_transport.ko with args ''
[    9.388620] init: Loaded kernel module /lib/modules/vmw_vsock_virtio_transport.ko
[    9.405043] init: Loaded 8 modules from /lib/modules
[    9.415678] init: Loaded 8 kernel modules took 1522 ms
[    9.425976] init: [libfstab] Using Android DT directory /proc/device-tree/firmware/android/
[    9.443076] init: [libfstab] ReadFstabFromDt(): failed to read fstab from dt
[    9.469154] init: [libfs_mgr] superblock s_max_mnt_count:65535,/dev/block/pci/pci0000:00/0000:00:06.0/by-name/metadata
[    9.491962] init: [libfs_mgr] Filesystem on /dev/block/pci/pci0000:00/0000:00:06.0/by-name/metadata was not cleanly shutdown; state flags: 0x3, incompat feature flags: 0x46
[    9.527269] EXT4-fs (vdd1): warning: mounting fs with errors, running e2fsck is recommended
[    9.548131] EXT4-fs (vdd1): recovery complete
[    9.557174] EXT4-fs (vdd1): mounted filesystem b08db4c1-cfe5-46f0-b32a-f06729e6a3f2 r/w with ordered data mode. Quota mode: none.
[    9.581859] init: [libfs_mgr] check_fs(): mount(/dev/block/pci/pci0000:00/0000:00:06.0/by-name/metadata,/metadata,ext4)=0: Success
[    9.605872] EXT4-fs (vdd1): unmounting filesystem b08db4c1-cfe5-46f0-b32a-f06729e6a3f2.
[    9.624564] init: [libfs_mgr] umount_retry(): unmount(/metadata) succeeded
[    9.639013] init: [libfs_mgr] Not running /system/bin/e2fsck on /dev/block/vdd1 (executable not in system image)
[    9.664709] EXT4-fs (vdd1): warning: mounting fs with errors, running e2fsck is recommended
[    9.683188] EXT4-fs (vdd1): mounted filesystem b08db4c1-cfe5-46f0-b32a-f06729e6a3f2 r/w with ordered data mode. Quota mode: none.
[    9.706697] init: [libfs_mgr] __mount(source=/dev/block/pci/pci0000:00/0000:00:06.0/by-name/metadata,target=/metadata,type=ext4)=0: Success
[    9.733784] init: Failed to copy /avb into /metadata/gsi/dsu/avb/: No such file or directory
[    9.754775] init: [libfs_mgr] Created logical partition system on device /dev/block/dm-0
[    9.771650] init: [libfs_mgr] Created logical partition vendor on device /dev/block/dm-1
[    9.788089] init: [libfs_mgr] Created logical partition system_ext on device /dev/block/dm-2
[    9.805291] init: [libfs_mgr] Created logical partition product on device /dev/block/dm-3
[    9.822671] init: [libfs_mgr] Created logical partition system_dlkm on device /dev/block/dm-4
[    9.839295] init: DSU not detected, proceeding with normal boot
[   10.865950] init: [libfs_avb] Device path not found: /dev/block/by-name/system
[   11.897143] init: [libfs_avb] Device path not found: /dev/block/by-name/system
[   11.934685] init: [libfs_avb] Returning avb_handle with status: Success
[   11.946284] init: [libfs_avb] Built verity table: '1 /dev/block/dm-0 /dev/block/dm-0 4096 4096 143505 143505 sha256 955fe504bcb087e1eb42df44110806074669d8ae54c32f2161819c8b9cc50ac7 bcfb43ed63e27501b7bad7a1a123331c99643d3164db105dfbe292c5eccb1b1a 10 use_fec_from_device /dev/block/dm-0 fec_roots 2 fec_blocks 144637 fec_start 144637 restart_on_corruption ignore_zero_blocks'
[   11.992640] device-mapper: verity: sha256 using shash "sha256-ssse3"
[   12.005086] erofs: (device dm-5): mounted with root inode @ nid 57.
[   12.014569] init: [libfs_mgr] __mount(source=/dev/block/dm-5,target=/system,type=erofs)=0: Success
[   12.026675] init: Switching root to '/system'
[   12.034056] erofs: (device dm-1): mounted with root inode @ nid 47.
[   12.042016] init: [libfs_mgr] __mount(source=/dev/block/dm-1,target=/vendor,type=erofs)=0: Success
[   12.053597] erofs: (device dm-3): mounted with root inode @ nid 41.
[   12.061445] init: [libfs_mgr] __mount(source=/dev/block/dm-3,target=/product,type=erofs)=0: Success
[   12.072944] erofs: (device dm-4): mounted with root inode @ nid 38.
[   12.080968] init: [libfs_mgr] __mount(source=/dev/block/dm-4,target=/system_dlkm,type=erofs)=0: Success
[   12.093977] erofs: (device dm-2): mounted with root inode @ nid 40.
[   12.103755] init: [libfs_mgr] __mount(source=/dev/block/dm-2,target=/system_ext,type=erofs)=0: Success
[   12.119022] init: Skipped setting INIT_AVB_VERSION (not in recovery mode)
[   12.219223] init: [libfstab] Using Android DT directory /proc/device-tree/firmware/android/
[   12.235341] init: Opening SELinux policy
[   12.249752] init: Loading SELinux policy
[   12.263205] SELinux:  policy capability network_peer_controls=1
[   12.270565] SELinux:  policy capability open_perms=1
[   12.278667] SELinux:  policy capability extended_socket_class=1
[   12.285832] SELinux:  policy capability always_check_network=0
[   12.292701] SELinux:  policy capability cgroup_seclabel=0
[   12.299012] SELinux:  policy capability nnp_nosuid_transition=1
[   12.306105] SELinux:  policy capability genfs_seclabel_symlinks=0
[   12.313926] SELinux:  policy capability ioctl_skip_cloexec=0
[   12.326006] audit: type=1403 audit(1786547587.680:2): auid=4294967295 ses=4294967295 lsm=selinux res=1
[   12.339164] audit: type=1404 audit(1786547587.680:3): enforcing=1 old_enforcing=0 auid=4294967295 ses=4294967295 enabled=1 old-enabled=1 lsm=selinux res=1
[   12.360360] selinux: SELinux: Loaded file context from:
[   12.367634] selinux: 		/system/etc/selinux/plat_file_contexts
[   12.375484] selinux: 		/system_ext/etc/selinux/system_ext_file_contexts
[   12.383865] selinux: 		/product/etc/selinux/product_file_contexts
[   12.391556] selinux: 		/vendor/etc/selinux/vendor_file_contexts
[   12.399475] selinux: 		/odm/etc/selinux/odm_file_contexts
[   12.416026] init: init second stage started!
[   12.434328] selinux: SELinux: Loaded file context from:
[   12.442662] selinux: 		/system/etc/selinux/plat_file_contexts
[   12.450115] selinux: 		/system_ext/etc/selinux/system_ext_file_contexts
[   12.458795] selinux: 		/product/etc/selinux/product_file_contexts
[   12.466454] selinux: 		/vendor/etc/selinux/vendor_file_contexts
[   12.474548] selinux: 		/odm/etc/selinux/odm_file_contexts
[   12.496095] init: [libfstab] Using Android DT directory /proc/device-tree/firmware/android/
[   12.508261] init: Overriding previous property 'ro.cp_system_other_odex':'1' with new value '0'
[   12.519552] init: Overriding previous property 'ro.control_privapp_permissions':'disable' with new value 'enforce'
[   12.536480] init: Overriding previous property 'ro.config.notification_sound':'OnTheHunt.ogg' with new value 'pixiedust.ogg'
[   12.551565] init: Setting product property ro.product.brand to 'google' (from ro.product.product.brand)
[   12.563643] init: Setting product property ro.product.device to 'emu64xa' (from ro.product.product.device)
[   12.577392] init: Setting product property ro.product.manufacturer to 'Google' (from ro.product.product.manufacturer)
[   12.591279] init: Setting product property ro.product.model to 'sdk_gphone64_x86_64' (from ro.product.product.model)
[   12.605226] init: Setting product property ro.product.name to 'sdk_gphone64_x86_64' (from ro.product.product.name)
[   12.618738] init: Setting property 'ro.build.fingerprint' to 'google/sdk_gphone64_x86_64/emu64xa:16/BE2A.250530.026.D1/13818094:user/release-keys'
[   12.635190] init: Setting property 'ro.product.cpu.abilist' to 'x86_64,arm64-v8a'
[   12.644930] init: Setting property 'ro.product.cpu.abilist32' to ''
[   12.652622] init: Setting property 'ro.product.cpu.abilist64' to 'x86_64,arm64-v8a'
[   12.662896] init: Running restorecon...
[   12.673663] init: Created socket '/dev/socket/property_service_for_system', mode 660, user 0, group 1000
[   12.686324] init: Created socket '/dev/socket/property_service', mode 666, user 0, group 0
[   12.699746] init: [libfs_mgr] vendor overlay: vndk version not defined
[   12.709535] init: SetupMountNamespaces done
[   12.716577] init: Forked subcontext for 'u:r:vendor_init:s0' with pid 94
[   12.726618] init: Parsing file /system/etc/init/hw/init.rc...
[   12.734754] init: Added '/init.environ.rc' to import list
[   12.741382] init: Added '/system/etc/init/hw/init.usb.rc' to import list
[   12.750171] init: Added '/init.ranchu.rc' to import list
[   12.756674] init: Added '/vendor/etc/init/hw/init.ranchu.rc' to import list
[   12.765320] init: Added '/system/etc/init/hw/init.usb.configfs.rc' to import list
[   12.774381] init: Added '/system/etc/init/hw/init.zygote64.rc' to import list
[   12.783426] init: Added '/system/etc/init/hw/init.boringssl.zygote64.rc' to import list
[   12.793689] init: Parsing file /init.environ.rc...
[   12.799856] init: Parsing file /system/etc/init/hw/init.usb.rc...
[   12.808059] init: Parsing file /init.ranchu.rc...
[   12.813979] init: Unable to read config file '/init.ranchu.rc': open() failed: No such file or directory
[   12.826085] init: Parsing file /vendor/etc/init/hw/init.ranchu.rc...
[   12.834440] init: Parsing file /system/etc/init/hw/init.usb.configfs.rc...
[   12.843873] init: Parsing file /system/etc/init/hw/init.zygote64.rc...
[   12.852485] init: Parsing file /system/etc/init/hw/init.boringssl.zygote64.rc...
[   12.862050] init: Parsing directory /system/etc/init...
[   12.868666] init: Parsing file /system/etc/init/aconfigd.rc...
[   12.877016] init: Parsing file /system/etc/init/android.system.suspend-service.rc...
[   12.886429] init: Parsing file /system/etc/init/apexd.rc...
[   12.893818] init: Parsing file /system/etc/init/atrace.rc...
[   12.901146] init: Parsing file /system/etc/init/audioserver.rc...
[   12.909262] init: Parsing file /system/etc/init/blank_screen.rc...
[   12.917559] init: Parsing file /system/etc/init/bootanim.rc...
[   12.924798] init: Parsing file /system/etc/init/bootstat.rc...
[   12.932330] init: Parsing file /system/etc/init/cameraserver.rc...
[   12.940416] init: Parsing file /system/etc/init/cppreopts.rc...
[   12.947725] init: Parsing file /system/etc/init/credstore.rc...
[   12.955052] init: Parsing file /system/etc/init/dmesgd.rc...
[   12.962380] init: Parsing file /system/etc/init/drmserver.rc...
[   12.969827] init: Parsing file /system/etc/init/dumpstate.rc...
[   12.977442] init: Parsing file /system/etc/init/flags_health_check.rc...
[   12.986304] init: Parsing file /system/etc/init/gatekeeperd.rc...
[   12.994135] init: Parsing file /system/etc/init/gpuservice.rc...
[   13.001675] init: Parsing file /system/etc/init/gsid.rc...
[   13.008826] init: Parsing file /system/etc/init/heapprofd.rc...
[   13.016485] init: Parsing file /system/etc/init/idmap2d.rc...
[   13.024317] init: Parsing file /system/etc/init/incidentd.rc...
[   13.031836] init: Parsing file /system/etc/init/init-mmd-prop.rc...
[   13.040075] init: Parsing file /system/etc/init/installd.rc...
[   13.048020] init: Parsing file /system/etc/init/kcmdlinectrl.rc...
[   13.055786] init: Parsing file /system/etc/init/keystore2.rc...
[   13.063505] init: Parsing file /system/etc/init/llkd.rc...
[   13.070451] init: Parsing file /system/etc/init/lmkd.rc...
[   13.078162] init: Parsing file /system/etc/init/logd.rc...
[   13.085192] init: Parsing file /system/etc/init/lpdumpd.rc...
[   13.092914] init: Parsing file /system/etc/init/mdnsd.rc...
[   13.100212] init: Parsing file /system/etc/init/mediaextractor.rc...
[   13.109105] init: Parsing file /system/etc/init/mediametrics.rc...
[   13.117395] init: Parsing file /system/etc/init/mediaserver.rc...
[   13.125646] init: Parsing file /system/etc/init/misctrl.rc...
[   13.133253] init: Parsing file /system/etc/init/mtectrl.rc...
[   13.140794] init: Parsing file /system/etc/init/ndk_translation.rc...
[   13.149410] init: Parsing file /system/etc/init/netbpfload.rc...
[   13.157910] init: Parsing file /system/etc/init/netd.rc...
[   13.165402] init: Parsing file /system/etc/init/odsign.rc...
[   13.172838] init: Parsing file /system/etc/init/otapreopt.rc...
[   13.180627] init: Parsing file /system/etc/init/perfetto.rc...
[   13.188810] init: Parsing file /system/etc/init/prefetch.rc...
[   13.197087] init: Parsing file /system/etc/init/prng_seeder.rc...
[   13.205346] init: Parsing file /system/etc/init/recovery-persist.rc...
[   13.214493] init: Parsing file /system/etc/init/recovery-refresh.rc...
[   13.223286] init: Parsing file /system/etc/init/rss_hwm_reset.rc...
[   13.231730] init: Parsing file /system/etc/init/servicemanager.rc...
[   13.240639] init: Parsing file /system/etc/init/simpleperf.rc...
[   13.248946] init: Parsing file /system/etc/init/snapuserd.rc...
[   13.257468] init: Parsing file /system/etc/init/storaged.rc...
[   13.265591] init: Parsing file /system/etc/init/surfaceflinger.rc...
[   13.274251] init: Parsing file /system/etc/init/tombstoned.rc...
[   13.282327] init: Parsing file /system/etc/init/traced_perf.rc...
[   13.291094] init: Parsing file /system/etc/init/tradeinmode.rc...
[   13.299449] init: Parsing file /system/etc/init/uncrypt.rc...
[   13.308018] init: Parsing file /system/etc/init/update_engine.rc...
[   13.316557] init: Parsing file /system/etc/init/update_verifier.rc...
[   13.325493] init: Parsing file /system/etc/init/usbd.rc...
[   13.333111] init: Parsing file /system/etc/init/virtual_camera.hal.rc...
[   13.342680] init: Parsing file /system/etc/init/vold.rc...
[   13.350663] init: Parsing file /system/etc/init/wifi.rc...
[   13.358595] init: Parsing file /system/etc/init/wificond.rc...
[   13.366887] init: Parsing directory /system_ext/etc/init...
[   13.374547] init: Parsing file /system_ext/etc/init/android.hidl.allocator@1.0-service.rc...
[   13.386512] init: Parsing file /system_ext/etc/init/hwservicemanager.rc...
[   13.396137] init: Parsing file /system_ext/etc/init/init.system_ext.radio.rc...
[   13.406138] init: Parsing file /system_ext/etc/init/init.system_ext.rc...
[   13.416315] init: Parsing directory /vendor/etc/init...
[   13.423813] init: Parsing file /vendor/etc/init/android.hardware.audio.service.rc...
[   13.434748] init: Parsing file /vendor/etc/init/android.hardware.biometrics.fingerprint-service.ranchu.rc...
[   13.448596] init: Parsing file /vendor/etc/init/android.hardware.camera.provider.ranchu.rc...
[   13.461231] init: Parsing file /vendor/etc/init/android.hardware.camera.provider@2.7-service-google.rc...
[   13.474868] init: Parsing file /vendor/etc/init/android.hardware.drm-service-lazy.clearkey.rc...
[   13.487367] init: Parsing file /vendor/etc/init/android.hardware.gnss-service.ranchu.rc...
[   13.498961] init: Parsing file /vendor/etc/init/android.hardware.graphics.allocator-service.ranchu.rc...
[   13.512698] init: Parsing file /vendor/etc/init/android.hardware.health-service.example.rc...
[   13.524979] init: Parsing file /vendor/etc/init/android.hardware.media.c2@1.0-service-goldfish.rc...
[   13.538041] init: Parsing file /vendor/etc/init/android.hardware.radio.ranchu.rc...
[   13.548995] init: Parsing file /vendor/etc/init/android.hardware.security.keymint-service.rc...
[   13.561569] init: Parsing file /vendor/etc/init/android.hardware.sensors-service-multihal.rc...
[   13.573985] init: Parsing file /vendor/etc/init/android.hardware.usb-service.example.rc...
[   13.585795] init: Parsing file /vendor/etc/init/android.hardware.wifi-service.rc...
[   13.596903] init: Parsing file /vendor/etc/init/bluetooth-service-default.rc...
[   13.607682] init: Parsing file /vendor/etc/init/boringssl_self_test.rc...
[   13.617460] init: Added '/vendor/etc/boringssl_self_test.zygote64.rc' to import list
[   13.629022] init: Parsing file /vendor/etc/boringssl_self_test.zygote64.rc...
[   13.639360] init: Parsing file /vendor/etc/init/health-storage-default.rc...
[   13.649673] init: Parsing file /vendor/etc/init/hostapd.android.rc...
[   13.659385] init: Parsing file /vendor/etc/init/hwc3.rc...
[   13.667428] init: Parsing file /vendor/etc/init/identity-default.rc...
[   13.677180] init: Parsing file /vendor/etc/init/lights-default.rc...
[   13.686358] init: Parsing file /odm/etc/init...
[   13.693179] init: Unable to read config file '/odm/etc/init': open() failed: No such file or directory
[   13.707183] init: Parsing file /product/etc/init...
[   13.714526] init: Unable to read config file '/product/etc/init': open() failed: No such file or directory
[   13.729662] init: processing action (SetupCgroups) from (<Builtin Action>:0)
[   13.742096] libprocessgroup: Using system/app isolation under: /sys/fs/cgroup
[   13.766741] init: processing action (SetKptrRestrict) from (<Builtin Action>:0)
[   13.778539] init: processing action (TestPerfEventSelinux) from (<Builtin Action>:0)
[   13.790700] init: processing action (early-init) from (/system/etc/init/hw/init.rc:15)
[   13.805823] init: starting service 'ueventd'...
[   13.817982] libprocessgroup: A JoinCgroup action in the SystemMemoryProcess profile is used for controller memory in the cgroup v2 hierarchy and will be ignored
[   13.840778] init: ... started service 'ueventd' has pid 95
[   13.850109] init: starting service 'apexd-bootstrap'...
[   13.856720] ueventd: ueventd started!
[   13.866300] init: ... started service 'apexd-bootstrap' has pid 97
[   13.867010] selinux: SELinux: Loaded file context from:
[   13.876268] init: SVC_EXEC service 'apexd-bootstrap' pid 97 (uid 0 gid 1000+0 context default) started; waiting...
[   13.884642] selinux: 		/system/etc/selinux/plat_file_contexts
[   13.901151] init: Command 'exec_start apexd-bootstrap' action=early-init (/system/etc/init/hw/init.rc:81) took 51ms and succeeded
[   13.910508] selinux: 		/system_ext/etc/selinux/system_ext_file_contexts
[   13.943215] selinux: 		/product/etc/selinux/product_file_contexts
[   13.953698] selinux: 		/vendor/etc/selinux/vendor_file_contexts
[   13.964134] selinux: 		/odm/etc/selinux/odm_file_contexts
[   13.974150] ueventd: Parsing file /system/etc/ueventd.rc...
[   13.983665] ueventd: Added '/vendor/etc/ueventd.rc' to import list
[   13.994265] ueventd: Added '/odm/etc/ueventd.rc' to import list
[   14.004407] ueventd: Parsing file /vendor/etc/ueventd.rc...
[   14.013690] ueventd: Parsing file /odm/etc/ueventd.rc...
[   14.022556] ueventd: Unable to read config file '/odm/etc/ueventd.rc': open() failed: No such file or directory
[   14.038270] apexd: Started. subcommand = --bootstrap
[   14.048490] apexd-bootstrap: Scanning /odm/apex for pre-installed ApexFiles
[   14.059944] apexd-bootstrap: /odm/apex does not exist. Skipping
[   14.069776] apexd-bootstrap: Scanning /vendor/apex for pre-installed ApexFiles
[   14.081723] apexd-bootstrap: Found pre-installed APEX /vendor/apex/com.android.hardware.authsecret.apex
[   14.097320] apexd-bootstrap: Found pre-installed APEX /vendor/apex/com.android.hardware.cas.apex
[   14.112231] apexd-bootstrap: Found pre-installed APEX /vendor/apex/com.android.hardware.contexthub.apex
[   14.128316] apexd-bootstrap: Found pre-installed APEX /vendor/apex/com.android.hardware.dumpstate.apex
[   14.141943] ueventd: Coldboot took 0.102 seconds
[   14.144864] apexd-bootstrap: Found pre-installed APEX /vendor/apex/com.android.hardware.gatekeeper.nonsecure.apex
[   14.170352] apexd-bootstrap: Found pre-installed APEX /vendor/apex/com.android.hardware.neuralnetworks.apex
[   14.186598] apexd-bootstrap: Found pre-installed APEX /vendor/apex/com.android.hardware.power.apex
[   14.201713] apexd-bootstrap: Found pre-installed APEX /vendor/apex/com.android.hardware.rebootescrow.apex
[   14.217525] apexd-bootstrap: Found pre-installed APEX /vendor/apex/com.android.hardware.thermal.apex
[   14.232807] apexd-bootstrap: Found pre-installed APEX /vendor/apex/com.android.hardware.threadnetwork-simulation-rcp.apex
[   14.251219] apexd-bootstrap: Found pre-installed APEX /vendor/apex/com.android.hardware.uwb.apex
[   14.266155] apexd-bootstrap: Found pre-installed APEX /vendor/apex/com.android.hardware.vibrator.apex
[   14.281769] apexd-bootstrap: Found pre-installed APEX /vendor/apex/com.google.android.widevine-13130248.apex
[   14.298621] apexd-bootstrap: Scanning /product/apex for pre-installed ApexFiles
[   14.311374] apexd-bootstrap: /product/apex does not exist. Skipping
[   14.321794] apexd-bootstrap: Scanning /system_ext/apex for pre-installed ApexFiles
[   14.334647] apexd-bootstrap: Found pre-installed APEX /system_ext/apex/com.android.compos.apex
[   14.349387] apexd-bootstrap: Scanning /system/apex for pre-installed ApexFiles
[   14.361677] apexd-bootstrap: Found pre-installed APEX /system/apex/com.android.apex.cts.shim.apex
[   14.376475] apexd-bootstrap: Found pre-installed APEX /system/apex/com.android.devicelock.apex
[   14.391348] apexd-bootstrap: Found pre-installed APEX /system/apex/com.android.i18n.apex
[   14.404911] apexd-bootstrap: Found pre-installed APEX /system/apex/com.android.runtime.apex
[   14.418678] apexd-bootstrap: Found pre-installed APEX /system/apex/com.android.virt.apex
[   14.432555] apexd-bootstrap: Found pre-installed APEX /system/apex/com.google.android.adbd.apex
[   14.447675] apexd-bootstrap: Found pre-installed APEX /system/apex/com.google.android.adservices.apex
[   14.463162] apexd-bootstrap: Found pre-installed APEX /system/apex/com.google.android.appsearch.apex
[   14.478595] apexd-bootstrap: Found pre-installed APEX /system/apex/com.google.android.art.apex
[   14.492817] apexd-bootstrap: Found pre-installed APEX /system/apex/com.google.android.bt.apex
[   14.506799] apexd-bootstrap: Found pre-installed APEX /system/apex/com.google.android.cellbroadcast.apex
[   14.522238] apexd-bootstrap: Found pre-installed APEX /system/apex/com.google.android.configinfrastructure.apex
[   14.538821] apexd-bootstrap: Found pre-installed APEX /system/apex/com.google.android.conscrypt.apex
[   14.553984] apexd-bootstrap: Found pre-installed APEX /system/apex/com.google.android.crashrecovery.apex
[   14.569474] apexd-bootstrap: Found pre-installed APEX /system/apex/com.google.android.extservices.apex
[   14.584634] apexd-bootstrap: Found pre-installed APEX /system/apex/com.google.android.healthfitness.apex
[   14.600531] apexd-bootstrap: Found pre-installed APEX /system/apex/com.google.android.ipsec.apex
[   14.615342] apexd-bootstrap: Found pre-installed APEX /system/apex/com.google.android.media.apex
[   14.629583] apexd-bootstrap: Found pre-installed APEX /system/apex/com.google.android.media.swcodec.apex
[   14.645300] apexd-bootstrap: Found pre-installed APEX /system/apex/com.google.android.mediaprovider.apex
[   14.660746] apexd-bootstrap: Found pre-installed APEX /system/apex/com.google.android.neuralnetworks.apex
[   14.676267] apexd-bootstrap: Found pre-installed APEX /system/apex/com.google.android.nfcservices.apex
[   14.691393] apexd-bootstrap: Found pre-installed APEX /system/apex/com.google.android.ondevicepersonalization.apex
[   14.708397] apexd-bootstrap: Found pre-installed APEX /system/apex/com.google.android.os.statsd.apex
[   14.723635] apexd-bootstrap: Found pre-installed APEX /system/apex/com.google.android.permission.apex
[   14.738904] apexd-bootstrap: Found pre-installed APEX /system/apex/com.google.android.profiling.apex
[   14.754014] apexd-bootstrap: Found pre-installed APEX /system/apex/com.google.android.resolv.apex
[   14.768620] apexd-bootstrap: Found pre-installed APEX /system/apex/com.google.android.rkpd.apex
[   14.783130] apexd-bootstrap: Found pre-installed APEX /system/apex/com.google.android.scheduling.apex
[   14.797849] apexd-bootstrap: Found pre-installed APEX /system/apex/com.google.android.sdkext.apex
[   14.812118] apexd-bootstrap: Found pre-installed APEX /system/apex/com.google.android.tethering.apex
[   14.827155] apexd-bootstrap: Found pre-installed APEX /system/apex/com.google.android.tzdata6.apex
[   14.841872] apexd-bootstrap: Found pre-installed APEX /system/apex/com.google.android.uprobestats.apex
[   14.857026] apexd-bootstrap: Found pre-installed APEX /system/apex/com.google.android.uwb.apex
[   14.870917] apexd-bootstrap: Found pre-installed APEX /system/apex/com.google.android.wifi.apex
[   14.932260] apexd-bootstrap: Found bootstrap APEX /system/apex/com.android.runtime.apex
[   14.947615] apexd-bootstrap: Found bootstrap APEX /system/apex/com.google.android.tzdata6.apex
[   14.962882] apexd-bootstrap: Found bootstrap APEX /vendor/apex/com.android.hardware.gatekeeper.nonsecure.apex
[   14.979986] apexd-bootstrap: Found bootstrap APEX /system/apex/com.android.virt.apex
[   14.994343] apexd-bootstrap: Found bootstrap APEX /system/apex/com.android.i18n.apex
[   15.008090] apexd-bootstrap: Need to pre-allocate 54 loop devices
[   15.051469] apexd-bootstrap: Found 16 idle loopback devices that were pre-allocated by kernel. Allocated 38 more.
[   15.118004] apexd-bootstrap: Fallback to buffered I/O for /system/apex/com.android.runtime.apex
[   15.135618] loop0: detected capacity change from 0 to 9808
[   15.146370] apexd-bootstrap: Fallback to buffered I/O for /system/apex/com.google.android.tzdata6.apex
[   15.164242] loop1: detected capacity change from 0 to 1672
[   15.173209] EXT4-fs (loop0): mounted filesystem 7d1522e1-9dfa-5edb-a43e-98e3a4d20250 ro without journal. Quota mode: none.
[   15.177202] apexd-bootstrap: Fallback to buffered I/O for /vendor/apex/com.android.hardware.gatekeeper.nonsecure.apex
[   15.195958] apexd-bootstrap: Successfully mounted package /system/apex/com.android.runtime.apex on /apex/com.android.runtime@1 duration=78
[   15.206228] EXT4-fs (loop1): mounted filesystem 7d1522e1-9dfa-5edb-a43e-98e3a4d20250 ro without journal. Quota mode: none.
[   15.206478] apexd-bootstrap: Successfully mounted package /system/apex/com.google.android.tzdata6.apex on /apex/com.android.tzdata@360527520 duration=89
[   15.216174] loop2: detected capacity change from 0 to 8800
[   15.298828] apexd-bootstrap: Fallback to buffered I/O for /system/apex/com.android.virt.apex
[   15.306847] EXT4-fs (loop2): mounted filesystem 7d1522e1-9dfa-5edb-a43e-98e3a4d20250 ro without journal. Quota mode: none.
[   15.317242] loop3: detected capacity change from 0 to 174464
[   15.338700] apexd-bootstrap: Successfully mounted package /vendor/apex/com.android.hardware.gatekeeper.nonsecure.apex on /apex/com.android.hardware.gatekeeper@1 duration=220
[   15.351337] apexd-bootstrap: Fallback to buffered I/O for /system/apex/com.android.i18n.apex
[   15.358439] EXT4-fs (loop3): mounted filesystem 7d1522e1-9dfa-5edb-a43e-98e3a4d20250 ro without journal. Quota mode: none.
[   15.358660] apexd-bootstrap: Successfully mounted package /system/apex/com.android.virt.apex on /apex/com.android.virt@3 duration=240
[   15.443848] loop4: detected capacity change from 0 to 73480
[   15.457742] EXT4-fs (loop4): mounted filesystem 7d1522e1-9dfa-5edb-a43e-98e3a4d20250 ro without journal. Quota mode: none.
[   15.478737] apexd-bootstrap: Successfully mounted package /system/apex/com.android.i18n.apex on /apex/com.android.i18n@1 duration=359
[   15.502639] apexd-bootstrap: Activated 5 packages.
[   15.516570] SELinux: SELinux: Loaded file context from:
[   15.527034] SELinux: 		/system/etc/selinux/plat_file_contexts
[   15.538479] SELinux: 		/system_ext/etc/selinux/system_ext_file_contexts
[   15.550888] SELinux: 		/product/etc/selinux/product_file_contexts
[   15.562353] SELinux: 		/vendor/etc/selinux/vendor_file_contexts
[   15.573514] SELinux: 		/odm/etc/selinux/odm_file_contexts
[   15.586025] apexd-bootstrap: OnBootstrap done, duration=1537
[   15.600054] init: Service 'apexd-bootstrap' (pid 97) exited with status 0 waiting took 1.739000 seconds
[   15.617107] init: Sending signal 9 to service 'apexd-bootstrap' (pid 97) process group...
[   15.632358] libprocessgroup: Removed cgroup /sys/fs/cgroup/system/uid_0/pid_97
[   15.657868] init: Parsing file /apex/com.android.hardware.gatekeeper/etc/android.hardware.gatekeeper-service.nonsecure.rc...
[   15.678780] init: Parsing file /apex/com.android.virt/etc/vfio_handler.rc...
[   15.693702] init: Parsing file /apex/com.android.virt/etc/virtualizationservice.rc...
[   15.708809] init: Parsing file /apex/com.android.virt/etc/vmnic.rc...
[   15.793880] init: linkerconfig generated /linkerconfig with mounted APEX modules info
[   15.808468] init: Command 'perform_apex_config --bootstrap' action=early-init (/system/etc/init/hw/init.rc:82) took 161ms and succeeded
[   15.832292] init: processing action (early-init) from (/init.environ.rc:2)
[   15.845216] init: processing action (early-init) from (/vendor/etc/init/hw/init.ranchu.rc:11)
[   15.861837] init: Command 'setprop ro.config.low_ram ${ro.boot.config.low_ram}' action=early-init (/vendor/etc/init/hw/init.ranchu.rc:15) took 0ms and failed: property 'ro.boot.config.low_ram' doesn't exist while expanding '${ro.boot.config.low_ram}'
[   15.905979] init: Command 'setprop dalvik.vm.checkjni ${ro.boot.dalvik.vm.checkjni}' action=early-init (/vendor/etc/init/hw/init.ranchu.rc:21) took 0ms and failed: property 'ro.boot.dalvik.vm.checkjni' doesn't exist while expanding '${ro.boot.dalvik.vm.checkjni}'
[   15.947210] init: Command 'setprop debug.stagefright.ccodec ${ro.boot.debug.stagefright.ccodec}' action=early-init (/vendor/etc/init/hw/init.ranchu.rc:31) took 0ms and failed: property 'ro.boot.debug.stagefright.ccodec' doesn't exist while expanding '${ro.boot.debug.stagefright.ccodec}'
[   15.990831] init: Command 'setprop debug.sf.nobootanimation ${ro.boot.debug.sf.nobootanimation}' action=early-init (/vendor/etc/init/hw/init.ranchu.rc:32) took 0ms and failed: property 'ro.boot.debug.sf.nobootanimation' doesn't exist while expanding '${ro.boot.debug.sf.nobootanimation}'
[   16.033394] init: Command 'setprop debug.angle.feature_overrides_enabled ${ro.boot.hardware.angle_feature_overrides_enabled}' action=early-init (/vendor/etc/init/hw/init.ranchu.rc:33) took 0ms and failed: property 'ro.boot.hardware.angle_feature_overrides_enabled' doesn't exist while expanding '${ro.boot.hardware.angle_feature_overrides_enabled}'
[   16.085888] init: Command 'setprop debug.angle.feature_overrides_disabled ${ro.boot.hardware.angle_feature_overrides_disabled}' action=early-init (/vendor/etc/init/hw/init.ranchu.rc:34) took 0ms and failed: property 'ro.boot.hardware.angle_feature_overrides_disabled' doesn't exist while expanding '${ro.boot.hardware.angle_feature_overrides_disabled}'
[   16.139258] init: starting service 'vendor.dlkm_loader'...
[   16.155700] init: ... started service 'vendor.dlkm_loader' has pid 212
[   16.167958] init: starting service 'exec 1 (/system/bin/modprobe -a -d /system/lib/modules zram.ko)'...
[   16.187642] dlkm_loader: dlkm loader successfully initialized
[   16.193387] init: ... started service 'exec 1 (/system/bin/modprobe -a -d /system/lib/modules zram.ko)' has pid 213
[   16.212482] dlkm_loader: Loading module /system/lib/modules/rfkill.ko with args ''
[   16.216738] init: SVC_EXEC service 'exec 1 (/system/bin/modprobe -a -d /system/lib/modules zram.ko)' pid 213 (uid 0 gid 0+0 context u:r:modprobe:s0) started; waiting...
[   16.256100] init: Command 'exec u:r:modprobe:s0 -- /system/bin/modprobe -a -d /system/lib/modules zram.ko' action=early-init (/vendor/etc/init/hw/init.ranchu.rc:38) took 88ms and succeeded
[   16.286223] dlkm_loader: Loaded kernel module /system/lib/modules/rfkill.ko
[   16.298681] dlkm_loader: Loading module /system/lib/modules/bluetooth.ko with args ''
[   16.299743] zram: Added device: zram0
[   16.320447] init: Service 'exec 1 (/system/bin/modprobe -a -d /system/lib/modules zram.ko)' (pid 213) exited with status 0 waiting took 0.133000 seconds
[   16.343500] init: Sending signal 9 to service 'exec 1 (/system/bin/modprobe -a -d /system/lib/modules zram.ko)' (pid 213) process group...
[   16.366070] libprocessgroup: Removed cgroup /sys/fs/cgroup/system/uid_0/pid_213
[   16.378985] init: processing action (ro.enable.native.bridge.exec=1 && early-init) from (/system/etc/init/ndk_translation.rc:2)
[   16.381807] Bluetooth: Core ver 2.22
[   16.399535] init: processing action (early-init) from (/system/etc/init/prng_seeder.rc:5)
[   16.405274] NET: Registered PF_BLUETOOTH protocol family
[   16.421973] init: starting service 'prng_seeder'...
[   16.428500] Bluetooth: HCI device and connection manager initialized
[   16.437263] init: Created socket '/dev/socket/prng_seeder', mode 666, user 1092, group 1092
[   16.447303] Bluetooth: HCI socket layer initialized
[   16.470520] Bluetooth: L2CAP socket layer initialized
[   16.479588] Bluetooth: SCO socket layer initialized
[   16.489468] dlkm_loader: Loaded kernel module /system/lib/modules/bluetooth.ko
[   16.492872] init: ... started service 'prng_seeder' has pid 216
[   16.514167] dlkm_loader: Loading module /vendor/lib/modules/btintel.ko with args ''
[   16.528921] init: Command 'start prng_seeder' action=early-init (/system/etc/init/prng_seeder.rc:6) took 109ms and succeeded
[   16.548809] dlkm_loader: Loaded kernel module /vendor/lib/modules/btintel.ko
[   16.561696] dlkm_loader: Loading module /vendor/lib/modules/btrtl.ko with args ''
[   16.561793] init: processing action (ro.product.cpu.abilist64=* && early-init) from (/vendor/etc/boringssl_self_test.zygote64.rc:1)
[   16.598425] init: starting service 'boringssl_self_test64_vendor'...
[   16.610514] dlkm_loader: Loaded kernel module /vendor/lib/modules/btrtl.ko
[   16.624353] dlkm_loader: Loading module /system/lib/modules/btbcm.ko with args ''
[   16.639412] init: ... started service 'boringssl_self_test64_vendor' has pid 217
[   16.653889] init: SVC_EXEC service 'boringssl_self_test64_vendor' pid 217 (uid 0 gid 0+0 context default) started; waiting...
[   16.676080] init: Command 'exec_start boringssl_self_test64_vendor' action=ro.product.cpu.abilist64=* && early-init (/vendor/etc/boringssl_self_test.zygote64.rc:2) took 78ms and succeeded
[   16.708292] dlkm_loader: Loaded kernel module /system/lib/modules/btbcm.ko
[   16.709184] init: Service 'boringssl_self_test64_vendor' (pid 217) exited with status 0 waiting took 0.096000 seconds
[   16.720827] dlkm_loader: Loading module /vendor/lib/modules/btusb.ko with args ''
[   16.740233] init: Sending signal 9 to service 'boringssl_self_test64_vendor' (pid 217) process group...
[   16.770084] libprocessgroup: Removed cgroup /sys/fs/cgroup/system/uid_0/pid_217
[   16.783260] usbcore: registered new interface driver btusb
[   16.790464] init: processing action (ConnectEarlyStageSnapuserd) from (<Builtin Action>:0)
[   16.807281] dlkm_loader: Loaded kernel module /vendor/lib/modules/btusb.ko
[   16.819590] init: processing action (wait_for_coldboot_done) from (<Builtin Action>:0)
[   16.819703] dlkm_loader: Loading module /vendor/lib/modules/cfg80211.ko with args ''
[   16.832972] init: start_waiting_for_property("ro.cold_boot_done", "true"): already set
[   16.860134] init: processing action (CheckTradeInModeStatus) from (<Builtin Action>:0)
[   16.874796] init: processing action (SetMmapRndBits) from (<Builtin Action>:0)
[   16.888343] init: processing action (KeychordInit) from (<Builtin Action>:0)
[   16.900740] init: EVIOCSMASK not supported: Invalid argument
[   16.912061] init: processing action (init) from (/system/etc/init/hw/init.rc:103)
[   16.950406] init: Command 'write /dev/blkio/blkio.weight 1000' action=init (/system/etc/init/hw/init.rc:204) took 0ms and failed: Unable to write to file '/dev/blkio/blkio.weight': open() failed: Permission denied
[   16.985568] init: Command 'write /dev/blkio/background/blkio.weight 200' action=init (/system/etc/init/hw/init.rc:205) took 0ms and failed: Unable to write to file '/dev/blkio/background/blkio.weight': open() failed: Permission denied
[   17.024381] init: Command 'write /dev/blkio/blkio.group_idle 0' action=init (/system/etc/init/hw/init.rc:207) took 0ms and failed: Unable to write to file '/dev/blkio/blkio.group_idle': open() failed: Permission denied
[   17.059642] init: Command 'write /dev/blkio/background/blkio.group_idle 0' action=init (/system/etc/init/hw/init.rc:208) took 0ms and failed: Unable to write to file '/dev/blkio/background/blkio.group_idle': open() failed: Permission denied
[   17.129037] init: Command 'write /dev/cpu_variant:${ro.bionic.arch} ${ro.bionic.cpu_variant}' action=init (/system/etc/init/hw/init.rc:421) took 0ms and failed: property 'ro.bionic.cpu_variant' doesn't exist while expanding '${ro.bionic.cpu_variant}'
[   17.167696] init: Command 'write /dev/cpu_variant:${ro.bionic.2nd_arch} ${ro.bionic.2nd_cpu_variant}' action=init (/system/etc/init/hw/init.rc:423) took 0ms and failed: property 'ro.bionic.2nd_arch' doesn't exist while expanding '/dev/cpu_variant:${ro.bionic.2nd_arch}'
[   17.208870] init: Command 'chmod 0444 /dev/cpu_variant:${ro.bionic.2nd_arch}' action=init (/system/etc/init/hw/init.rc:424) took 0ms and failed: property 'ro.bionic.2nd_arch' doesn't exist while expanding '/dev/cpu_variant:${ro.bionic.2nd_arch}'
[   17.248403] init: starting service 'logd'...
[   17.256937] init: Created socket '/dev/socket/logd', mode 666, user 1036, group 1036
[   17.271140] init: Created socket '/dev/socket/logdr', mode 666, user 1036, group 1036
[   17.285160] init: Created socket '/dev/socket/logdw', mode 222, user 1036, group 1036
[   17.307406] init: ... started service 'logd' has pid 219
[   17.310910] cfg80211: Loading compiled-in X.509 certificates for regulatory database
[   17.317571] init: Command 'start logd' action=init (/system/etc/init/hw/init.rc:437) took 69ms and succeeded
[   17.331454] Loaded X.509 cert 'sforshee: 00b28ddf47aef9cea7'
[   17.351737] init: starting service 'lmkd'...
[   17.358950] Loaded X.509 cert 'wens: 61c038651aabdcf94bd0ac7ff06c7248db18c600'
[   17.366245] init: Created socket '/dev/socket/lmkd', mode 660, user 1000, group 1000
[   17.378634] platform regulatory.0: Direct firmware load for regulatory.db failed with error -2
[   17.392506] dlkm_loader: Loaded kernel module /vendor/lib/modules/cfg80211.ko
[   17.407961] cfg80211: failed to load regulatory.db
[   17.422819] dlkm_loader: Loading module /vendor/lib/modules/dummy-cpufreq.ko with args ''
[   17.425994] init: ... started service 'lmkd' has pid 221
[   17.426061] init: Command 'start lmkd' action=init (/system/etc/init/hw/init.rc:444) took 74ms and succeeded
[   17.430623] init: starting service 'servicemanager'...
[   17.469669] logd: libprocessgroup: A JoinCgroup action in the SystemMemoryProcess profile is used for controller memory in the cgroup v2 hierarchy and will be ignored
[   17.512781] init: ... started service 'servicemanager' has pid 227
[   17.525505] init: Command 'start servicemanager' action=init (/system/etc/init/hw/init.rc:447) took 98ms and succeeded
[   17.530632] logd.auditd: start
[   17.549359] init: starting service 'hwservicemanager'...
[   17.561743] dlkm_loader: Loaded kernel module /vendor/lib/modules/dummy-cpufreq.ko
[   17.562338] logd: Loaded bug_map file: /system_ext/etc/selinux/bug_map
[   17.563317] servicemanager: Starting sm instance on /dev/binder
[   17.576746] SELinux: SELinux: Loaded service context from:
[   17.577043] SELinux: 		/system/etc/selinux/plat_service_contexts
[   17.577280] dlkm_loader: Loading module /vendor/lib/modules/dummy_hcd.ko with args ''
[   17.590022] logd: Loaded bug_map file: /vendor/etc/selinux/selinux_denial_metadata
[   17.591530] init: ... started service 'hwservicemanager' has pid 236
[   17.593278] init: Command 'start vndservicemanager' action=init (/system/etc/init/hw/init.rc:449) took 0ms and failed: service vndservicemanager not found
[   17.598133] init: processing action (init) from (/system/etc/init/hw/init.usb.rc:28)
[   17.605380] SELinux: 		/system_ext/etc/selinux/system_ext_service_contexts
[   17.608351] init: processing action (init) from (/vendor/etc/init/hw/init.ranchu.rc:40)
[   17.611507] logd: Loaded bug_map file: /system/etc/selinux/bug_map
[   17.625735] SELinux: 		/product/etc/selinux/product_service_contexts
[   17.638041] init: starting service 'qemu-props'...
[   17.652757] SELinux: 		/vendor/etc/selinux/vendor_service_contexts
[   17.653301] dummy_hcd dummy_hcd.0: USB Host+Gadget Emulator, driver 02 May 2005
[   17.653325] dummy_hcd dummy_hcd.0: Dummy host controller
[   17.653329] dummy_hcd dummy_hcd.0: new USB bus registered, assigned bus number 1
[   17.653602] usb usb1: New USB device found, idVendor=1d6b, idProduct=0002, bcdDevice= 6.06
[   17.653605] usb usb1: New USB device strings: Mfr=3, Product=2, SerialNumber=1
[   17.653606] usb usb1: Product: Dummy host controller
[   17.653608] usb usb1: Manufacturer: Linux 6.6.66-android15-8-gb66429556fb8-ab13070261 dummy_hcd
[   17.653609] usb usb1: SerialNumber: dummy_hcd.0
[   17.654932] hub 1-0:1.0: USB hub found
[   17.654943] hub 1-0:1.0: 1 port detected
[   17.689701] dlkm_loader: Loaded kernel module /vendor/lib/modules/dummy_hcd.ko
[   17.704713] SELinux: 		/odm/etc/selinux/odm_service_contexts
[   17.718086] dlkm_loader: Loading module /vendor/lib/modules/failover.ko with args ''
[   17.737658] init: ... started service 'qemu-props' has pid 238
[   17.791199] dlkm_loader: Loaded kernel module /vendor/lib/modules/failover.ko
[   17.791344] dlkm_loader: Loading module /vendor/lib/modules/goldfish_address_space.ko with args ''
[   17.801717] init: Command 'start qemu-props' action=init (/vendor/etc/init/hw/init.ranchu.rc:67) took 172ms and succeeded
[   17.988087] goldfish_address_space: loading out-of-tree module taints kernel.
[   17.993248] init: processing action (ro.product.cpu.abilist64=* && init) from (/system/etc/init/hw/init.boringssl.zygote64.rc:1)
[   18.023269] init: starting service 'boringssl_self_test64'...
[   18.042614] init: ... started service 'boringssl_self_test64' has pid 239
[   18.056336] init: SVC_EXEC service 'boringssl_self_test64' pid 239 (uid 9999 gid 0+0 context default) started; waiting...
[   18.056398] dlkm_loader: Loaded kernel module /vendor/lib/modules/goldfish_address_space.ko
[   18.075568] init: Command 'exec_start boringssl_self_test64' action=ro.product.cpu.abilist64=* && init (/system/etc/init/hw/init.boringssl.zygote64.rc:2) took 52ms and succeeded
[   18.091341] dlkm_loader: Loading module /vendor/lib/modules/goldfish_battery.ko with args ''
[   18.119464] init: Service 'boringssl_self_test64' (pid 239) exited with status 0 waiting took 0.083000 seconds
[   18.152923] init: Sending signal 9 to service 'boringssl_self_test64' (pid 239) process group...
[   18.175969] libprocessgroup: Removed cgroup /sys/fs/cgroup/system/uid_9999/pid_239
[   18.189533] dlkm_loader: Loaded kernel module /vendor/lib/modules/goldfish_battery.ko
[   18.189739] dlkm_loader: Loading module /vendor/lib/modules/goldfish_pipe.ko with args ''
[   18.215576] init: processing action (init) from (/system/etc/init/audioserver.rc:66)
[   18.233750] init: processing action (init) from (/system/etc/init/perfetto.rc:162)
[   18.250045] dlkm_loader: Loaded kernel module /vendor/lib/modules/goldfish_pipe.ko
[   18.264220] dlkm_loader: Loading module /vendor/lib/modules/goldfish_sync.ko with args ''
[   18.270957] init: processing action (late-init) from (/system/etc/init/hw/init.rc:501)
[   18.294551] init: processing action (late-init) from (/system/etc/init/atrace.rc:3)
[   18.308769] dlkm_loader: Loaded kernel module /vendor/lib/modules/goldfish_sync.ko
[   18.308997] dlkm_loader: Loading module /system/lib/modules/can-dev.ko with args ''
[   18.339877] CAN device driver interface
[   18.347094] dlkm_loader: Loaded kernel module /system/lib/modules/can-dev.ko
[   18.359989] dlkm_loader: Loading module /vendor/lib/modules/gs_usb.ko with args ''
[   18.374715] usbcore: registered new interface driver gs_usb
[   18.384973] dlkm_loader: Loaded kernel module /vendor/lib/modules/gs_usb.ko
[   18.397758] dlkm_loader: Loading module /vendor/lib/modules/hci_vhci.ko with args ''
[   18.413516] dlkm_loader: Loaded kernel module /vendor/lib/modules/hci_vhci.ko
[   18.426850] dlkm_loader: Loading module /system/lib/modules/libarc4.ko with args ''
[   18.442102] dlkm_loader: Loaded kernel module /system/lib/modules/libarc4.ko
[   18.455060] dlkm_loader: Loading module /vendor/lib/modules/mac80211.ko with args ''
[   18.468913] init: Command 'copy /system/etc/ftrace_synthetic_events.conf /sys/kernel/debug/tracing/synthetic_events' action=late-init (/system/etc/init/atrace.rc:297) took 0ms and failed: Could not write to output file '/sys/kernel/debug/tracing/synthetic_events': open() failed: No such file or directory
[   18.517354] init: processing action (ro.boot.fastboot.boottrace= && late-init) from (/system/etc/init/atrace.rc:315)
[   18.537550] init: processing action (queue_property_triggers) from (<Builtin Action>:0)
[   18.551831] init: processing action (early-fs) from (/system/etc/init/hw/init.rc:535)
[   18.567485] init: starting service 'vold'...
[   18.584605] init: ... started service 'vold' has pid 241
[   18.594367] init: processing action (early-fs) from (/vendor/etc/init/hw/init.ranchu.rc:1)
[   18.609778] init: service 'vold' requested start, but it is already running (flags: 2052)
[   18.625422] init: processing action (fs) from (/vendor/etc/init/hw/init.ranchu.rc:4)
[   18.642419] init: processing action (fs) from (/system/etc/init/logd.rc:29)
[   18.656803] init: processing action (fs) from (/system/etc/init/wifi.rc:25)
[   18.671306] init: processing action (post-fs) from (/system/etc/init/hw/init.rc:539)
[   18.686239] init: starting service 'exec 2 (/system/bin/vdc checkpoint markBootAttempt)'...
[   18.710321] init: ... started service 'exec 2 (/system/bin/vdc checkpoint markBootAttempt)' has pid 242
[   18.728966] cutils-trace: Error opening trace file: No such file or directory (2)
[   18.729628] vold: Thread Pool max thread count is 0. Cannot cache binder as linkToDeath cannot be implemented. serviceName: vold
[   18.743734] init: SVC_EXEC service 'exec 2 (/system/bin/vdc checkpoint markBootAttempt)' pid 242 (uid 1000 gid 1000+0 context default) started; waiting...
[   18.765409] servicemanager: getDeviceHalManifest: Reading VINTF information.
[   18.789677] init: Command 'exec - system system -- /system/bin/vdc checkpoint markBootAttempt' action=post-fs (/system/etc/init/hw/init.rc:540) took 103ms and succeeded
[   18.802821] servicemanager: Loaded APEX Infos from /bootstrap-apex/apex-info-list.xml
[   18.829420] init: Service 'exec 2 (/system/bin/vdc checkpoint markBootAttempt)' (pid 242) exited with status 0 waiting took 0.122000 seconds
[   18.845611] servicemanager: Loaded APEX Infos from /bootstrap-apex/apex-info-list.xml
[   18.866305] init: Sending signal 9 to service 'exec 2 (/system/bin/vdc checkpoint markBootAttempt)' (pid 242) process group...
[   18.880281] servicemanager: getDeviceHalManifest: Successfully processed VINTF information
[   18.906005] libprocessgroup: Removed cgroup /sys/fs/cgroup/system/uid_1000/pid_242
[   18.915083] servicemanager: getFrameworkHalManifest: Reading VINTF information.
[   18.935539] init: Command 'chown system cache /cache' action=post-fs (/system/etc/init/hw/init.rc:555) took 0ms and failed: lchown() failed: Read-only file system
[   18.943413] servicemanager: Loaded APEX Infos from /bootstrap-apex/apex-info-list.xml
[   18.969423] init: Command 'chmod 0770 /cache' action=post-fs (/system/etc/init/hw/init.rc:556) took 1ms and failed: fchmodat() failed: Read-only file system
[   18.982694] servicemanager: getFrameworkHalManifest: Successfully processed VINTF information
[   19.009475] selinux: SELinux:  setxattr failed: /cache:  Read-only file system
[   19.023911] servicemanager: Caller(pid=241,uid=0,sid=u:r:vold:s0) Found android.system.vold.IVold/default in framework VINTF manifest.
[   19.037681] init: Command 'mkdir /cache/recovery 0770 system cache' action=post-fs (/system/etc/init/hw/init.rc:562) took 0ms and failed: mkdir() failed on /cache/recovery: Read-only file system
[   19.061171] servicemanager: Caller(pid=241,uid=0,sid=u:r:vold:s0) Found android.system.vold.IVold/default in framework VINTF manifest.
[   19.090321] init: Command 'mkdir /cache/backup_stage 0700 system system' action=post-fs (/system/etc/init/hw/init.rc:565) took 0ms and failed: mkdir() failed on /cache/backup_stage: Read-only file system
[   19.145721] init: Command 'mkdir /cache/backup 0700 system system' action=post-fs (/system/etc/init/hw/init.rc:566) took 0ms and failed: mkdir() failed on /cache/backup: Read-only file system
[   19.180968] init: Command 'mkdir /cache/lost+found 0770 root root' action=post-fs (/system/etc/init/hw/init.rc:593) took 0ms and failed: mkdir() failed on /cache/lost+found: Read-only file system
[   19.214127] EXT4-fs error (device vdd1): ext4_xattr_block_get:596: inode #2: comm init: corrupted xattr block 1290: invalid header
[   19.237713] selinux: SELinux: Skipping restorecon on directory(/metadata/ota)
[   19.252063] selinux: SELinux: Skipping restorecon on directory(/metadata/prefetch)
[   19.266574] EXT4-fs error (device vdd1): ext4_xattr_block_get:596: inode #11: comm init: corrupted xattr block 1291: invalid header
[   19.290403] selinux: SELinux: Skipping restorecon on directory(/metadata/tradeinmode)
[   19.305815] selinux: SELinux: Skipping restorecon on directory(/metadata/password_slots)
[   19.321462] selinux: SELinux: Skipping restorecon on directory(/metadata/staged-install)
[   19.337760] selinux: SELinux: Skipping restorecon on directory(/metadata/watchdog)
[   19.353236] selinux: SELinux: Skipping restorecon on directory(/metadata/apex)
[   19.368202] selinux: SELinux: Skipping restorecon on directory(/metadata/gsi)
[   19.382396] selinux: SELinux: Skipping restorecon on directory(/metadata/aconfig)
[   19.397983] selinux: SELinux: Skipping restorecon on directory(/metadata/bootstat)
[   19.413292] selinux: SELinux: Skipping restorecon on directory(/metadata/vold)
[   19.426874] EXT4-fs error (device vdd1): ext4_xattr_get_block:2322: inode #2: comm init: corrupted xattr block 1290: invalid header
[   19.448994] selinux: SELinux:  setxattr failed: /metadata:  Structure needs cleaning
[   19.463419] EXT4-fs error (device vdd1): ext4_xattr_get_block:2322: inode #11: comm init: corrupted xattr block 1291: invalid header
[   19.485871] selinux: SELinux:  setxattr failed: /metadata/lost+found:  Structure needs cleaning
[   19.502589] init: Command 'restorecon_recursive /metadata' action=post-fs (/system/etc/init/hw/init.rc:595) took 289ms and succeeded
[   19.527009] init: Command 'mkdir /metadata/ota/snapshots 0750 root system' action=post-fs (/system/etc/init/hw/init.rc:601) took 0ms and failed: lstat() failed on /metadata/ota/snapshots: Structure needs cleaning
[   19.565367] selinux: SELinux: Skipping restorecon on directory(/metadata/apex)
[   19.579979] init: processing action (post-fs) from (/system/etc/init/aconfigd.rc:26)
[   19.596991] init: starting service 'system_aconfigd_platform_init'...
[   19.614935] init: ... started service 'system_aconfigd_platform_init' has pid 248
[   19.631654] init: SVC_EXEC service 'system_aconfigd_platform_init' pid 248 (uid 1000 gid 1000+0 context default) started; waiting...
[   19.634270] dlkm_loader: Loaded kernel module /vendor/lib/modules/mac80211.ko
[   19.658696] init: Command 'exec_start system_aconfigd_platform_init' action=post-fs (/system/etc/init/aconfigd.rc:31) took 62ms and succeeded
[   19.697433] dlkm_loader: Loading module /vendor/lib/modules/mac80211_hwsim.ko with args 'radios=0
[   19.716008] dlkm_loader: '
[   19.726358] mac80211_hwsim: initializing netlink
[   19.743398] dlkm_loader: Loaded kernel module /vendor/lib/modules/mac80211_hwsim.ko
[   19.759837] dlkm_loader: Loading module /vendor/lib/modules/mt76.ko with args ''
[   19.783107] dlkm_loader: Loaded kernel module /vendor/lib/modules/mt76.ko
[   19.797759] dlkm_loader: Loading module /vendor/lib/modules/mt76-usb.ko with args ''
[   19.812298] EXT4-fs error (device vdd1): ext4_xattr_block_get:596: inode #2: comm aconfigd-system: corrupted xattr block 1290: invalid header
[   19.838691] EXT4-fs error (device vdd1): ext4_xattr_block_get:596: inode #2: comm aconfigd-system: corrupted xattr block 1290: invalid header
[   19.865766] dlkm_loader: Loaded kernel module /vendor/lib/modules/mt76-usb.ko
[   19.871382] EXT4-fs error (device vdd1): ext4_xattr_block_get:596: inode #2: comm aconfigd-system: corrupted xattr block 1290: invalid header
[   19.885390] dlkm_loader: Loading module /vendor/lib/modules/mt76x02-lib.ko with args ''
[   19.907086] EXT4-fs error (device vdd1): ext4_xattr_block_get:596: inode #2: comm aconfigd-system: corrupted xattr block 1290: invalid header
[   19.949548] init: Service 'system_aconfigd_platform_init' (pid 248) exited with status 1 waiting took 0.338000 seconds
[   19.971728] dlkm_loader: Loaded kernel module /vendor/lib/modules/mt76x02-lib.ko
[   19.971730] init: Sending signal 9 to service 'system_aconfigd_platform_init' (pid 248) process group...
[   19.977978] libprocessgroup: Removed cgroup /sys/fs/cgroup/system/uid_1000/pid_248
[   19.987576] dlkm_loader: Loading module /vendor/lib/modules/mt76x0-common.ko with args ''
[   20.018267] init: processing action (post-fs) from (/system/etc/init/gsid.rc:8)
[   20.051859] dlkm_loader: Loaded kernel module /vendor/lib/modules/mt76x0-common.ko
[   20.053643] init: processing action (post-fs) from (/system/etc/init/recovery-refresh.rc:1)
[   20.067107] dlkm_loader: Loading module /vendor/lib/modules/mt76x02-usb.ko with args ''
[   20.083424] init: starting service 'exec 3 (/system/bin/recovery-refresh)'...
[   20.114494] dlkm_loader: Loaded kernel module /vendor/lib/modules/mt76x02-usb.ko
[   20.129205] dlkm_loader: Loading module /vendor/lib/modules/mt76x0u.ko with args ''
[   20.129651] init: ... started service 'exec 3 (/system/bin/recovery-refresh)' has pid 249
[   20.160657] init: Command 'exec_background - system log -- /system/bin/recovery-refresh' action=post-fs (/system/etc/init/recovery-refresh.rc:2) took 77ms and succeeded
[   20.189405] init: Service 'exec 3 (/system/bin/recovery-refresh)' (pid 249) exited with status 254 oneshot service took 0.074000 seconds in background
[   20.216276] init: Sending signal 9 to service 'exec 3 (/system/bin/recovery-refresh)' (pid 249) process group...
[   20.216862] usbcore: registered new interface driver mt76x0u
[   20.246514] libprocessgroup: Removed cgroup /sys/fs/cgroup/system/uid_1000/pid_249
[   20.261504] init: processing action (late-fs) from (/system/etc/init/hw/init.rc:617)
[   20.276188] dlkm_loader: Loaded kernel module /vendor/lib/modules/mt76x0u.ko
[   20.276354] dlkm_loader: Loading module /vendor/lib/modules/mt76x2-common.ko with args ''
[   20.295159] init: starting service 'system_suspend'...
[   20.316151] dlkm_loader: Loaded kernel module /vendor/lib/modules/mt76x2-common.ko
[   20.331183] dlkm_loader: Loading module /vendor/lib/modules/mt76x2u.ko with args ''
[   20.339099] init: ... started service 'system_suspend' has pid 251
[   20.358914] init: starting service 'keystore2'...
[   20.358926] servicemanager: Caller(pid=251,uid=1000,sid=u:r:system_suspend:s0) Found android.system.suspend.ISystemSuspend/default in framework VINTF manifest.
[   20.360292] usbcore: registered new interface driver mt76x2u
[   20.367921] dlkm_loader: Loaded kernel module /vendor/lib/modules/mt76x2u.ko
[   20.369214] dlkm_loader: Loading module /vendor/lib/modules/nd_virtio.ko with args ''
[   20.401404] init: ... started service 'keystore2' has pid 254
[   20.452597] dlkm_loader: Loaded kernel module /vendor/lib/modules/nd_virtio.ko
[   20.453204] init: starting service 'vendor.keymint-default'...
[   20.467389] dlkm_loader: Loading module /vendor/lib/modules/net_failover.ko with args ''
[   20.496869] dlkm_loader: Loaded kernel module /vendor/lib/modules/net_failover.ko
[   20.501363] init: ... started service 'vendor.keymint-default' has pid 255
[   20.512458] dlkm_loader: Loading module /vendor/lib/modules/pulse8-cec.ko with args ''
[   20.527452] init: starting service 'vendor.gatekeeper_nonsecure'...
[   20.554424] dlkm_loader: Loaded kernel module /vendor/lib/modules/pulse8-cec.ko
[   20.570550] dlkm_loader: Loading module /vendor/lib/modules/rtc-test.ko with args ''
[   20.586869] init: ... started service 'vendor.gatekeeper_nonsecure' has pid 256
[   20.602016] init: Command 'class_start early_hal' action=late-fs (/system/etc/init/hw/init.rc:624) took 310ms and succeeded
[   20.626733] init: processing action (late-fs) from (/system/etc/init/hw/init.rc:631)
[   20.643190] rtc-test rtc-test.0: registered as rtc1
[   20.649516] init: processing action (late-fs) from (/vendor/etc/init/hw/init.ranchu.rc:7)
[   20.657256] rtc-test rtc-test.1: registered as rtc2
[   20.674318] init: [libfs_mgr] Invalid ext4 superblock on '/dev/block/vdc'
[   20.683223] rtc-test rtc-test.2: registered as rtc3
[   20.686855] servicemanager: Caller(pid=255,uid=9999,sid=u:r:hal_keymint_default:s0) Found android.hardware.security.keymint.IKeyMintDevice/default in device VINTF manifest.
[   20.687897] servicemanager: Caller(pid=255,uid=9999,sid=u:r:hal_keymint_default:s0) Found android.hardware.security.secureclock.ISecureClock/default in device VINTF manifest.
[   20.690298] servicemanager: Caller(pid=255,uid=9999,sid=u:r:hal_keymint_default:s0) Found android.hardware.security.sharedsecret.ISharedSecret/default in device VINTF manifest.
[   20.691627] servicemanager: Caller(pid=255,uid=9999,sid=u:r:hal_keymint_default:s0) Found android.hardware.security.keymint.IRemotelyProvisionedComponent/default in device VINTF manifest.
[   20.695102] init: [libfs_mgr] mount_with_alternatives(): skipping mount due to invalid magic, mountpoint=/data blk_dev=/dev/block/vdc rec[9].fs_type=ext4
[   20.821558] dlkm_loader: Loaded kernel module /vendor/lib/modules/rtc-test.ko
[   20.878634] dlkm_loader: module snd_aloop is blocklisted
[   20.885031] servicemanager: Caller(pid=256,uid=1000,sid=u:r:hal_gatekeeper_default:s0) Found android.hardware.security.sharedsecret.ISharedSecret/gatekeeper in device VINTF manifest.
[   20.889243] init: Calling: /system/bin/vdc cryptfs mountFstab /dev/block/vdc /data false 
[   20.889376] dlkm_loader: LoadWithAliases was unable to load snd_aloop, tried: snd_aloop
[   20.922227] servicemanager: Caller(pid=256,uid=1000,sid=u:r:hal_gatekeeper_default:s0) Found android.hardware.gatekeeper.IGatekeeper/default in device VINTF manifest.
[   20.936112] dlkm_loader: Loading module /vendor/lib/modules/system_heap.ko with args ''
[   20.954075] vdc: Thread Pool max thread count is 0. Cannot cache binder as linkToDeath cannot be implemented. serviceName: vold
[   20.993170] servicemanager: Caller(pid=254,uid=1017,sid=u:r:keystore:s0) Found android.system.keystore2.IKeystoreService/default in framework VINTF manifest.
[   21.051158] vold: Failed to create /metadata/vold/metadata_encryption: Structure needs cleaning
[   21.073399] dlkm_loader: Loaded kernel module /vendor/lib/modules/system_heap.ko
[   21.073529] vold: read_key failed in mountFstab
[   21.089384] dlkm_loader: Loading module /vendor/lib/modules/test_meminit.ko with args ''
[   21.101287] vdc: Command: cryptfs mountFstab /dev/block/vdc /data false  Failed: Status(-8, EX_SERVICE_SPECIFIC): '0: '
[   21.140300] vdc: vdc terminated by exit(25)
[   21.148838] vdc: 
[   21.152904] init: vdc call failed with error code: 25
[   21.166441] init: Command 'mount_all /vendor/etc/fstab.ranchu --late' action=late-fs (/vendor/etc/init/hw/init.ranchu.rc:9) took 495ms and failed: queue_fs_event() failed: Invalid code: -1
[   21.189982] test_meminit: all 11 tests in test_pages passed
[   21.200791] init: processing action (post-fs-data) from (/system/etc/init/hw/init.rc:645)
[   21.218906] test_meminit: all 40 tests in test_kvmalloc passed
[   21.228056] init: starting service 'exec 4 (/system/bin/vdc checkpoint prepareCheckpoint)'...
[   21.296384] init: ... started service 'exec 4 (/system/bin/vdc checkpoint prepareCheckpoint)' has pid 266
[   21.337493] init: SVC_EXEC service 'exec 4 (/system/bin/vdc checkpoint prepareCheckpoint)' pid 266 (uid 1000 gid 1000+0 context default) started; waiting...
[   21.376563] init: Command 'exec - system system -- /system/bin/vdc checkpoint prepareCheckpoint' action=post-fs-data (/system/etc/init/hw/init.rc:648) took 148ms and succeeded
[   21.417709] init: Service 'exec 4 (/system/bin/vdc checkpoint prepareCheckpoint)' (pid 266) exited with status 0 waiting took 0.158000 seconds
[   21.449412] init: Sending signal 9 to service 'exec 4 (/system/bin/vdc checkpoint prepareCheckpoint)' (pid 266) process group...
[   21.480195] libprocessgroup: Removed cgroup /sys/fs/cgroup/system/uid_1000/pid_266
[   21.500329] init: Command 'chown system system /data' action=post-fs-data (/system/etc/init/hw/init.rc:651) took 0ms and failed: lchown() failed: Read-only file system
[   21.541213] init: Command 'chmod 0771 /data' action=post-fs-data (/system/etc/init/hw/init.rc:652) took 0ms and failed: fchmodat() failed: Read-only file system
[   21.570584] test_meminit: all 70 tests in test_kmemcache passed
[   21.581599] init: Command 'installkey /data' action=post-fs-data (/system/etc/init/hw/init.rc:657) took 0ms and failed: Failed to create /data/unencrypted: Read-only file system
[   21.599383] test_meminit: all 10 tests in test_rcu_persistent passed
[   21.640675] init: Command 'mkdir /data/bootchart 0755 shell shell encryption=Require' action=post-fs-data (/system/etc/init/hw/init.rc:661) took 0ms and failed: mkdir() failed on /data/bootchart: Read-only file system
[   21.659773] test_meminit: all 131 tests passed!
[   21.729189] dlkm_loader: Loaded kernel module /vendor/lib/modules/test_meminit.ko
[   21.741863] init: Command 'copy /data/system/entropy.dat /dev/urandom' action=post-fs-data (/system/etc/init/hw/init.rc:665) took 0ms and failed: Could not read input file '/data/system/entropy.dat': open() failed: No such file or directory
[   21.750271] dlkm_loader: Loading module /vendor/lib/modules/usbip-core.ko with args ''
[   21.801931] init: Command 'mkdir /data/vendor 0771 root root encryption=Require' action=post-fs-data (/system/etc/init/hw/init.rc:667) took 0ms and failed: mkdir() failed on /data/vendor: Read-only file system
[   21.868787] init: Command 'mkdir /data/anr 0775 system system encryption=Require' action=post-fs-data (/system/etc/init/hw/init.rc:671) took 0ms and failed: mkdir() failed on /data/anr: Read-only file system
[   21.911056] dlkm_loader: Loaded kernel module /vendor/lib/modules/usbip-core.ko
[   21.911658] init: Command 'mkdir /data/tombstones 0775 system system encryption=Require' action=post-fs-data (/system/etc/init/hw/init.rc:672) took 0ms and failed: mkdir() failed on /data/tombstones: Read-only file system
[   21.928495] dlkm_loader: Loading module /vendor/lib/modules/v4l2loopback.ko with args ''
[   21.979520] init: starting service 'tombstoned'...
[   22.008641] init: Created socket '/dev/socket/tombstoned_crash', mode 666, user 1000, group 1000
[   22.033072] init: Created socket '/dev/socket/tombstoned_intercept', mode 666, user 1000, group 1000
[   22.057126] v4l2loopback driver version 0.12.7 loaded
[   22.057136] init: Created socket '/dev/socket/tombstoned_java_trace', mode 666, user 1000, group 1000
[   22.090426] dlkm_loader: Loaded kernel module /vendor/lib/modules/v4l2loopback.ko
[   22.090612] dlkm_loader: Loading module /vendor/lib/modules/vhci-hcd.ko with args ''
[   22.127771] vhci_hcd vhci_hcd.0: USB/IP Virtual Host Controller
[   22.142059] vhci_hcd vhci_hcd.0: new USB bus registered, assigned bus number 2
[   22.158123] vhci_hcd: created sysfs vhci_hcd.0
[   22.168912] usb usb2: New USB device found, idVendor=1d6b, idProduct=0002, bcdDevice= 6.06
[   22.187545] usb usb2: New USB device strings: Mfr=3, Product=2, SerialNumber=1
[   22.203498] usb usb2: Product: USB/IP Virtual Host Controller
[   22.216408] usb usb2: Manufacturer: Linux 6.6.66-android15-8-gb66429556fb8-ab13070261 vhci_hcd
[   22.235443] usb usb2: SerialNumber: vhci_hcd.0
[   22.246764] hub 2-0:1.0: USB hub found
[   22.251031] init: ... started service 'tombstoned' has pid 268
[   22.255481] hub 2-0:1.0: 8 ports detected
[   22.265319] vhci_hcd vhci_hcd.0: USB/IP Virtual Host Controller
[   22.270096] init: Command 'start tombstoned' action=post-fs-data (/system/etc/init/hw/init.rc:675) took 290ms and succeeded
[   22.278948] vhci_hcd vhci_hcd.0: new USB bus registered, assigned bus number 3
[   22.280449] usb usb3: We don't know the algorithms for LPM for this host, disabling LPM.
[   22.292557] init: Service 'tombstoned' (pid 268) exited with status 1
[   22.316807] usb usb3: New USB device found, idVendor=1d6b, idProduct=0003, bcdDevice= 6.06
[   22.337153] init: Sending signal 9 to service 'tombstoned' (pid 268) process group...
[   22.352599] usb usb3: New USB device strings: Mfr=3, Product=2, SerialNumber=1
[   22.352605] usb usb3: Product: USB/IP Virtual Host Controller
[   22.352607] usb usb3: Manufacturer: Linux 6.6.66-android15-8-gb66429556fb8-ab13070261 vhci_hcd
[   22.352609] usb usb3: SerialNumber: vhci_hcd.0
[   22.352924] hub 3-0:1.0: USB hub found
[   22.376653] libprocessgroup: Removed cgroup /sys/fs/cgroup/system/uid_1058/pid_268
[   22.385730] hub 3-0:1.0: 8 ports detected
[   22.424629] init: Switched to default mount namespace
[   22.439767] dlkm_loader: Loaded kernel module /vendor/lib/modules/vhci-hcd.ko
[   22.449617] init: Command 'mkdir /data/misc 01771 system misc encryption=Require' action=post-fs-data (/system/etc/init/hw/init.rc:682) took 1ms and failed: mkdir() failed on /data/misc: Read-only file system
[   22.471960] dlkm_loader: Loading module /vendor/lib/modules/virt_wifi.ko with args ''
[   22.486588] selinux: SELinux: Could not get canonical path for /data/misc/keystore restorecon: No such file or directory.
[   22.685436] init: Command 'restorecon /data/misc /data/misc/keystore' action=post-fs-data (/system/etc/init/hw/init.rc:685) took 198ms and succeeded
[   22.729264] init: starting service 'exec 5 (/system/bin/vdc keymaster earlyBootEnded)'...
[   22.775101] dlkm_loader: Loaded kernel module /vendor/lib/modules/virt_wifi.ko
[   22.805659] dlkm_loader: Loading module /vendor/lib/modules/virtio-gpu.ko with args ''
[   22.842566] dlkm_loader: Loaded kernel module /vendor/lib/modules/virtio-gpu.ko
[   22.867240] dlkm_loader: Loading module /vendor/lib/modules/virtio-media.ko with args ''
[   22.897966] dlkm_loader: Loaded kernel module /vendor/lib/modules/virtio-media.ko
[   22.919392] dlkm_loader: Loading module /vendor/lib/modules/virtio_input.ko with args ''
[   22.951552] input: virtio_input_multi_touch_1 as /devices/pci0000:00/0000:00:0e.0/virtio11/input/input3
[   22.954951] init: ... started service 'exec 5 (/system/bin/vdc keymaster earlyBootEnded)' has pid 269
[   23.007467] init: SVC_EXEC service 'exec 5 (/system/bin/vdc keymaster earlyBootEnded)' pid 269 (uid 1000 gid 1000+0 context default) started; waiting...
[   23.073168] init: Command 'exec - system system -- /system/bin/vdc keymaster earlyBootEnded' action=post-fs-data (/system/etc/init/hw/init.rc:697) took 344ms and succeeded
[   23.112421] input: virtio_input_multi_touch_2 as /devices/pci0000:00/0000:00:0f.0/virtio12/input/input4
[   23.145860] input: virtio_input_multi_touch_3 as /devices/pci0000:00/0000:00:10.0/virtio13/input/input5
[   23.158892] type=1400 audit(1786547598.500:4): avc:  denied  { ptrace } for  comm="crash_dump64" scontext=u:r:crash_dump:s0 tcontext=u:r:keystore:s0 tclass=process permissive=0 bug=b/376065666
[   23.216420] type=1400 audit(1786547598.500:5): avc:  denied  { ptrace } for  comm="crash_dump64" scontext=u:r:crash_dump:s0 tcontext=u:r:keystore:s0 tclass=process permissive=0 bug=b/376065666
[   23.217940] binder: release 254:254 transaction 201 in, still active
[   23.250937] input: virtio_input_multi_touch_4 as /devices/pci0000:00/0000:00:11.0/virtio14/input/input6
[   23.257805] type=1400 audit(1786547598.500:6): avc:  denied  { ptrace } for  comm="crash_dump64" scontext=u:r:crash_dump:s0 tcontext=u:r:keystore:s0 tclass=process permissive=0 bug=b/376065666
[   23.272741] binder: send failed reply for transaction 201 to 241:241
[   23.274414] init: Service 'keystore2' (pid 254) received signal 6
[   23.274428] init: Sending signal 9 to service 'keystore2' (pid 254) process group...
[   23.283886] libprocessgroup: Removed cgroup /sys/fs/cgroup/system/uid_1017/pid_254
[   23.293519] init: Untracked pid 273 exited with status 1
[   23.293534] init: Untracked pid 273 did not have an associated service entry and will not be reaped
[   23.295269] type=1400 audit(1786547598.500:7): avc:  denied  { ptrace } for  comm="crash_dump64" scontext=u:r:crash_dump:s0 tcontext=u:r:keystore:s0 tclass=process permissive=0 bug=b/376065666
[   23.334889] input: virtio_input_multi_touch_5 as /devices/pci0000:00/0000:00:12.0/virtio15/input/input7
[   23.335292] vold: keystore2 Communication with Keystore earlyBootEnded failed error: -129
[   23.349943] type=1400 audit(1786547598.500:8): avc:  denied  { ptrace } for  comm="crash_dump64" scontext=u:r:crash_dump:s0 tcontext=u:r:keystore:s0 tclass=process permissive=0 bug=b/376065666
[   23.436960] input: virtio_input_multi_touch_6 as /devices/pci0000:00/0000:00:13.0/virtio16/input/input8
[   23.470717] type=1400 audit(1786547598.500:9): avc:  denied  { ptrace } for  comm="crash_dump64" scontext=u:r:crash_dump:s0 tcontext=u:r:keystore:s0 tclass=process permissive=0 bug=b/376065666
[   23.573708] input: virtio_input_multi_touch_7 as /devices/pci0000:00/0000:00:14.0/virtio17/input/input9
[   23.607812] type=1400 audit(1786547598.520:10): avc:  denied  { ptrace } for  comm="crash_dump64" scontext=u:r:crash_dump:s0 tcontext=u:r:keystore:s0 tclass=process permissive=0 bug=b/376065666
[   23.664540] type=1400 audit(1786547598.520:11): avc:  denied  { ptrace } for  comm="crash_dump64" scontext=u:r:crash_dump:s0 tcontext=u:r:keystore:s0 tclass=process permissive=0 bug=b/376065666
[   23.700712] input: virtio_input_multi_touch_8 as /devices/pci0000:00/0000:00:15.0/virtio18/input/input10
[   23.725956] input: virtio_input_multi_touch_9 as /devices/pci0000:00/0000:00:16.0/virtio19/input/input11
[   23.752364] input: virtio_input_multi_touch_10 as /devices/pci0000:00/0000:00:17.0/virtio20/input/input12
[   23.777777] input: virtio_input_multi_touch_11 as /devices/pci0000:00/0000:00:18.0/virtio21/input/input13
[   23.801661] input: qwerty2 as /devices/pci0000:00/0000:00:19.0/virtio22/input/input14
[   23.818077] dlkm_loader: Loaded kernel module /vendor/lib/modules/virtio_input.ko
[   23.832982] dlkm_loader: Loading module /vendor/lib/modules/virtio_net.ko with args ''
[   23.855346] dlkm_loader: Loaded kernel module /vendor/lib/modules/virtio_net.ko
[   23.870673] dlkm_loader: Loading module /vendor/lib/modules/virtio_pmem.ko with args ''
[   23.888171] dlkm_loader: Loaded kernel module /vendor/lib/modules/virtio_pmem.ko
[   23.893579] init: Service 'exec 5 (/system/bin/vdc keymaster earlyBootEnded)' (pid 269) exited with status 0 waiting took 1.108000 seconds
[   23.903104] dlkm_loader: Loading module /vendor/lib/modules/virtio_snd.ko with args ''
[   23.928594] init: Sending signal 9 to service 'exec 5 (/system/bin/vdc keymaster earlyBootEnded)' (pid 269) process group...
[   24.009456] libprocessgroup: Removed cgroup /sys/fs/cgroup/system/uid_1000/pid_269
[   24.026136] init: Command 'mkdir /data/property 0700 root root encryption=Require' action=post-fs-data (/system/etc/init/hw/init.rc:703) took 0ms and failed: mkdir() failed on /data/property: Read-only file system
[   24.067728] dlkm_loader: Loaded kernel module /vendor/lib/modules/virtio_snd.ko
[   24.067815] dlkm_loader: module vkms is blocklisted
[   24.095006] dlkm_loader: LoadWithAliases was unable to load vkms, tried: vkms
[   24.110462] dlkm_loader: module load count is 44
[   24.692621] init: Service 'vendor.dlkm_loader' (pid 212) exited with status 0 oneshot service took 8.541000 seconds in background
[   24.692677] init: Could not load single persistent property file, trying legacy directory: Unable to read persistent property file: open() failed: No such file or directory
[   24.721560] init: Sending signal 9 to service 'vendor.dlkm_loader' (pid 212) process group...
[   24.760935] init: Unable to load legacy persistent properties: Unable to open persistent property directory "/data/property": No such file or directory
[   24.794687] libprocessgroup: Removed cgroup /sys/fs/cgroup/system/uid_0/pid_212
[   24.817065] init: Wait for property 'ro.persistent_properties.ready=true' took 124ms
[   24.852348] init: service 'logd' requested start, but it is already running (flags: 4)
[   24.871056] init: starting service 'logd-reinit'...
[   24.902616] init: ... started service 'logd-reinit' has pid 274
[   24.918663] init: Not setting encryption policy on: /data/apex
[   24.922641] logd: logd reinit
[   24.932941] init: Command 'mkdir /data/apex 0755 root system encryption=None' action=post-fs-data (/system/etc/init/hw/init.rc:726) took 14ms and failed: mkdir() failed on /data/apex: Read-only file system
[   24.943200] logd: FrameworkListener: read() failed (Connection reset by peer)
[   24.992873] init: Service 'logd-reinit' (pid 274) exited with status 0 oneshot service took 0.109000 seconds in background
[   25.041345] init: Sending signal 9 to service 'logd-reinit' (pid 274) process group...
[   25.064088] libprocessgroup: Removed cgroup /sys/fs/cgroup/system/uid_1036/pid_274
[   25.087173] init: Command 'mkdir /data/app-staging 0751 system system encryption=DeleteIfNecessary' action=post-fs-data (/system/etc/init/hw/init.rc:730) took 0ms and failed: mkdir() failed on /data/app-staging: Read-only file system
[   25.144631] init: starting service 'apexd'...
[   25.194767] init: ... started service 'apexd' has pid 275
[   25.212799] init: Command 'restart apexd' action=post-fs-data (/system/etc/init/hw/init.rc:733) took 68ms and succeeded
[   25.230725] apexd: Started. subcommand = (null)
[   25.250277] init: Command 'copy /data/misc/recovery/ro.build.fingerprint /data/misc/recovery/ro.build.fingerprint.1' action=post-fs-data (/system/etc/init/hw/init.rc:737) took 0ms and failed: Could not read input file '/data/misc/recovery/ro.build.fingerprint': open() failed: No such file or directory
[   25.265944] apexd: Thread Pool max thread count is 0. Cannot cache binder as linkToDeath cannot be implemented. serviceName: vold
[   25.372780] init: starting service 'keystore2'...
[   25.405681] apexd: Scanning /odm/apex for pre-installed ApexFiles
[   25.433406] apexd: /odm/apex does not exist. Skipping
[   25.446659] apexd: Scanning /vendor/apex for pre-installed ApexFiles
[   25.466420] apexd: Found pre-installed APEX /vendor/apex/com.android.hardware.authsecret.apex
[   25.498492] apexd: Found pre-installed APEX /vendor/apex/com.android.hardware.cas.apex
[   25.519926] apexd: Found pre-installed APEX /vendor/apex/com.android.hardware.contexthub.apex
[   25.542053] apexd: Found pre-installed APEX /vendor/apex/com.android.hardware.dumpstate.apex
[   25.563388] apexd: Found pre-installed APEX /vendor/apex/com.android.hardware.gatekeeper.nonsecure.apex
[   25.587240] apexd: Found pre-installed APEX /vendor/apex/com.android.hardware.neuralnetworks.apex
[   25.610364] apexd: Found pre-installed APEX /vendor/apex/com.android.hardware.power.apex
[   25.630331] apexd: Found pre-installed APEX /vendor/apex/com.android.hardware.rebootescrow.apex
[   25.651514] apexd: Found pre-installed APEX /vendor/apex/com.android.hardware.thermal.apex
[   25.672578] apexd: Found pre-installed APEX /vendor/apex/com.android.hardware.threadnetwork-simulation-rcp.apex
[   25.698631] apexd: Found pre-installed APEX /vendor/apex/com.android.hardware.uwb.apex
[   25.717640] apexd: Found pre-installed APEX /vendor/apex/com.android.hardware.vibrator.apex
[   25.737148] apexd: Found pre-installed APEX /vendor/apex/com.google.android.widevine-13130248.apex
[   25.757964] apexd: Scanning /product/apex for pre-installed ApexFiles
[   25.772759] apexd: /product/apex does not exist. Skipping
[   25.785381] apexd: Scanning /system_ext/apex for pre-installed ApexFiles
[   25.800882] apexd: Found pre-installed APEX /system_ext/apex/com.android.compos.apex
[   25.818850] apexd: Scanning /system/apex for pre-installed ApexFiles
[   25.833374] apexd: Found pre-installed APEX /system/apex/com.android.apex.cts.shim.apex
[   25.851508] apexd: Found pre-installed APEX /system/apex/com.android.devicelock.apex
[   25.851595] init: ... started service 'keystore2' has pid 276
[   25.868515] apexd: Found pre-installed APEX /system/apex/com.android.i18n.apex
[   25.891069] init: Command 'copy /data/misc/recovery/proc/version /data/misc/recovery/proc/version.1' action=post-fs-data (/system/etc/init/hw/init.rc:744) took 0ms and failed: Could not read input file '/data/misc/recovery/proc/version': open() failed: No such file or directory
[   25.897701] apexd: Found pre-installed APEX /system/apex/com.android.runtime.apex
[   25.918268] servicemanager: Caller(pid=276,uid=1017,sid=u:r:keystore:s0) Found android.system.keystore2.IKeystoreService/default in framework VINTF manifest.
[   25.957618] init: Command 'copy /proc/version /data/misc/recovery/proc/version' action=post-fs-data (/system/etc/init/hw/init.rc:747) took 0ms and failed: Could not write to output file '/data/misc/recovery/proc/version': open() failed: No such file or directory
[   25.969084] apexd: Found pre-installed APEX /system/apex/com.android.virt.apex
[   26.045444] init: Command 'mkdir /data/local 0751 root root encryption=Require' action=post-fs-data (/system/etc/init/hw/init.rc:783) took 1ms and failed: mkdir() failed on /data/local: Read-only file system
[   26.048732] apexd: Found pre-installed APEX /system/apex/com.google.android.adbd.apex
[   26.098094] init: starting service 'exec 6 (/bin/rm -rf /data/misc/virtualizationservice)'...
[   26.100149] apexd: Found pre-installed APEX /system/apex/com.google.android.adservices.apex
[   26.131997] init: ... started service 'exec 6 (/bin/rm -rf /data/misc/virtualizationservice)' has pid 284
[   26.133527] apexd: Found pre-installed APEX /system/apex/com.google.android.appsearch.apex
[   26.150195] init: SVC_EXEC service 'exec 6 (/bin/rm -rf /data/misc/virtualizationservice)' pid 284 (uid 1081 gid 1000+0 context default) started; waiting...
[   26.169088] apexd: Found pre-installed APEX /system/apex/com.google.android.art.apex
[   26.186491] init: Command 'exec - virtualizationservice system -- /bin/rm -rf /data/misc/virtualizationservice' action=post-fs-data (/system/etc/init/hw/init.rc:823) took 88ms and succeeded
[   26.215124] apexd: Found pre-installed APEX /system/apex/com.google.android.bt.apex
[   26.230322] init: Service 'exec 6 (/bin/rm -rf /data/misc/virtualizationservice)' (pid 284) exited with status 0 waiting took 0.113000 seconds
[   26.261994] apexd: Found pre-installed APEX /system/apex/com.google.android.cellbroadcast.apex
[   26.276522] init: Sending signal 9 to service 'exec 6 (/bin/rm -rf /data/misc/virtualizationservice)' (pid 284) process group...
[   26.282618] libprocessgroup: Removed cgroup /sys/fs/cgroup/system/uid_1081/pid_284
[   26.301238] apexd: Found pre-installed APEX /system/apex/com.google.android.configinfrastructure.apex
[   26.318405] init: Not setting encryption policy on: /data/preloads
[   26.339232] apexd: Found pre-installed APEX /system/apex/com.google.android.conscrypt.apex
[   26.353452] init: Command 'mkdir /data/preloads 0775 system system encryption=None' action=post-fs-data (/system/etc/init/hw/init.rc:828) took 35ms and failed: mkdir() failed on /data/preloads: Read-only file system
[   26.369880] apexd: Found pre-installed APEX /system/apex/com.google.android.crashrecovery.apex
[   26.369888] apexd: Found pre-installed APEX /system/apex/com.google.android.extservices.apex
[   26.369893] apexd: Found pre-installed APEX /system/apex/com.google.android.healthfitness.apex
[   26.369910] apexd: Found pre-installed APEX /system/apex/com.google.android.ipsec.apex
[   26.369915] apexd: Found pre-installed APEX /system/apex/com.google.android.media.apex
[   26.369919] apexd: Found pre-installed APEX /system/apex/com.google.android.media.swcodec.apex
[   26.370005] apexd: Found pre-installed APEX /system/apex/com.google.android.mediaprovider.apex
[   26.384768] init: Command 'mkdir /data/app-private 0771 system system encryption=Require' action=post-fs-data (/system/etc/init/hw/init.rc:834) took 0ms and failed: mkdir() failed on /data/app-private: Read-only file system
[   26.396997] apexd: Found pre-installed APEX /system/apex/com.google.android.neuralnetworks.apex
[   26.434646] init: Command 'mkdir /data/app-ephemeral 0771 system system encryption=Require' action=post-fs-data (/system/etc/init/hw/init.rc:835) took 2ms and failed: mkdir() failed on /data/app-ephemeral: Read-only file system
[   26.447475] apexd: Found pre-installed APEX /system/apex/com.google.android.nfcservices.apex
[   26.463671] init: Command 'mkdir /data/app-asec 0700 root root encryption=Require' action=post-fs-data (/system/etc/init/hw/init.rc:836) took 0ms and failed: mkdir() failed on /data/app-asec: Read-only file system
[   26.478856] apexd: Found pre-installed APEX /system/apex/com.google.android.ondevicepersonalization.apex
[   26.493945] init: Command 'mkdir /data/app-lib 0771 system system encryption=Require' action=post-fs-data (/system/etc/init/hw/init.rc:837) took 0ms and failed: mkdir() failed on /data/app-lib: Read-only file system
[   26.507913] apexd: Found pre-installed APEX /system/apex/com.google.android.os.statsd.apex
[   26.525059] init: Command 'mkdir /data/app 0771 system system encryption=Require' action=post-fs-data (/system/etc/init/hw/init.rc:838) took 0ms and failed: mkdir() failed on /data/app: Read-only file system
[   26.539047] apexd: Found pre-installed APEX /system/apex/com.google.android.permission.apex
[   26.576654] init: Command 'mkdir /data/app-metadata 0700 system system encryption=Require' action=post-fs-data (/system/etc/init/hw/init.rc:841) took 0ms and failed: mkdir() failed on /data/app-metadata: Read-only file system
[   26.590472] apexd: Found pre-installed APEX /system/apex/com.google.android.profiling.apex
[   26.626664] init: Command 'mkdir /data/fonts/ 0771 root root encryption=Require' action=post-fs-data (/system/etc/init/hw/init.rc:844) took 0ms and failed: mkdir() failed on /data/fonts: Read-only file system
[   26.640678] apexd: Found pre-installed APEX /system/apex/com.google.android.resolv.apex
[   26.683528] init: Command 'mkdir /data/dalvik-cache 0771 root root encryption=Require' action=post-fs-data (/system/etc/init/hw/init.rc:860) took 0ms and failed: mkdir() failed on /data/dalvik-cache: Read-only file system
[   26.690962] apexd: Found pre-installed APEX /system/apex/com.google.android.rkpd.apex
[   26.726676] init: Command 'mkdir /data/ota 0771 root root encryption=Require' action=post-fs-data (/system/etc/init/hw/init.rc:862) took 0ms and failed: mkdir() failed on /data/ota: Read-only file system
[   26.742050] apexd: Found pre-installed APEX /system/apex/com.google.android.scheduling.apex
[   26.777496] init: Command 'mkdir /data/ota_package 0770 system cache encryption=Require' action=post-fs-data (/system/etc/init/hw/init.rc:866) took 0ms and failed: mkdir() failed on /data/ota_package: Read-only file system
[   26.791731] apexd: Found pre-installed APEX /system/apex/com.google.android.sdkext.apex
[   26.828932] init: Command 'mkdir /data/resource-cache 0771 system system encryption=Require' action=post-fs-data (/system/etc/init/hw/init.rc:869) took 0ms and failed: mkdir() failed on /data/resource-cache: Read-only file system
[   26.843513] apexd: Found pre-installed APEX /system/apex/com.google.android.tethering.apex
[   26.879710] init: Not setting encryption policy on: /data/lost+found
[   26.893242] apexd: Found pre-installed APEX /system/apex/com.google.android.tzdata6.apex
[   26.929452] init: Command 'mkdir /data/lost+found 0770 root root encryption=None' action=post-fs-data (/system/etc/init/hw/init.rc:877) took 49ms and failed: mkdir() failed on /data/lost+found: Read-only file system
[   26.943296] apexd: Found pre-installed APEX /system/apex/com.google.android.uprobestats.apex
[   26.976685] init: Command 'mkdir /data/drm 0770 drm drm encryption=Require' action=post-fs-data (/system/etc/init/hw/init.rc:881) took 0ms and failed: mkdir() failed on /data/drm: Read-only file system
[   26.992021] apexd: Found pre-installed APEX /system/apex/com.google.android.uwb.apex
[   27.030359] init: Command 'mkdir /data/mediadrm 0770 mediadrm mediadrm encryption=Require' action=post-fs-data (/system/etc/init/hw/init.rc:885) took 0ms and failed: mkdir() failed on /data/mediadrm: Read-only file system
[   27.044485] apexd: Found pre-installed APEX /system/apex/com.google.android.wifi.apex
[   27.084733] init: Command 'mkdir /data/nfc 0770 nfc nfc encryption=Require' action=post-fs-data (/system/etc/init/hw/init.rc:888) took 0ms and failed: mkdir() failed on /data/nfc: Read-only file system
[   27.109528] apexd: Populating APEX database from mounts...
[   27.112699] init: starting service 'tombstoned'...
[   27.127513] apexd: 0 packages restored.
[   27.163543] init: Created socket '/dev/socket/tombstoned_crash', mode 666, user 1000, group 1000
[   27.179440] apexd: Marking APEXd as starting
[   27.213400] init: Created socket '/dev/socket/tombstoned_intercept', mode 666, user 1000, group 1000
[   27.234608] apexd: Scanning /metadata/apex/sessions looking for sessions to be activated.
[   27.266577] init: Created socket '/dev/socket/tombstoned_java_trace', mode 666, user 1000, group 1000
[   27.282719] apexd: Scanning /data/apex/active for data ApexFiles
[   27.426438] apexd: /data/apex/active does not exist. Skipping
[   27.437146] apexd: Selecting APEX for activation
[   27.445827] apexd: Processing compressed APEX
[   27.453624] apexd: Processing compressed APEX /system/apex/com.google.android.mediaprovider.apex
[   27.469480] apexd: Failed to clean up reserved space: Failed to delete /data/apex/ota_reserved : Can't open /data/apex/ota_reserved for reading : No such file or directory
[   27.497152] apexd: Decompressing/system/apex/com.google.android.mediaprovider.apex to /data/apex/decompressed/com.android.mediaprovider@360527520.decompressed.apex
[   27.523668] apexd: Failed to process compressed APEX: Failed to decompress : /system/apex/com.google.android.mediaprovider.apex Failed to open decompression destination /data/apex/decompressed/com.android.mediaprovider@360527520.decompressed.apex: No such file or directory
[   27.567142] apexd: Processing compressed APEX /system/apex/com.google.android.crashrecovery.apex
[   27.583076] apexd: Failed to clean up reserved space: Failed to delete /data/apex/ota_reserved : Can't open /data/apex/ota_reserved for reading : No such file or directory
[   27.597833] init: ... started service 'tombstoned' has pid 285
[   27.611673] apexd: Decompressing/system/apex/com.google.android.crashrecovery.apex to /data/apex/decompressed/com.android.crashrecovery@360527520.decompressed.apex
[   27.622774] init: Service 'tombstoned' (pid 285) exited with status 1
[   27.648238] apexd: Failed to process compressed APEX: Failed to decompress : /system/apex/com.google.android.crashrecovery.apex Failed to open decompression destination /data/apex/decompressed/com.android.crashrecovery@360527520.decompressed.apex: No such file or directory
[   27.660332] init: Sending signal 9 to service 'tombstoned' (pid 285) process group...
[   27.701830] apexd: Processing compressed APEX /system/apex/com.google.android.bt.apex
[   27.721816] libprocessgroup: Removed cgroup /sys/fs/cgroup/system/uid_1058/pid_285
[   27.729724] apexd: Failed to clean up reserved space: Failed to delete /data/apex/ota_reserved : Can't open /data/apex/ota_reserved for reading : No such file or directory
[   27.750412] init: Command 'mkdir /data/backup 0700 system system encryption=Require' action=post-fs-data (/system/etc/init/hw/init.rc:893) took 0ms and failed: mkdir() failed on /data/backup: Read-only file system
[   27.769282] apexd: Decompressing/system/apex/com.google.android.bt.apex to /data/apex/decompressed/com.android.bt@360527520.decompressed.apex
[   27.803152] init: Command 'mkdir /data/ss 0700 system system encryption=Require' action=post-fs-data (/system/etc/init/hw/init.rc:894) took 0ms and failed: mkdir() failed on /data/ss: Read-only file system
[   27.849469] apexd: Failed to process compressed APEX: Failed to decompress : /system/apex/com.google.android.bt.apex Failed to open decompression destination /data/apex/decompressed/com.android.bt@360527520.decompressed.apex: No such file or directory
[   27.849482] apexd: Processing compressed APEX /system/apex/com.google.android.configinfrastructure.apex
[   27.849519] apexd: Failed to clean up reserved space: Failed to delete /data/apex/ota_reserved : Can't open /data/apex/ota_reserved for reading : No such file or directory
[   27.849527] apexd: Decompressing/system/apex/com.google.android.configinfrastructure.apex to /data/apex/decompressed/com.android.configinfrastructure@360527520.decompressed.apex
[   27.849679] apexd: Failed to process compressed APEX: Failed to decompress : /system/apex/com.google.android.configinfrastructure.apex Failed to open decompression destination /data/apex/decompressed/com.android.configinfrastructure@360527520.decompressed.apex: No such file or directory
[   27.899294] init: Command 'mkdir /data/system 0775 system system encryption=Require' action=post-fs-data (/system/etc/init/hw/init.rc:896) took 0ms and failed: mkdir() failed on /data/system: Read-only file system
[   27.954790] apexd: Processing compressed APEX /system/apex/com.google.android.rkpd.apex
[   27.954858] apexd: Failed to clean up reserved space: Failed to delete /data/apex/ota_reserved : Can't open /data/apex/ota_reserved for reading : No such file or directory
[   27.954870] apexd: Decompressing/system/apex/com.google.android.rkpd.apex to /data/apex/decompressed/com.android.rkpd@360527520.decompressed.apex
[   27.955261] apexd: Failed to process compressed APEX: Failed to decompress : /system/apex/com.google.android.rkpd.apex Failed to open decompression destination /data/apex/decompressed/com.android.rkpd@360527520.decompressed.apex: No such file or directory
[   27.955273] apexd: Processing compressed APEX /system/apex/com.google.android.art.apex
[   27.955332] apexd: Failed to clean up reserved space: Failed to delete /data/apex/ota_reserved : Can't open /data/apex/ota_reserved for reading : No such file or directory
[   27.955342] apexd: Decompressing/system/apex/com.google.android.art.apex to /data/apex/decompressed/com.android.art@360527520.decompressed.apex
[   27.955538] apexd: Failed to process compressed APEX: Failed to decompress : /system/apex/com.google.android.art.apex Failed to open decompression destination /data/apex/decompressed/com.android.art@360527520.decompressed.apex: No such file or directory
[   27.955550] apexd: Processing compressed APEX /system/apex/com.google.android.adbd.apex
[   27.955591] apexd: Failed to clean up reserved space: Failed to delete /data/apex/ota_reserved : Can't open /data/apex/ota_reserved for reading : No such file or directory
[   27.955601] apexd: Decompressing/system/apex/com.google.android.adbd.apex to /data/apex/decompressed/com.android.adbd@360527520.decompressed.apex
[   27.955788] apexd: Failed to process compressed APEX: Failed to decompress : /system/apex/com.google.android.adbd.apex Failed to open decompression destination /data/apex/decompressed/com.android.adbd@360527520.decompressed.apex: No such file or directory
[   27.955799] apexd: Processing compressed APEX /system/apex/com.google.android.uprobestats.apex
[   27.955983] apexd: Failed to clean up reserved space: Failed to delete /data/apex/ota_reserved : Can't open /data/apex/ota_reserved for reading : No such file or directory
[   27.955995] apexd: Decompressing/system/apex/com.google.android.uprobestats.apex to /data/apex/decompressed/com.android.uprobestats@360527520.decompressed.apex
[   27.956180] apexd: Failed to process compressed APEX: Failed to decompress : /system/apex/com.google.android.uprobestats.apex Failed to open decompression destination /data/apex/decompressed/com.android.uprobestats@360527520.decompressed.apex: No such file or directory
[   27.956190] apexd: Processing compressed APEX /system/apex/com.google.android.permission.apex
[   27.956226] apexd: Failed to clean up reserved space: Failed to delete /data/apex/ota_reserved : Can't open /data/apex/ota_reserved for reading : No such file or directory
[   27.956235] apexd: Decompressing/system/apex/com.google.android.permission.apex to /data/apex/decompressed/com.android.permission@360527520.decompressed.apex
[   27.956407] apexd: Failed to process compressed APEX: Failed to decompress : /system/apex/com.google.android.permission.apex Failed to open decompression destination /data/apex/decompressed/com.android.permission@360527520.decompressed.apex: No such file or directory
[   27.956417] apexd: Processing compressed APEX /system/apex/com.google.android.media.swcodec.apex
[   27.956453] apexd: Failed to clean up reserved space: Failed to delete /data/apex/ota_reserved : Can't open /data/apex/ota_reserved for reading : No such file or directory
[   27.956463] apexd: Decompressing/system/apex/com.google.android.media.swcodec.apex to /data/apex/decompressed/com.android.media.swcodec@360527520.decompressed.apex
[   27.956656] apexd: Failed to process compressed APEX: Failed to decompress : /system/apex/com.google.android.media.swcodec.apex Failed to open decompression destination /data/apex/decompressed/com.android.media.swcodec@360527520.decompressed.apex: No such file or directory
[   27.956665] apexd: Processing compressed APEX /system/apex/com.google.android.profiling.apex
[   27.956698] apexd: Failed to clean up reserved space: Failed to delete /data/apex/ota_reserved : Can't open /data/apex/ota_reserved for reading : No such file or directory
[   27.956707] apexd: Decompressing/system/apex/com.google.android.profiling.apex to /data/apex/decompressed/com.android.profiling@360527520.decompressed.apex
[   27.956871] apexd: Failed to process compressed APEX: Failed to decompress : /system/apex/com.google.android.profiling.apex Failed to open decompression destination /data/apex/decompressed/com.android.profiling@360527520.decompressed.apex: No such file or directory
[   27.956880] apexd: Processing compressed APEX /system/apex/com.google.android.adservices.apex
[   27.956914] apexd: Failed to clean up reserved space: Failed to delete /data/apex/ota_reserved : Can't open /data/apex/ota_reserved for reading : No such file or directory
[   27.956924] apexd: Decompressing/system/apex/com.google.android.adservices.apex to /data/apex/decompressed/com.android.adservices@360527520.decompressed.apex
[   27.957084] apexd: Failed to process compressed APEX: Failed to decompress : /system/apex/com.google.android.adservices.apex Failed to open decompression destination /data/apex/decompressed/com.android.adservices@360527520.decompressed.apex: No such file or directory
[   27.957095] apexd: Processing compressed APEX /system/apex/com.google.android.appsearch.apex
[   27.957129] apexd: Failed to clean up reserved space: Failed to delete /data/apex/ota_reserved : Can't open /data/apex/ota_reserved for reading : No such file or directory
[   27.957139] apexd: Decompressing/system/apex/com.google.android.appsearch.apex to /data/apex/decompressed/com.android.appsearch@360527520.decompressed.apex
[   27.957338] apexd: Failed to process compressed APEX: Failed to decompress : /system/apex/com.google.android.appsearch.apex Failed to open decompression destination /data/apex/decompressed/com.android.appsearch@360527520.decompressed.apex: No such file or directory
[   27.957348] apexd: Processing compressed APEX /system/apex/com.google.android.ondevicepersonalization.apex
[   27.957383] apexd: Failed to clean up reserved space: Failed to delete /data/apex/ota_reserved : Can't open /data/apex/ota_reserved for reading : No such file or directory
[   27.957395] apexd: Decompressing/system/apex/com.google.android.ondevicepersonalization.apex to /data/apex/decompressed/com.android.ondevicepersonalization@360527520.decompressed.apex
[   27.957561] apexd: Failed to process compressed APEX: Failed to decompress : /system/apex/com.google.android.ondevicepersonalization.apex Failed to open decompression destination /data/apex/decompressed/com.android.ondevicepersonalization@360527520.decompressed.apex: No such file or directory
[   27.957571] apexd: Processing compressed APEX /system/apex/com.google.android.uwb.apex
[   27.957606] apexd: Failed to clean up reserved space: Failed to delete /data/apex/ota_reserved : Can't open /data/apex/ota_reserved for reading : No such file or directory
[   27.957615] apexd: Decompressing/system/apex/com.google.android.uwb.apex to /data/apex/decompressed/com.android.uwb@360527520.decompressed.apex
[   27.957786] apexd: Failed to process compressed APEX: Failed to decompress : /system/apex/com.google.android.uwb.apex Failed to open decompression destination /data/apex/decompressed/com.android.uwb@360527520.decompressed.apex: No such file or directory
[   27.957797] apexd: Processing compressed APEX /system/apex/com.google.android.neuralnetworks.apex
[   27.957831] apexd: Failed to clean up reserved space: Failed to delete /data/apex/ota_reserved : Can't open /data/apex/ota_reserved for reading : No such file or directory
[   27.957840] apexd: Decompressing/system/apex/com.google.android.neuralnetworks.apex to /data/apex/decompressed/com.android.neuralnetworks@360527520.decompressed.apex
[   27.958006] apexd: Failed to process compressed APEX: Failed to decompress : /system/apex/com.google.android.neuralnetworks.apex Failed to open decompression destination /data/apex/decompressed/com.android.neuralnetworks@360527520.decompressed.apex: No such file or directory
[   27.958016] apexd: Processing compressed APEX /system/apex/com.google.android.cellbroadcast.apex
[   27.958049] apexd: Failed to clean up reserved space: Failed to delete /data/apex/ota_reserved : Can't open /data/apex/ota_reserved for reading : No such file or directory
[   27.958058] apexd: Decompressing/system/apex/com.google.android.cellbroadcast.apex to /data/apex/decompressed/com.android.cellbroadcast@360527520.decompressed.apex
[   27.958223] apexd: Failed to process compressed APEX: Failed to decompress : /system/apex/com.google.android.cellbroadcast.apex Failed to open decompression destination /data/apex/decompressed/com.android.cellbroadcast@360527520.decompressed.apex: No such file or directory
[   27.958233] apexd: Processing compressed APEX /system/apex/com.google.android.healthfitness.apex
[   27.958267] apexd: Failed to clean up reserved space: Failed to delete /data/apex/ota_reserved : Can't open /data/apex/ota_reserved for reading : No such file or directory
[   27.958275] apexd: Decompressing/system/apex/com.google.android.healthfitness.apex to /data/apex/decompressed/com.android.healthfitness@360527520.decompressed.apex
[   27.958441] apexd: Failed to process compressed APEX: Failed to decompress : /system/apex/com.google.android.healthfitness.apex Failed to open decompression destination /data/apex/decompressed/com.android.healthfitness@360527520.decompressed.apex: No such file or directory
[   27.958451] apexd: Processing compressed APEX /system/apex/com.google.android.ipsec.apex
[   27.958484] apexd: Failed to clean up reserved space: Failed to delete /data/apex/ota_reserved : Can't open /data/apex/ota_reserved for reading : No such file or directory
[   27.958493] apexd: Decompressing/system/apex/com.google.android.ipsec.apex to /data/apex/decompressed/com.android.ipsec@360527520.decompressed.apex
[   27.958655] apexd: Failed to process compressed APEX: Failed to decompress : /system/apex/com.google.android.ipsec.apex Failed to open decompression destination /data/apex/decompressed/com.android.ipsec@360527520.decompressed.apex: No such file or directory
[   27.958665] apexd: Processing compressed APEX /system/apex/com.google.android.media.apex
[   27.958699] apexd: Failed to clean up reserved space: Failed to delete /data/apex/ota_reserved : Can't open /data/apex/ota_reserved for reading : No such file or directory
[   27.958708] apexd: Decompressing/system/apex/com.google.android.media.apex to /data/apex/decompressed/com.android.media@360527520.decompressed.apex
[   27.958867] apexd: Failed to process compressed APEX: Failed to decompress : /system/apex/com.google.android.media.apex Failed to open decompression destination /data/apex/decompressed/com.android.media@360527520.decompressed.apex: No such file or directory
[   27.958877] apexd: Processing compressed APEX /system/apex/com.google.android.os.statsd.apex
[   27.958912] apexd: Failed to clean up reserved space: Failed to delete /data/apex/ota_reserved : Can't open /data/apex/ota_reserved for reading : No such file or directory
[   27.958922] apexd: Decompressing/system/apex/com.google.android.os.statsd.apex to /data/apex/decompressed/com.android.os.statsd@360527520.decompressed.apex
[   27.959083] apexd: Failed to process compressed APEX: Failed to decompress : /system/apex/com.google.android.os.statsd.apex Failed to open decompression destination /data/apex/decompressed/com.android.os.statsd@360527520.decompressed.apex: No such file or directory
[   27.959093] apexd: Processing compressed APEX /system/apex/com.google.android.nfcservices.apex
[   27.959126] apexd: Failed to clean up reserved space: Failed to delete /data/apex/ota_reserved : Can't open /data/apex/ota_reserved for reading : No such file or directory
[   27.959155] apexd: Decompressing/system/apex/com.google.android.nfcservices.apex to /data/apex/decompressed/com.android.nfcservices@360527520.decompressed.apex
[   27.959336] apexd: Failed to process compressed APEX: Failed to decompress : /system/apex/com.google.android.nfcservices.apex Failed to open decompression destination /data/apex/decompressed/com.android.nfcservices@360527520.decompressed.apex: No such file or directory
[   27.959346] apexd: Processing compressed APEX /system/apex/com.google.android.extservices.apex
[   27.959380] apexd: Failed to clean up reserved space: Failed to delete /data/apex/ota_reserved : Can't open /data/apex/ota_reserved for reading : No such file or directory
[   27.959389] apexd: Decompressing/system/apex/com.google.android.extservices.apex to /data/apex/decompressed/com.android.extservices@360527523.decompressed.apex
[   27.959549] apexd: Failed to process compressed APEX: Failed to decompress : /system/apex/com.google.android.extservices.apex Failed to open decompression destination /data/apex/decompressed/com.android.extservices@360527523.decompressed.apex: No such file or directory
[   27.959559] apexd: Processing compressed APEX /system/apex/com.google.android.conscrypt.apex
[   27.959592] apexd: Failed to clean up reserved space: Failed to delete /data/apex/ota_reserved : Can't open /data/apex/ota_reserved for reading : No such file or directory
[   27.959602] apexd: Decompressing/system/apex/com.google.android.conscrypt.apex to /data/apex/decompressed/com.android.conscrypt@360527520.decompressed.apex
[   27.959767] apexd: Failed to process compressed APEX: Failed to decompress : /system/apex/com.google.android.conscrypt.apex Failed to open decompression destination /data/apex/decompressed/com.android.conscrypt@360527520.decompressed.apex: No such file or directory
[   27.959777] apexd: Processing compressed APEX /system/apex/com.google.android.resolv.apex
[   27.959810] apexd: Failed to clean up reserved space: Failed to delete /data/apex/ota_reserved : Can't open /data/apex/ota_reserved for reading : No such file or directory
[   27.959819] apexd: Decompressing/system/apex/com.google.android.resolv.apex to /data/apex/decompressed/com.android.resolv@360527520.decompressed.apex
[   27.960130] apexd: Failed to process compressed APEX: Failed to decompress : /system/apex/com.google.android.resolv.apex Failed to open decompression destination /data/apex/decompressed/com.android.resolv@360527520.decompressed.apex: No such file or directory
[   27.960141] apexd: Processing compressed APEX /system/apex/com.google.android.wifi.apex
[   27.960174] apexd: Failed to clean up reserved space: Failed to delete /data/apex/ota_reserved : Can't open /data/apex/ota_reserved for reading : No such file or directory
[   27.960184] apexd: Decompressing/system/apex/com.google.android.wifi.apex to /data/apex/decompressed/com.android.wifi@360519000.decompressed.apex
[   27.960352] apexd: Failed to process compressed APEX: Failed to decompress : /system/apex/com.google.android.wifi.apex Failed to open decompression destination /data/apex/decompressed/com.android.wifi@360519000.decompressed.apex: No such file or directory
[   27.960362] apexd: Processing compressed APEX /system/apex/com.google.android.sdkext.apex
[   27.960395] apexd: Failed to clean up reserved space: Failed to delete /data/apex/ota_reserved : Can't open /data/apex/ota_reserved for reading : No such file or directory
[   27.960404] apexd: Decompressing/system/apex/com.google.android.sdkext.apex to /data/apex/decompressed/com.android.sdkext@360527520.decompressed.apex
[   27.960569] apexd: Failed to process compressed APEX: Failed to decompress : /system/apex/com.google.android.sdkext.apex Failed to open decompression destination /data/apex/decompressed/com.android.sdkext@360527520.decompressed.apex: No such file or directory
[   27.960579] apexd: Processing compressed APEX /system/apex/com.google.android.tethering.apex
[   27.960611] apexd: Failed to clean up reserved space: Failed to delete /data/apex/ota_reserved : Can't open /data/apex/ota_reserved for reading : No such file or directory
[   27.960620] apexd: Decompressing/system/apex/com.google.android.tethering.apex to /data/apex/decompressed/com.android.tethering@360527520.decompressed.apex
[   27.960779] apexd: Failed to process compressed APEX: Failed to decompress : /system/apex/com.google.android.tethering.apex Failed to open decompression destination /data/apex/decompressed/com.android.tethering@360527520.decompressed.apex: No such file or directory
[   27.960789] apexd: Processing compressed APEX /system/apex/com.google.android.scheduling.apex
[   27.960826] apexd: Failed to clean up reserved space: Failed to delete /data/apex/ota_reserved : Can't open /data/apex/ota_reserved for reading : No such file or directory
[   27.960836] apexd: Decompressing/system/apex/com.google.android.scheduling.apex to /data/apex/decompressed/com.android.scheduling@360527520.decompressed.apex
[   27.960998] apexd: Failed to process compressed APEX: Failed to decompress : /system/apex/com.google.android.scheduling.apex Failed to open decompression destination /data/apex/decompressed/com.android.scheduling@360527520.decompressed.apex: No such file or directory
[   27.962010] apexd: Fallback to buffered I/O for /vendor/apex/com.android.hardware.power.apex
[   27.962053] loop5: detected capacity change from 0 to 3704
[   27.962810] apexd: Fallback to buffered I/O for /vendor/apex/com.android.hardware.rebootescrow.apex
[   27.962854] loop6: detected capacity change from 0 to 752
[   27.965072] apexd: Fallback to buffered I/O for /vendor/apex/com.android.hardware.dumpstate.apex
[   27.965122] loop7: detected capacity change from 0 to 3264
[   27.967499] apexd: Fallback to buffered I/O for /vendor/apex/com.android.hardware.cas.apex
[   27.967537] loop8: detected capacity change from 0 to 536
[   27.968337] EXT4-fs (loop5): mounted filesystem 7d1522e1-9dfa-5edb-a43e-98e3a4d20250 ro without journal. Quota mode: none.
[   27.968411] apexd: Successfully mounted package /vendor/apex/com.android.hardware.power.apex on /apex/com.android.hardware.power@1 duration=6
[   27.969061] apexd: Fallback to buffered I/O for /vendor/apex/com.android.hardware.authsecret.apex
[   27.969098] loop9: detected capacity change from 0 to 720
[   27.978680] apexd: Fallback to buffered I/O for /vendor/apex/com.android.hardware.gatekeeper.nonsecure.apex
[   27.981430] EXT4-fs (loop6): mounted filesystem 7d1522e1-9dfa-5edb-a43e-98e3a4d20250 ro without journal. Quota mode: none.
[   27.981534] apexd: Successfully mounted package /vendor/apex/com.android.hardware.rebootescrow.apex on /apex/com.android.hardware.rebootescrow@1 duration=19
[   27.989610] EXT4-fs (loop8): mounted filesystem 7d1522e1-9dfa-5edb-a43e-98e3a4d20250 ro without journal. Quota mode: none.
[   27.989748] apexd: Successfully mounted package /vendor/apex/com.android.hardware.cas.apex on /apex/com.android.hardware.cas@1 duration=22
[   28.042818] EXT4-fs (loop9): mounted filesystem 7d1522e1-9dfa-5edb-a43e-98e3a4d20250 ro without journal. Quota mode: none.
[   28.074208] loop10: detected capacity change from 0 to 8800
[   28.075795] selinux: SELinux: Could not get canonical path for /data/system/environ restorecon: No such file or directory.
[   28.081408] selinux: SELinux: Could not get canonical path for /data/system/shutdown-checkpoints restorecon: No such file or directory.
[   28.082229] init: Not setting encryption policy on: /data/media
[   28.082394] init: Command 'mkdir /data/media 0550 media_rw media_rw encryption=None' action=post-fs-data (/system/etc/init/hw/init.rc:921) took 0ms and failed: mkdir() failed on /data/media: Read-only file system
[   28.083093] init: Not setting encryption policy on: /data/misc_ce
[   28.083255] init: Command 'mkdir /data/misc_ce 0551 system misc encryption=None' action=post-fs-data (/system/etc/init/hw/init.rc:922) took 0ms and failed: mkdir() failed on /data/misc_ce: Read-only file system
[   28.084658] init: Not setting encryption policy on: /data/misc_de
[   28.084807] init: Command 'mkdir /data/misc_de 0551 system misc encryption=None' action=post-fs-data (/system/etc/init/hw/init.rc:923) took 0ms and failed: mkdir() failed on /data/misc_de: Read-only file system
[   28.085336] init: Not setting encryption policy on: /data/system_ce
[   28.085510] init: Command 'mkdir /data/system_ce 0550 system system encryption=None' action=post-fs-data (/system/etc/init/hw/init.rc:924) took 0ms and failed: mkdir() failed on /data/system_ce: Read-only file system
[   28.086163] init: Not setting encryption policy on: /data/system_de
[   28.086411] init: Command 'mkdir /data/system_de 0550 system system encryption=None' action=post-fs-data (/system/etc/init/hw/init.rc:925) took 0ms and failed: mkdir() failed on /data/system_de: Read-only file system
[   28.087078] init: Not setting encryption policy on: /data/user
[   28.087244] init: Command 'mkdir /data/user 0511 system system encryption=None' action=post-fs-data (/system/etc/init/hw/init.rc:926) took 0ms and failed: mkdir() failed on /data/user: Read-only file system
[   28.088437] init: Not setting encryption policy on: /data/user_de
[   28.088607] init: Command 'mkdir /data/user_de 0511 system system encryption=None' action=post-fs-data (/system/etc/init/hw/init.rc:927) took 0ms and failed: mkdir() failed on /data/user_de: Read-only file system
[   28.089279] init: Not setting encryption policy on: /data/vendor_ce
[   28.089449] init: Command 'mkdir /data/vendor_ce 0551 root root encryption=None' action=post-fs-data (/system/etc/init/hw/init.rc:928) took 0ms and failed: mkdir() failed on /data/vendor_ce: Read-only file system
[   28.090105] init: Not setting encryption policy on: /data/vendor_de
[   28.090267] init: Command 'mkdir /data/vendor_de 0551 root root encryption=None' action=post-fs-data (/system/etc/init/hw/init.rc:929) took 0ms and failed: mkdir() failed on /data/vendor_de: Read-only file system
[   28.091004] init: Not setting encryption policy on: /data/storage_area
[   28.091167] init: Command 'mkdir /data/storage_area 0551 root root encryption=None' action=post-fs-data (/system/etc/init/hw/init.rc:933) took 0ms and failed: mkdir() failed on /data/storage_area: Read-only file system
[   28.093865] init: starting service 'exec 7 (/system/bin/chattr +F /data/media)'...
[   28.111320] EXT4-fs (loop7): mounted filesystem 7d1522e1-9dfa-5edb-a43e-98e3a4d20250 ro without journal. Quota mode: none.
[   28.111416] apexd: Successfully mounted package /vendor/apex/com.android.hardware.dumpstate.apex on /apex/com.android.hardware.dumpstate@1 duration=146
[   28.125905] apexd: Successfully mounted package /vendor/apex/com.android.hardware.authsecret.apex on /apex/com.android.hardware.authsecret@1 duration=156
[   28.163833] apexd: Fallback to buffered I/O for /vendor/apex/com.android.hardware.thermal.apex
[   28.168750] EXT4-fs (loop10): mounted filesystem 7d1522e1-9dfa-5edb-a43e-98e3a4d20250 ro without journal. Quota mode: none.
[   28.168880] apexd: Successfully mounted package /vendor/apex/com.android.hardware.gatekeeper.nonsecure.apex on /apex/com.android.hardware.gatekeeper@1 duration=197
[   31.649735] loop11: detected capacity change from 0 to 792
[   31.660198] apexd: Fallback to buffered I/O for /vendor/apex/com.android.hardware.contexthub.apex
[   31.664885] EXT4-fs (loop11): mounted filesystem 7d1522e1-9dfa-5edb-a43e-98e3a4d20250 ro without journal. Quota mode: none.
[   31.675997] loop12: detected capacity change from 0 to 3072
[   31.696241] apexd: Successfully mounted package /vendor/apex/com.android.hardware.thermal.apex on /apex/com.android.hardware.thermal@1 duration=3734
[   31.707401] init: ... started service 'exec 7 (/system/bin/chattr +F /data/media)' has pid 311
[   31.709883] apexd: Fallback to buffered I/O for /system/apex/com.android.apex.cts.shim.apex
[   31.709918] loop13: detected capacity change from 0 to 536
[   31.713047] apexd: Fallback to buffered I/O for /system/apex/com.android.devicelock.apex
[   31.713083] loop14: detected capacity change from 0 to 12528
[   31.714974] apexd: Fallback to buffered I/O for /system/apex/com.android.i18n.apex
[   31.715008] loop15: detected capacity change from 0 to 73480
[   31.721491] apexd: Fallback to buffered I/O for /vendor/apex/com.google.android.widevine-13130248.apex
[   31.721522] loop16: detected capacity change from 0 to 11152
[   31.722819] apexd: Fallback to buffered I/O for /vendor/apex/com.android.hardware.threadnetwork-simulation-rcp.apex
[   31.722861] loop17: detected capacity change from 0 to 1088
[   31.724379] apexd: Fallback to buffered I/O for /vendor/apex/com.android.hardware.uwb.apex
[   31.724404] loop18: detected capacity change from 0 to 2864
[   31.738156] EXT4-fs (loop12): mounted filesystem 7d1522e1-9dfa-5edb-a43e-98e3a4d20250 ro without journal. Quota mode: none.
[   31.738926] EXT4-fs (loop13): mounted filesystem 7d1522e1-9dfa-5edb-a43e-98e3a4d20250 ro without journal. Quota mode: none.
[   31.739059] apexd: Successfully mounted package /system/apex/com.android.apex.cts.shim.apex on /apex/com.android.apex.cts.shim@1 duration=3771
[   31.739239] EXT4-fs (loop14): mounted filesystem 7d1522e1-9dfa-5edb-a43e-98e3a4d20250 ro without journal. Quota mode: none.
[   31.739354] apexd: Successfully mounted package /system/apex/com.android.devicelock.apex on /apex/com.android.devicelock@1 duration=3771
[   31.745381] EXT4-fs (loop17): mounted filesystem 7d1522e1-9dfa-5edb-a43e-98e3a4d20250 ro without journal. Quota mode: none.
[   31.745500] apexd: Successfully mounted package /vendor/apex/com.android.hardware.threadnetwork-simulation-rcp.apex on /apex/com.android.hardware.threadnetwork@1 duration=3776
[   31.746227] EXT4-fs (loop16): mounted filesystem 7d1522e1-9dfa-5edb-a43e-98e3a4d20250 ro without journal. Quota mode: none.
[   31.746337] apexd: Successfully mounted package /vendor/apex/com.google.android.widevine-13130248.apex on /apex/com.google.android.widevine@190250226 duration=3777
[   31.746697] EXT4-fs (loop15): mounted filesystem 7d1522e1-9dfa-5edb-a43e-98e3a4d20250 ro without journal. Quota mode: none.
[   31.746806] apexd: Successfully mounted package /system/apex/com.android.i18n.apex on /apex/com.android.i18n@1 duration=3778
[   31.749103] apexd: Fallback to buffered I/O for /vendor/apex/com.android.hardware.vibrator.apex
[   31.749140] loop19: detected capacity change from 0 to 3000
[   31.751851] init: SVC_EXEC service 'exec 7 (/system/bin/chattr +F /data/media)' pid 311 (uid 1023 gid 1023+0 context default) started; waiting...
[   31.756804] EXT4-fs (loop18): mounted filesystem 7d1522e1-9dfa-5edb-a43e-98e3a4d20250 ro without journal. Quota mode: none.
[   31.756902] apexd: Successfully mounted package /vendor/apex/com.android.hardware.uwb.apex on /apex/com.android.hardware.uwb@1 duration=3791
[   31.758743] apexd: Fallback to buffered I/O for /system/apex/com.google.android.tzdata6.apex
[   31.758766] loop20: detected capacity change from 0 to 1672
[   31.759470] apexd: Fallback to buffered I/O for /vendor/apex/com.android.hardware.neuralnetworks.apex
[   31.759491] loop21: detected capacity change from 0 to 28736
[   31.763408] apexd: Fallback to buffered I/O for /system/apex/com.android.virt.apex
[   31.763431] loop22: detected capacity change from 0 to 174464
[   31.766471] apexd: Fallback to buffered I/O for /system_ext/apex/com.android.compos.apex
[   31.766511] loop23: detected capacity change from 0 to 8088
[   31.768672] apexd: Successfully mounted package /vendor/apex/com.android.hardware.contexthub.apex on /apex/com.android.hardware.contexthub@1 duration=3803
[   31.769416] EXT4-fs (loop20): mounted filesystem 7d1522e1-9dfa-5edb-a43e-98e3a4d20250 ro without journal. Quota mode: none.
[   31.769700] apexd: Successfully mounted package /system/apex/com.google.android.tzdata6.apex on /apex/com.android.tzdata@360527520 duration=3790
[   31.771756] EXT4-fs (loop19): mounted filesystem 7d1522e1-9dfa-5edb-a43e-98e3a4d20250 ro without journal. Quota mode: none.
[   31.772921] apexd: Successfully mounted package /vendor/apex/com.android.hardware.vibrator.apex on /apex/com.android.hardware.vibrator@1 duration=3803
[   31.775842] EXT4-fs (loop21): mounted filesystem 7d1522e1-9dfa-5edb-a43e-98e3a4d20250 ro without journal. Quota mode: none.
[   31.775896] apexd: Successfully mounted package /vendor/apex/com.android.hardware.neuralnetworks.apex on /apex/com.android.hardware.neuralnetworks@1 duration=3810
[   31.778375] apexd: Fallback to buffered I/O for /system/apex/com.android.runtime.apex
[   31.778398] loop24: detected capacity change from 0 to 9808
[   31.778864] init: Command 'exec - media_rw media_rw -- /system/bin/chattr +F /data/media' action=post-fs-data (/system/etc/init/hw/init.rc:938) took 3685ms and succeeded
[   31.798039] EXT4-fs (loop22): mounted filesystem 7d1522e1-9dfa-5edb-a43e-98e3a4d20250 ro without journal. Quota mode: none.
[   31.799381] EXT4-fs (loop24): mounted filesystem 7d1522e1-9dfa-5edb-a43e-98e3a4d20250 ro without journal. Quota mode: none.
[   31.799527] apexd: Successfully mounted package /system/apex/com.android.runtime.apex on /apex/com.android.runtime@1 duration=3808
[   31.800287] EXT4-fs (loop23): mounted filesystem 7d1522e1-9dfa-5edb-a43e-98e3a4d20250 ro without journal. Quota mode: none.
[   31.800389] apexd: Successfully mounted package /system_ext/apex/com.android.compos.apex on /apex/com.android.compos@3 duration=3812
[   31.806078] init: Service 'exec 7 (/system/bin/chattr +F /data/media)' (pid 311) exited with status 1 waiting took 3.710000 seconds
[   31.820952] apexd: Successfully mounted package /system/apex/com.android.virt.apex on /apex/com.android.virt@3 duration=3850
[   31.830279] init: Sending signal 9 to service 'exec 7 (/system/bin/chattr +F /data/media)' (pid 311) process group...
[   31.850717] apexd: Activated 20 packages.
[   31.865243] libprocessgroup: Removed cgroup /sys/fs/cgroup/system/uid_1023/pid_311
[   31.877887] apexd: Failed to scan /data/apex/active : Can't open /data/apex/active for reading : No such file or directory
[   31.905783] init: Command 'mkdir /data/cache 0770 system cache encryption=Require' action=post-fs-data (/system/etc/init/hw/init.rc:977) took 0ms and failed: mkdir() failed on /data/cache: Read-only file system
[   31.913744] apexd: Failed to scan /data/apex/decompressed : Can't open /data/apex/decompressed for reading : No such file or directory
[   31.937190] init: Command 'mkdir /data/rollback 0700 system system encryption=DeleteIfNecessary' action=post-fs-data (/system/etc/init/hw/init.rc:983) took 0ms and failed: mkdir() failed on /data/rollback: Read-only file system
[   31.953321] apexd: OnStart done, duration=4725
[   31.980871] init: Command 'mkdir /data/rollback-observer 0700 system system encryption=DeleteIfNecessary' action=post-fs-data (/system/etc/init/hw/init.rc:984) took 2ms and failed: mkdir() failed on /data/rollback-observer: Read-only file system
[   31.996600] AidlLazyServiceRegistrar: Registering service apexservice
[   32.022138] init: Command 'mkdir /data/rollback-history 0700 system system encryption=DeleteIfNecessary' action=post-fs-data (/system/etc/init/hw/init.rc:985) took 0ms and failed: mkdir() failed on /data/rollback-history: Read-only file system
[   32.065901] SELinux: SELinux: Loaded file context from:
[   32.068852] init: Command 'mkdir /data/incremental 0771 system system encryption=Require' action=post-fs-data (/system/etc/init/hw/init.rc:988) took 0ms and failed: mkdir() failed on /data/incremental: Read-only file system
[   32.088356] SELinux: 		/system/etc/selinux/plat_file_contexts
[   32.318944] init: starting service 'tombstoned'...
[   32.320381] SELinux: 		/system_ext/etc/selinux/system_ext_file_contexts
[   32.334636] init: Created socket '/dev/socket/tombstoned_crash', mode 666, user 1000, group 1000
[   32.344067] SELinux: 		/product/etc/selinux/product_file_contexts
[   32.368142] init: Created socket '/dev/socket/tombstoned_intercept', mode 666, user 1000, group 1000
[   32.386846] SELinux: 		/vendor/etc/selinux/vendor_file_contexts
[   32.409047] init: Created socket '/dev/socket/tombstoned_java_trace', mode 666, user 1000, group 1000
[   32.428317] SELinux: 		/odm/etc/selinux/odm_file_contexts
[   33.067117] apexd: Marking APEXd as activated
[   33.075347] init: Wait for property 'apexd.status=activated' took 954ms
[   33.078325] servicemanager: Notifying apexservice they do (previously: don't) have clients when service is guaranteed to be in use
[   33.102696] init: ... started service 'tombstoned' has pid 332
[   33.106364] AidlLazyServiceRegistrar: Process has 1 (of 1 available) client(s) in use after notification apexservice has clients: 1
[   33.107476] apexd: getActivePackages received by ApexService
[   33.115520] init: Service 'tombstoned' (pid 332) exited with status 1
[   33.134850] AidlLazyServiceRegistrar: Shutdown prevented by forcePersist override flag.
[   33.144254] init: Sending signal 9 to service 'tombstoned' (pid 332) process group...
[   33.182203] libprocessgroup: Removed cgroup /sys/fs/cgroup/system/uid_1058/pid_332
[   33.195848] init: start_waiting_for_property("keystore.module_hash.sent", "true"): already set
[   33.220824] init: Parsing file /apex/com.android.compos/etc/init.rc...
[   33.232250] init: Parsing file /apex/com.android.hardware.authsecret/etc/android.hardware.authsecret-service.example.rc...
[   33.250987] init: Parsing file /apex/com.android.hardware.cas/etc/cas-default.rc...
[   33.263824] init: Parsing file /apex/com.android.hardware.contexthub/etc/android.hardware.contexthub-service.example.rc...
[   33.282205] init: Parsing file /apex/com.android.hardware.dumpstate/etc/dumpstate-default.rc...
[   33.296794] init: Parsing file /apex/com.android.hardware.neuralnetworks/etc/android.hardware.neuralnetworks-service-sample-all.rc...
[   33.317300] init: Parsing file /apex/com.android.hardware.neuralnetworks/etc/android.hardware.neuralnetworks-service-sample-limited.rc...
[   33.337875] init: Parsing file /apex/com.android.hardware.neuralnetworks/etc/android.hardware.neuralnetworks-shim-service-sample.rc...
[   33.357883] init: Parsing file /apex/com.android.hardware.power/etc/com.android.hardware.power.rc...
[   33.373732] init: Parsing file /apex/com.android.hardware.rebootescrow/etc/rebootescrow-default.rc...
[   33.389182] init: Parsing file /apex/com.android.hardware.thermal/etc/android.hardware.thermal.example.rc...
[   33.406156] init: Parsing file /apex/com.android.hardware.threadnetwork/etc/threadnetwork-service-simulation-rcp.rc...
[   33.424069] init: Parsing file /apex/com.android.hardware.uwb/etc/uwb-service.rc...
[   33.436788] init: /apex/com.android.hardware.uwb/etc/uwb-service.rc: 1: ignored duplicate definition of service 'vendor.uwb_hal'
[   33.455404] init: Parsing file /apex/com.android.hardware.vibrator/etc/com.android.hardware.vibrator.rc...
[   33.470892] init: Parsing file /apex/com.google.android.widevine/etc/com.google.android.widevine.rc...
[   33.530176] init: linkerconfig generated /linkerconfig with mounted APEX modules info
[   33.544528] init: Command 'perform_apex_config' action=post-fs-data (/system/etc/init/hw/init.rc:1003) took 334ms and succeeded
[   33.563581] init: starting service 'system_aconfigd_mainline_init'...
[   33.598658] init: ... started service 'system_aconfigd_mainline_init' has pid 336
[   33.611453] init: SVC_EXEC service 'system_aconfigd_mainline_init' pid 336 (uid 1000 gid 1000+0 context default) started; waiting...
[   33.631130] init: Command 'exec_start system_aconfigd_mainline_init' action=post-fs-data (/system/etc/init/hw/init.rc:1005) took 67ms and succeeded
[   33.652139] init: Service 'system_aconfigd_mainline_init' (pid 336) exited with status 1 waiting took 0.077000 seconds
[   33.669248] init: Sending signal 9 to service 'system_aconfigd_mainline_init' (pid 336) process group...
[   33.685029] libprocessgroup: Removed cgroup /sys/fs/cgroup/system/uid_1000/pid_336
[   33.698444] init: starting service 'system_aconfigd_socket_service'...
[   33.709116] init: Created socket '/dev/socket/aconfigd_system', mode 666, user 1000, group 1000
[   33.727177] init: ... started service 'system_aconfigd_socket_service' has pid 337
[   33.739636] init: Command 'exec_start mainline_aconfigd_init' action=post-fs-data (/system/etc/init/hw/init.rc:1010) took 0ms and failed: Service not found
[   33.762052] init: Service 'system_aconfigd_socket_service' (pid 337) exited with status 0 oneshot service took 0.038000 seconds in background
[   33.782500] init: Sending signal 9 to service 'system_aconfigd_socket_service' (pid 337) process group...
[   33.798635] libprocessgroup: Removed cgroup /sys/fs/cgroup/system/uid_1000/pid_337
[   33.812397] init: Command 'start mainline_aconfigd_socket_service' action=post-fs-data (/system/etc/init/hw/init.rc:1011) took 0ms and failed: service mainline_aconfigd_socket_service not found
[   33.840242] init: Command 'exec_start derive_sdk' action=post-fs-data (/system/etc/init/hw/init.rc:1016) took 0ms and failed: Service not found
[   33.860865] init: starting service 'exec 8 (/system/bin/vdc --wait cryptfs init_user0)'...
[   33.896178] init: ... started service 'exec 8 (/system/bin/vdc --wait cryptfs init_user0)' has pid 338
[   33.912617] init: SVC_EXEC service 'exec 8 (/system/bin/vdc --wait cryptfs init_user0)' pid 338 (uid 0 gid 0+0 context default) started; waiting...
[   33.919667] vdc: Thread Pool max thread count is 0. Cannot cache binder as linkToDeath cannot be implemented. serviceName: vold
[   33.934472] init: Command 'init_user0' action=post-fs-data (/system/etc/init/hw/init.rc:1018) took 73ms and succeeded
[   33.970249] cutils: Failed to mkdir(/data/misc/vold/user_keys): No such file or directory
[   33.983796] vold: Failed to prepare /data/misc/vold/user_keys: No such file or directory
[   33.997407] vdc: Command: cryptfs init_user0 Failed: Status(-8, EX_SERVICE_SPECIFIC): '0: '
[   34.011369] init: Service 'exec 8 (/system/bin/vdc --wait cryptfs init_user0)' (pid 338) exited with status 25 waiting took 0.136000 seconds
[   34.031500] init: Sending signal 9 to service 'exec 8 (/system/bin/vdc --wait cryptfs init_user0)' (pid 338) process group...
[   34.050111] libprocessgroup: Removed cgroup /sys/fs/cgroup/system/uid_0/pid_338
[   34.062085] init: Exec service failed, status 25: Rebooting into recovery, reason: init_user0_failed
[   34.076683] init: Rebooting into recovery
[   34.083849] init: Could not reboot into recovery: Failed to set bootloader message: failed to find /misc partition
[   34.101905] init: InitFatalReboot: signal 6
[   34.121334] init:   #00 pc 000000000017df8c  /system/bin/init (android::init::InitFatalReboot(int)+300) (BuildId: d6760e10a5ba474388f0ef636c40834e)
[   34.143309] init:   #01 pc 00000000000ebe4a  /system/bin/init (android::init::InitAborter(char const*)+42) (BuildId: d6760e10a5ba474388f0ef636c40834e)
[   34.165554] init:   #02 pc 000000000001644e  /system/lib64/libbase.so (android::base::SetAborter(std::__1::function<void (char const*)>&&)::$_0::__invoke(char const*)+62) (BuildId: c4bb892a3d26e3710ae5096df0da1dee)
[   34.195987] init:   #03 pc 000000000001592e  /system/lib64/libbase.so (android::base::LogMessage::~LogMessage()+526) (BuildId: c4bb892a3d26e3710ae5096df0da1dee)
[   34.218989] init:   #04 pc 00000000001050f0  /system/bin/init (std::__1::__function::__func<android::init::ExecVdcRebootOnFailure(std::__1::basic_string<char, std::__1::char_traits<char>, std::__1::allocator<char>> const&)::$_0, std::__1::allocator<android::init::ExecVdcRebootOnFailure(std::__1::basic_string<char, std::__1::char_traits<char>, std::__1::allocator<char>> const&)::$_0>, void (std::__1::basic_string<char, std::__1::char_traits<char>, std::__1::allocator<char>> const&)>::operator()(std::__1::basic_string<char, std::__1::char_traits<char>, std::__1::allocator<char>> const&) (.434eab35e3ed8fd25406ffd98614a425)+880) (BuildId: d6760e10a5ba474388f0ef636c40834e)
[   34.312484] init:   #05 pc 0000000000104bca  /system/bin/init (std::__1::__function::__func<android::init::ExecWithFunctionOnFailure(std::__1::vector<std::__1::basic_string<char, std::__1::char_traits<char>, std::__1::allocator<char>>, std::__1::allocator<std::__1::basic_string<char, std::__1::char_traits<char>, std::__1::allocator<char>>>> const&, std::__1::function<void (std::__1::basic_string<char, std::__1::char_traits<char>, std::__1::allocator<char>> const&)>)::$_0, std::__1::allocator<android::init::ExecWithFunctionOnFailure(std::__1::vector<std::__1::basic_string<char, std::__1::char_traits<char>, std::__1::allocator<char>>, std::__1::allocator<std::__1::basic_string<char, std::__1::char_traits<char>, std::__1::allocator<char>>>> const&, std::__1::function<void (std::__1::basic_string<char, std::__1::char_traits<char>, std::__1::allocator<char>> const&)>)::$_0>, void (siginfo const&)>::operator()(siginfo const&) (.434eab35e3ed8fd25406ffd98614a425)+74) (BuildId: 
[   34.312493] init: **previous message missing 33 bytes** 1009-byte message too long for printk
[   34.462897] init:   #06 pc 0000000000109f55  /system/bin/init (android::init::Service::Reap(siginfo const&)+277) (BuildId: d6760e10a5ba474388f0ef636c40834e)
[   34.485754] init:   #07 pc 0000000000191109  /system/bin/init (android::init::ReapAnyOutstandingChildren()+569) (BuildId: d6760e10a5ba474388f0ef636c40834e)
[   34.507881] init:   #08 pc 0000000000147e72  /system/bin/init (std::__1::__function::__func<std::__1::set<int, std::__1::less<int>, std::__1::allocator<int>> (*)(), std::__1::allocator<std::__1::set<int, std::__1::less<int>, std::__1::allocator<int>> (*)()>, void ()>::operator()()+34) (BuildId: d6760e10a5ba474388f0ef636c40834e)
[   34.554785] init:   #09 pc 0000000000149b58  /system/bin/init (android::init::Epoll::Wait(std::__1::optional<std::__1::chrono::duration<long long, std::__1::ratio<1l, 1000l>>>)+632) (BuildId: d6760e10a5ba474388f0ef636c40834e)
[   34.586600] init:   #10 pc 000000000014258b  /system/bin/init (android::init::SecondStageMain(int, char**)+12219) (BuildId: d6760e10a5ba474388f0ef636c40834e)
[   34.608002] init:   #11 pc 0000000000064dc5  /system/lib64/bootstrap/libc.so (__libc_init+117) (BuildId: fcb82240218d1473de1e3d2137c0be35)
[   34.627719] init: Reboot ending, jumping to kernel
[   34.697192] ACPI: PM: Preparing to enter system sleep state S5
[   34.708912] reboot: Restarting system with command 'bootloader'
[   34.718225] reboot: machine restart
No EFI environment detected.
early console in extract_kernel
input_data: 0x0000000002ac92c4
input_len: 0x000000000137e450
output: 0x0000000001000000
output_len: 0x0000000002df8f9c
kernel_total_size: 0x0000000002a2c000
needed_size: 0x0000000002e00000
trampoline_32bit: 0x0000000000000000
Physical KASLR using RDTSC...
Virtual KASLR using RDTSC...

Decompressing Linux... Parsing ELF... Performing relocations... done.
Booting the kernel (entry_offset: 0x0000000000000000).
[    0.000000] Linux version 6.6.66-android15-8-gb66429556fb8-ab13070261 (kleaf@build-host) (Android (11368308, +pgo, +bolt, +lto, +mlgo, based on r510928) clang version 18.0.0 (https://android.googlesource.com/toolchain/llvm-project 477610d4d0d988e69dbc3fae4fe86bff3f07f2b5), LLD 18.0.0) #1 SMP PREEMPT Fri Feb 14 22:29:59 UTC 2025
[    0.000000] Command line: 8250.nr_uarts=1 clocksource=pit no_timer_check console=ttyS0,38400 earlyprintk=ttyS0 ndns=3 loop.max_part=7 ramoops.mem_address=0xff018000 ramoops.mem_size=0x10000 memmap=0x10000$0xff018000 printk.devkmsg=on bootconfig ndns=3 mac80211_hwsim.radios=0
[    0.000000] BIOS-provided physical RAM map:
[    0.000000] BIOS-e820: [mem 0x0000000000000000-0x000000000009fbff] usable
[    0.000000] BIOS-e820: [mem 0x000000000009fc00-0x000000000009ffff] reserved
[    0.000000] BIOS-e820: [mem 0x00000000000f0000-0x00000000000fffff] reserved
[    0.000000] BIOS-e820: [mem 0x0000000000100000-0x000000007ffd3fff] usable
[    0.000000] BIOS-e820: [mem 0x000000007ffd4000-0x000000007fffffff] reserved
[    0.000000] BIOS-e820: [mem 0x00000000feffc000-0x00000000feffffff] reserved
[    0.000000] BIOS-e820: [mem 0x00000000fffc0000-0x00000000ffffffff] reserved
[    0.000000] stackdepot: disabled
[    0.000000] printk: bootconsole [earlyser0] enabled
[    0.000000] NX (Execute Disable) protection: active
[    0.000000] APIC: Static calls initialized
[    0.000000] user-defined physical RAM map:
[    0.000000] user: [mem 0x0000000000000000-0x000000000009fbff] usable
[    0.000000] user: [mem 0x000000000009fc00-0x000000000009ffff] reserved
[    0.000000] user: [mem 0x00000000000f0000-0x00000000000fffff] reserved
[    0.000000] user: [mem 0x0000000000100000-0x000000007ffd3fff] usable
[    0.000000] user: [mem 0x000000007ffd4000-0x000000007fffffff] reserved
[    0.000000] user: [mem 0x00000000feffc000-0x00000000feffffff] reserved
[    0.000000] user: [mem 0x00000000ff018000-0x00000000ff027fff] reserved
[    0.000000] user: [mem 0x00000000fffc0000-0x00000000ffffffff] reserved
[    0.000000] SMBIOS 2.8 present.
[    0.000000] DMI: QEMU Standard PC (i440FX + PIIX, 1996), BIOS rel-1.11.1-0-g0551a4be2c-prebuilt.qemu-project.org 04/01/2014
[    0.000000] last_pfn = 0x7ffd4 max_arch_pfn = 0x400000000
[    0.000000] MTRR map: 4 entries (3 fixed + 1 variable; max 19), built from 8 variable MTRRs
[    0.000000] x86/PAT: PAT not supported by the CPU.
[    0.000000] x86/PAT: Configuration [0-7]: WB  WT  UC- UC  WB  WT  UC- UC  
Memory KASLR using RDTSC...
[    0.000000] found SMP MP-table at [mem 0x000f5ab0-0x000f5abf]
[    0.000000] RAMDISK: [mem 0x7fdfe000-0x7ffcffff]
[    0.000000] ACPI: Early table checksum verification disabled
[    0.000000] ACPI: RSDP 0x00000000000F58B0 000014 (v00 BOCHS )
[    0.000000] ACPI: RSDT 0x000000007FFE1C02 000030 (v01 BOCHS  BXPCRSDT 00000001 BXPC 00000001)
[    0.000000] ACPI: FACP 0x000000007FFE1AC6 000074 (v01 BOCHS  BXPCFACP 00000001 BXPC 00000001)
[    0.000000] ACPI: DSDT 0x000000007FFE0040 001A86 (v01 BOCHS  BXPCDSDT 00000001 BXPC 00000001)
[    0.000000] ACPI: FACS 0x000000007FFE0000 000040
[    0.000000] ACPI: APIC 0x000000007FFE1B3A 000090 (v01 BOCHS  BXPCAPIC 00000001 BXPC 00000001)
[    0.000000] ACPI: HPET 0x000000007FFE1BCA 000038 (v01 BOCHS  BXPCHPET 00000001 BXPC 00000001)
[    0.000000] ACPI: Reserving FACP table memory at [mem 0x7ffe1ac6-0x7ffe1b39]
[    0.000000] ACPI: Reserving DSDT table memory at [mem 0x7ffe0040-0x7ffe1ac5]
[    0.000000] ACPI: Reserving FACS table memory at [mem 0x7ffe0000-0x7ffe003f]
[    0.000000] ACPI: Reserving APIC table memory at [mem 0x7ffe1b3a-0x7ffe1bc9]
[    0.000000] ACPI: Reserving HPET table memory at [mem 0x7ffe1bca-0x7ffe1c01]
[    0.000000] Zone ranges:
[    0.000000]   DMA32    [mem 0x0000000000001000-0x000000007ffd3fff]
[    0.000000]   Normal   empty
[    0.000000] Movable zone start for each node
[    0.000000] NoSplit zone start for each node
[    0.000000] NoMerge zone start for each node
[    0.000000] Early memory node ranges
[    0.000000]   node   0: [mem 0x0000000000001000-0x000000000009efff]
[    0.000000]   node   0: [mem 0x0000000000100000-0x000000007ffd3fff]
[    0.000000] Initmem setup node 0 [mem 0x0000000000001000-0x000000007ffd3fff]
[    0.000000] On node 0, zone DMA32: 1 pages in unavailable ranges
[    0.000000] On node 0, zone DMA32: 97 pages in unavailable ranges
[    0.000000] On node 0, zone DMA32: 44 pages in unavailable ranges
[    0.000000] ACPI: LAPIC_NMI (acpi_id[0xff] dfl dfl lint[0x1])
[    0.000000] IOAPIC[0]: apic_id 0, version 17, address 0xfec00000, GSI 0-23
[    0.000000] ACPI: INT_SRC_OVR (bus 0 bus_irq 0 global_irq 2 dfl dfl)
[    0.000000] ACPI: INT_SRC_OVR (bus 0 bus_irq 5 global_irq 5 high level)
[    0.000000] ACPI: INT_SRC_OVR (bus 0 bus_irq 9 global_irq 9 high level)
[    0.000000] ACPI: INT_SRC_OVR (bus 0 bus_irq 10 global_irq 10 high level)
[    0.000000] ACPI: INT_SRC_OVR (bus 0 bus_irq 11 global_irq 11 high level)
[    0.000000] ACPI: Using ACPI (MADT) for SMP configuration information
[    0.000000] ACPI: HPET id: 0x8086a201 base: 0xfed00000
[    0.000000] smpboot: Allowing 4 CPUs, 0 hotplug CPUs
[    0.000000] PM: hibernation: Registered nosave memory: [mem 0x00000000-0x00000fff]
[    0.000000] PM: hibernation: Registered nosave memory: [mem 0x0009f000-0x0009ffff]
[    0.000000] PM: hibernation: Registered nosave memory: [mem 0x000a0000-0x000effff]
[    0.000000] PM: hibernation: Registered nosave memory: [mem 0x000f0000-0x000fffff]
[    0.000000] [mem 0x80000000-0xfeffbfff] available for PCI devices
[    0.000000] Booting paravirtualized kernel on bare hardware
[    0.000000] clocksource: refined-jiffies: mask: 0xffffffff max_cycles: 0xffffffff, max_idle_ns: 7645519600211568 ns
[    0.000000] Load bootconfig: 1852 bytes 69 nodes
[    0.000000] setup_percpu: NR_CPUS:32 nr_cpumask_bits:4 nr_cpu_ids:4 nr_node_ids:1
[    0.000000] percpu: Embedded 56 pages/cpu s192488 r8192 d28696 u524288
[    0.000000] Kernel command line: console=ttynull stack_depot_disable=on cgroup_disable=pressure bootconfig 8250.nr_uarts=1 clocksource=pit no_timer_check console=ttyS0,38400 earlyprintk=ttyS0 ndns=3 loop.max_part=7 ramoops.mem_address=0xff018000 ramoops.mem_size=0x10000 memmap=0x10000$0xff018000 printk.devkmsg=on bootconfig ndns=3 mac80211_hwsim.radios=0
[    0.000000] cgroup: Disabling pressure control group feature
[    0.000000] Unknown kernel command line parameters "ndns=3", will be passed to user space.
[    0.000000] Dentry cache hash table entries: 262144 (order: 9, 2097152 bytes, linear)
[    0.000000] Inode-cache hash table entries: 131072 (order: 8, 1048576 bytes, linear)
[    0.000000] Built 1 zonelists, mobility grouping on.  Total pages: 515796
[    0.000000] mem auto-init: stack:all(zero), heap alloc:on, heap free:off
[    0.000000] Memory: 2013284K/2096584K available (22528K kernel code, 2113K rwdata, 14024K rodata, 2968K init, 856K bss, 83040K reserved, 0K cma-reserved)
[    0.000000] SLUB: HWalign=64, Order=0-3, MinObjects=0, CPUs=4, Nodes=1
[    0.000000] Kernel/User page tables isolation: enabled
Poking KASLR using RDTSC...
[    0.000000] rcu: Preemptible hierarchical RCU implementation.
[    0.000000] rcu: 	RCU event tracing is enabled.
[    0.000000] rcu: 	RCU restricting CPUs from NR_CPUS=32 to nr_cpu_ids=4.
[    0.000000] rcu: 	RCU priority boosting: priority 1 delay 500 ms.
[    0.000000] 	Trampoline variant of Tasks RCU enabled.
[    0.000000] 	Tracing variant of Tasks RCU enabled.
[    0.000000] rcu: RCU calculated value of scheduler-enlistment delay is 25 jiffies.
[    0.000000] rcu: Adjusting geometry for rcu_fanout_leaf=16, nr_cpu_ids=4
[    0.000000] NR_IRQS: 4352, nr_irqs: 456, preallocated irqs: 16
[    0.000000] rcu: srcu_init: Setting srcu_struct sizes based on contention.
[    0.000000] kfence: initialized - using 524288 bytes for 63 objects at 0x(____ptrval____)-0x(____ptrval____)
[    0.000000] printk: console [ttyS0] enabled
[    0.000000] printk: console [ttyS0] enabled
[    0.000000] printk: bootconsole [earlyser0] disabled
[    0.000000] printk: bootconsole [earlyser0] disabled
[    0.000000] ACPI: Core revision 20230628
[    0.000000] clocksource: hpet: mask: 0xffffffff max_cycles: 0xffffffff, max_idle_ns: 19112604467 ns
[    0.004000] APIC: Switch to symmetric I/O mode setup
[    0.008000] ..TIMER: vector=0x30 apic1=0 pin1=2 apic2=-1 pin2=-1
[    0.020000] tsc: Unable to calibrate against PIT
[    0.024000] tsc: using HPET reference calibration
[    0.028000] tsc: Detected 2304.008 MHz processor
[    0.000006] clocksource: tsc-early: mask: 0xffffffffffffffff max_cycles: 0x2135ff989ae, max_idle_ns: 440795290363 ns
[    0.019644] Calibrating delay loop (skipped), value calculated using timer frequency.. 4608.01 BogoMIPS (lpj=9216032)
[    0.024126] Last level iTLB entries: 4KB 0, 2MB 0, 4MB 0
[    0.027642] Last level dTLB entries: 4KB 0, 2MB 0, 4MB 0, 1GB 0
[    0.031651] Spectre V1 : Mitigation: usercopy/swapgs barriers and __user pointer sanitization
[    0.035649] Spectre V2 : Mitigation: Retpolines
[    0.039643] Spectre V2 : Spectre v2 / SpectreRSB mitigation: Filling RSB on context switch
[    0.043645] Spectre V2 : Spectre v2 / SpectreRSB : Filling RSB on VMEXIT
[    0.047645] Speculative Store Bypass: Vulnerable
[    0.051646] MDS: Vulnerable: Clear CPU buffers attempted, no microcode
[    0.055646] MMIO Stale Data: Unknown: No mitigations
[    0.059665] x86/fpu: x87 FPU will use FXSAVE
[    0.101745] SMP alternatives: Using kCFI
[    0.125394] Freeing SMP alternatives memory: 56K
[    0.127652] pid_max: default: 32768 minimum: 301
[    0.132271] LSM: initializing lsm=capability,selinux,bpf,integrity
[    0.136040] SELinux:  Initializing.
[    0.140719] LSM support for eBPF active
[    0.143912] Mount-cache hash table entries: 4096 (order: 3, 32768 bytes, linear)
[    0.147702] Mountpoint-cache hash table entries: 4096 (order: 3, 32768 bytes, linear)
[    0.370930] smpboot: CPU0: Intel Android virtual processor (family: 0x6, model: 0x6, stepping: 0x3)
[    0.372273] RCU Tasks: Setting shift to 2 and lim to 1 rcu_task_cb_adjust=1.
[    0.375727] RCU Tasks Trace: Setting shift to 2 and lim to 1 rcu_task_cb_adjust=1.
[    0.379722] Performance Events: generic architected perfmon, PMU not available due to virtualization, using software events only.
[    0.383682] signal: max sigframe size: 1440
[    0.387792] rcu: Hierarchical SRCU implementation.
[    0.391645] rcu: 	Max phase no-delay instances is 1000.
[    0.396353] dyndbg: Ignore empty _ddebug table in a CONFIG_DYNAMIC_DEBUG_CORE build
[    0.400008] smp: Bringing up secondary CPUs ...
[    0.404141] smpboot: x86: Booting SMP configuration:
[    0.407655] .... node  #0, CPUs:      #1 #2 #3
[    0.417647] TSC synchronization [CPU#0 -> CPU#1]:
[    0.419637] Measured 13196642 cycles TSC warp between CPUs, turning off TSC clock.
[    0.419655] tsc: Marking TSC unstable due to check_tsc_sync_source failed
[    0.000000] calibrate_delay_direct() dropping min bogoMips estimate 0 = 5977111
[    0.000000] calibrate_delay_direct() dropping max bogoMips estimate 3 = 10829568
[    1.675921] smp: Brought up 1 node, 4 CPUs
[    1.679640] smpboot: Max logical packages: 1
[    1.683647] smpboot: Total of 4 processors activated (18557.98 BogoMIPS)
[    1.700257] x86/mm: Memory block size: 128MB
[    1.704633] clocksource: jiffies: mask: 0xffffffff max_cycles: 0xffffffff, max_idle_ns: 7645041785100000 ns
[    1.707728] futex hash table entries: 1024 (order: 4, 65536 bytes, linear)
[    1.718516] NET: Registered PF_NETLINK/PF_ROUTE protocol family
[    1.720085] audit: initializing netlink subsys (disabled)
[    1.723752] audit: type=2000 audit(1786547617.740:1): state=initialized audit_enabled=0 res=1
[    1.723752] ramoops: using module parameters
[    1.732183] pstore: Using crash dump compression: deflate
[    1.735653] printk: console [ramoops-1] enabled
[    1.739754] pstore: Registered ramoops as persistent store backend
[    1.747646] ramoops: using 0x10000@0xff018000, ecc: 0
[    1.751944] thermal_sys: Registered thermal governor 'bang_bang'
[    1.751946] thermal_sys: Registered thermal governor 'step_wise'
[    1.755648] thermal_sys: Registered thermal governor 'user_space'
[    1.759699] cpuidle: using governor menu
[    1.768309] PCI: Using configuration type 1 for base access
[    1.772131] kprobes: kprobe jump-optimization is enabled. All kprobes are optimized if possible.
[    1.775886] cryptd: max_cpu_qlen set to 1000
[    1.784119] ACPI: Added _OSI(Module Device)
[    1.791649] ACPI: Added _OSI(Processor Device)
[    1.799644] ACPI: Added _OSI(3.0 _SCP Extensions)
[    1.803649] ACPI: Added _OSI(Processor Aggregator Device)
[    1.816232] ACPI: 1 ACPI AML tables successfully acquired and loaded
[    1.824254] ACPI: _OSC evaluation for CPUs failed, trying _PDC
[    1.835779] ACPI: Interpreter enabled
[    1.839677] ACPI: PM: (supports S0 S3 S4 S5)
[    1.847642] ACPI: Using IOAPIC for interrupt routing
[    1.855688] PCI: Using host bridge windows from ACPI; if necessary, use "pci=nocrs" and report a bug
[    1.867644] PCI: Using E820 reservations for host bridge windows
[    1.875793] ACPI: Enabled 2 GPEs in block 00 to 0F
[    1.889332] ACPI: PCI Root Bridge [PCI0] (domain 0000 [bus 00-ff])
[    1.895659] acpi PNP0A03:00: _OSC: OS supports [ASPM ClockPM Segments MSI HPX-Type3]
[    1.907649] acpi PNP0A03:00: _OSC: not requesting OS control; OS requires [ExtendedConfig ASPM ClockPM MSI]
[    1.923688] acpi PNP0A03:00: fail to add MMCONFIG information, can't access extended configuration space under this bridge
[    1.943841] PCI host bridge to bus 0000:00
[    1.947651] pci_bus 0000:00: root bus resource [io  0x0000-0x0cf7 window]
[    1.959649] pci_bus 0000:00: root bus resource [io  0x0d00-0xffff window]
[    1.967645] pci_bus 0000:00: root bus resource [mem 0x000a0000-0x000bffff window]
[    1.979651] pci_bus 0000:00: root bus resource [mem 0x80000000-0xfebfffff window]
[    1.991649] pci_bus 0000:00: root bus resource [mem 0x400000000-0x80005ffff window]
[    2.003650] pci_bus 0000:00: root bus resource [bus 00-ff]
[    2.011784] pci 0000:00:00.0: [8086:1237] type 00 class 0x060000
[    2.024625] pci 0000:00:01.0: [8086:7000] type 00 class 0x060100
[    2.032853] pci 0000:00:01.1: [8086:7010] type 00 class 0x010180
[    2.050687] pci 0000:00:01.1: reg 0x20: [io  0xc2a0-0xc2af]
[    2.061945] pci 0000:00:01.1: legacy IDE quirk: reg 0x10: [io  0x01f0-0x01f7]
[    2.075647] pci 0000:00:01.1: legacy IDE quirk: reg 0x14: [io  0x03f6]
[    2.083644] pci 0000:00:01.1: legacy IDE quirk: reg 0x18: [io  0x0170-0x0177]
[    2.095648] pci 0000:00:01.1: legacy IDE quirk: reg 0x1c: [io  0x0376]
[    2.107776] pci 0000:00:01.3: [8086:7113] type 00 class 0x068000
[    2.116566] pci 0000:00:01.3: quirk: [io  0x0600-0x063f] claimed by PIIX4 ACPI
[    2.127670] pci 0000:00:01.3: quirk: [io  0x0700-0x070f] claimed by PIIX4 SMB
[    2.139738] pci 0000:00:01.3: quirk_piix4_acpi+0x0/0x410 took 23437 usecs
[    2.152213] pci 0000:00:02.0: [1af4:1019] type 00 class 0x040100
[    2.163641] pci 0000:00:02.0: reg 0x10: [io  0xc200-0xc21f]
[    2.182325] pci 0000:00:02.0: reg 0x20: [mem 0x800000000-0x800003fff 64bit pref]
[    2.201089] pci 0000:00:03.0: [1af4:1001] type 00 class 0x010000
[    2.215643] pci 0000:00:03.0: reg 0x10: [io  0xc000-0xc03f]
[    2.229729] pci 0000:00:03.0: reg 0x14: [mem 0xfebc0000-0xfebc0fff]
[    2.246061] pci 0000:00:03.0: reg 0x18: [io  0xc2b0-0xc2b3]
[    2.266154] pci 0000:00:03.0: reg 0x20: [mem 0x800004000-0x800007fff 64bit pref]
[    2.285426] pci 0000:00:04.0: [1af4:1001] type 00 class 0x010000
[    2.301861] pci 0000:00:04.0: reg 0x10: [io  0xc040-0xc07f]
[    2.317781] pci 0000:00:04.0: reg 0x14: [mem 0xfebc1000-0xfebc1fff]
[    2.331642] pci 0000:00:04.0: reg 0x18: [io  0xc2b4-0xc2b7]
[    2.351643] pci 0000:00:04.0: reg 0x20: [mem 0x800008000-0x80000bfff 64bit pref]
[    2.369318] pci 0000:00:05.0: [1af4:1001] type 00 class 0x010000
[    2.386200] pci 0000:00:05.0: reg 0x10: [io  0xc080-0xc0bf]
[    2.399642] pci 0000:00:05.0: reg 0x14: [mem 0xfebc2000-0xfebc2fff]
[    2.415643] pci 0000:00:05.0: reg 0x18: [io  0xc2b8-0xc2bb]
[    2.435643] pci 0000:00:05.0: reg 0x20: [mem 0x80000c000-0x80000ffff 64bit pref]
[    2.456907] pci 0000:00:06.0: [1af4:1001] type 00 class 0x010000
[    2.470230] pci 0000:00:06.0: reg 0x10: [io  0xc0c0-0xc0ff]
[    2.485863] pci 0000:00:06.0: reg 0x14: [mem 0xfebc3000-0xfebc3fff]
[    2.502142] pci 0000:00:06.0: reg 0x18: [io  0xc2bc-0xc2bf]
[    2.519644] pci 0000:00:06.0: reg 0x20: [mem 0x800010000-0x800013fff 64bit pref]
[    2.541796] pci 0000:00:07.0: [1af4:1001] type 00 class 0x010000
[    2.555643] pci 0000:00:07.0: reg 0x10: [io  0xc100-0xc13f]
[    2.571644] pci 0000:00:07.0: reg 0x14: [mem 0xfebc4000-0xfebc4fff]
[    2.587647] pci 0000:00:07.0: reg 0x18: [io  0xc2c0-0xc2c3]
[    2.607642] pci 0000:00:07.0: reg 0x20: [mem 0x800014000-0x800017fff 64bit pref]
[    2.628609] pci 0000:00:08.0: [1af4:1001] type 00 class 0x010000
[    2.641881] pci 0000:00:08.0: reg 0x10: [io  0xc140-0xc17f]
[    2.658005] pci 0000:00:08.0: reg 0x14: [mem 0xfebc5000-0xfebc5fff]
[    2.675642] pci 0000:00:08.0: reg 0x18: [io  0xc2c4-0xc2c7]
[    2.691643] pci 0000:00:08.0: reg 0x20: [mem 0x800018000-0x80001bfff 64bit pref]
[    2.713340] pci 0000:00:09.0: [1af4:1000] type 00 class 0x020000
[    2.729503] pci 0000:00:09.0: reg 0x10: [io  0xc220-0xc23f]
[    2.743642] pci 0000:00:09.0: reg 0x14: [mem 0xfebc6000-0xfebc6fff]
[    2.763644] pci 0000:00:09.0: reg 0x20: [mem 0x80001c000-0x80001ffff 64bit pref]
[    2.785560] pci 0000:00:09.0: reg 0x30: [mem 0xfeb80000-0xfebbffff pref]
[    2.797187] pci 0000:00:0a.0: [1af4:1003] type 00 class 0x078000
[    2.810665] pci 0000:00:0a.0: reg 0x10: [io  0xc180-0xc1bf]
[    2.823643] pci 0000:00:0a.0: reg 0x14: [mem 0xfebc7000-0xfebc7fff]
[    2.847049] pci 0000:00:0a.0: reg 0x20: [mem 0x800020000-0x800023fff 64bit pref]
[    2.864443] pci 0000:00:0b.0: [607d:f153] type 00 class 0x00ff00
[    2.876970] pci 0000:00:0b.0: reg 0x10: [mem 0xfebc8000-0xfebc8fff]
[    2.889762] pci 0000:00:0b.0: reg 0x14: [mem 0x400000000-0x7ffffffff 64bit]
[    2.913243] pci 0000:00:0c.0: [1af4:1003] type 00 class 0x078000
[    2.927642] pci 0000:00:0c.0: reg 0x10: [io  0xc1c0-0xc1ff]
[    2.941336] pci 0000:00:0c.0: reg 0x14: [mem 0xfebc9000-0xfebc9fff]
[    2.961556] pci 0000:00:0c.0: reg 0x20: [mem 0x800024000-0x800027fff 64bit pref]
[    2.981137] pci 0000:00:0d.0: [1af4:1005] type 00 class 0x00ff00
[    2.993538] pci 0000:00:0d.0: reg 0x10: [io  0xc240-0xc25f]
[    3.014497] pci 0000:00:0d.0: reg 0x20: [mem 0x800028000-0x80002bfff 64bit pref]
[    3.033160] pci 0000:00:0e.0: [1af4:1052] type 00 class 0x098000
[    3.047645] pci 0000:00:0e.0: reg 0x14: [mem 0xfebca000-0xfebcafff]
[    3.067645] pci 0000:00:0e.0: reg 0x20: [mem 0x80002c000-0x80002ffff 64bit pref]
[    3.085181] pci 0000:00:0f.0: [1af4:1052] type 00 class 0x098000
[    3.102526] pci 0000:00:0f.0: reg 0x14: [mem 0xfebcb000-0xfebcbfff]
[    3.121059] pci 0000:00:0f.0: reg 0x20: [mem 0x800030000-0x800033fff 64bit pref]
[    3.140296] pci 0000:00:10.0: [1af4:1052] type 00 class 0x098000
[    3.154245] pci 0000:00:10.0: reg 0x14: [mem 0xfebcc000-0xfebccfff]
[    3.173222] pci 0000:00:10.0: reg 0x20: [mem 0x800034000-0x800037fff 64bit pref]
[    3.191693] pci 0000:00:11.0: [1af4:1052] type 00 class 0x098000
[    3.206151] pci 0000:00:11.0: reg 0x14: [mem 0xfebcd000-0xfebcdfff]
[    3.224649] pci 0000:00:11.0: reg 0x20: [mem 0x800038000-0x80003bfff 64bit pref]
[    3.241178] pci 0000:00:12.0: [1af4:1052] type 00 class 0x098000
[    3.254335] pci 0000:00:12.0: reg 0x14: [mem 0xfebce000-0xfebcefff]
[    3.271644] pci 0000:00:12.0: reg 0x20: [mem 0x80003c000-0x80003ffff 64bit pref]
[    3.289459] pci 0000:00:13.0: [1af4:1052] type 00 class 0x098000
[    3.304930] pci 0000:00:13.0: reg 0x14: [mem 0xfebcf000-0xfebcffff]
[    3.322147] pci 0000:00:13.0: reg 0x20: [mem 0x800040000-0x800043fff 64bit pref]
[    3.336178] pci 0000:00:14.0: [1af4:1052] type 00 class 0x098000
[    3.354334] pci 0000:00:14.0: reg 0x14: [mem 0xfebd0000-0xfebd0fff]
[    3.373036] pci 0000:00:14.0: reg 0x20: [mem 0x800044000-0x800047fff 64bit pref]
[    3.392521] pci 0000:00:15.0: [1af4:1052] type 00 class 0x098000
[    3.407205] pci 0000:00:15.0: reg 0x14: [mem 0xfebd1000-0xfebd1fff]
[    3.424570] pci 0000:00:15.0: reg 0x20: [mem 0x800048000-0x80004bfff 64bit pref]
[    3.440411] pci 0000:00:16.0: [1af4:1052] type 00 class 0x098000
[    3.457144] pci 0000:00:16.0: reg 0x14: [mem 0xfebd2000-0xfebd2fff]
[    3.474257] pci 0000:00:16.0: reg 0x20: [mem 0x80004c000-0x80004ffff 64bit pref]
[    3.493010] pci 0000:00:17.0: [1af4:1052] type 00 class 0x098000
[    3.507249] pci 0000:00:17.0: reg 0x14: [mem 0xfebd3000-0xfebd3fff]
[    3.527643] pci 0000:00:17.0: reg 0x20: [mem 0x800050000-0x800053fff 64bit pref]
[    3.545169] pci 0000:00:18.0: [1af4:1052] type 00 class 0x098000
[    3.559644] pci 0000:00:18.0: reg 0x14: [mem 0xfebd4000-0xfebd4fff]
[    3.577067] pci 0000:00:18.0: reg 0x20: [mem 0x800054000-0x800057fff 64bit pref]
[    3.597351] pci 0000:00:19.0: [1af4:1052] type 00 class 0x090000
[    3.611643] pci 0000:00:19.0: reg 0x14: [mem 0xfebd5000-0xfebd5fff]
[    3.632617] pci 0000:00:19.0: reg 0x20: [mem 0x800058000-0x80005bfff 64bit pref]
[    3.649060] pci 0000:00:1a.0: [1af4:100a] type 00 class 0x020000
[    3.662234] pci 0000:00:1a.0: reg 0x10: [io  0xc260-0xc27f]
[    3.673610] pci 0000:00:1a.0: reg 0x14: [mem 0xfebd6000-0xfebd6fff]
[    3.699899] pci 0000:00:1b.0: [1af4:1012] type 00 class 0x078000
[    3.717769] pci 0000:00:1b.0: reg 0x10: [io  0xc280-0xc29f]
[    3.734614] pci 0000:00:1b.0: reg 0x14: [mem 0xfebd7000-0xfebd7fff]
[    3.757766] pci 0000:00:1b.0: reg 0x20: [mem 0x80005c000-0x80005ffff 64bit pref]
[    3.780143] ACPI: PCI: Interrupt link LNKA configured for IRQ 10
[    3.791864] ACPI: PCI: Interrupt link LNKB configured for IRQ 10
[    3.799842] ACPI: PCI: Interrupt link LNKC configured for IRQ 11
[    3.811845] ACPI: PCI: Interrupt link LNKD configured for IRQ 11
[    3.823768] ACPI: PCI: Interrupt link LNKS configured for IRQ 9
[    3.836591] iommu: Default domain type: Translated
[    3.843680] iommu: DMA domain TLB invalidation policy: lazy mode
[    3.855972] SCSI subsystem initialized
[    3.863721] ACPI: bus type USB registered
[    3.867756] usbcore: registered new interface driver usbfs
[    3.879691] usbcore: registered new interface driver hub
[    3.887689] usbcore: registered new device driver usb
[    3.899742] mc: Linux media interface: v0.10
[    3.907720] videodev: Linux video capture interface: v2.00
[    3.915764] EDAC MC: Ver: 3.0.0
[    3.925075] Advanced Linux Sound Architecture Driver Initialized.
[    3.936230] PCI: Using ACPI for IRQ routing
[    3.943787] vgaarb: loaded
[    3.951845] hpet: 3 channels of 0 reserved for per-cpu timers
[    3.963669] hpet0: at MMIO 0xfed00000, IRQs 2, 8, 0
[    3.971650] hpet0: 3 comparators, 64-bit 100.000000 MHz counter
[    3.991009] clocksource: Switched to clocksource hpet
[    3.998480] VFS: Disk quotas dquot_6.6.0
[    4.005602] VFS: Dquot-cache hash table entries: 512 (order 0, 4096 bytes)
[    4.018150] pnp: PnP ACPI init
[    4.024310] pnp: PnP ACPI: found 5 devices
[    4.032285] NET: Registered PF_INET protocol family
[    4.041758] IP idents hash table entries: 32768 (order: 6, 262144 bytes, linear)
[    4.057048] tcp_listen_portaddr_hash hash table entries: 1024 (order: 2, 16384 bytes, linear)
[    4.074391] Table-perturb hash table entries: 65536 (order: 6, 262144 bytes, linear)
[    4.088981] TCP established hash table entries: 16384 (order: 5, 131072 bytes, linear)
[    4.104550] TCP bind hash table entries: 16384 (order: 7, 524288 bytes, linear)
[    4.118456] TCP: Hash tables configured (established 16384 bind 16384)
[    4.130935] UDP hash table entries: 1024 (order: 3, 32768 bytes, linear)
[    4.143314] UDP-Lite hash table entries: 1024 (order: 3, 32768 bytes, linear)
[    4.156767] NET: Registered PF_UNIX/PF_LOCAL protocol family
[    4.167425] NET: Registered PF_XDP protocol family
[    4.176032] pci_bus 0000:00: resource 4 [io  0x0000-0x0cf7 window]
[    4.187770] pci_bus 0000:00: resource 5 [io  0x0d00-0xffff window]
[    4.199327] pci_bus 0000:00: resource 6 [mem 0x000a0000-0x000bffff window]
[    4.211414] pci_bus 0000:00: resource 7 [mem 0x80000000-0xfebfffff window]
[    4.224223] pci_bus 0000:00: resource 8 [mem 0x400000000-0x80005ffff window]
[    4.237765] pci 0000:00:01.0: PIIX3: Enabling Passive Release
[    4.248409] pci 0000:00:00.0: quirk_passive_release+0x0/0xc0 took 10419 usecs
[    4.261633] pci 0000:00:00.0: Limiting direct PCI/PCI transfers
[    4.272668] pci 0000:00:00.0: quirk_natoma+0x0/0x40 took 10774 usecs
[    4.285176] PCI: CLS 0 bytes, default 64
[    4.292225] kvm_intel: VMX not supported by CPU 2
[    4.292537] Trying to unpack rootfs image as initramfs...
[    4.300736] kvm_amd: CPU 2 isn't AMD or Hygon
[    4.311605] Initialise system trusted keyrings
[    4.327468] workingset: timestamp_bits=46 max_order=19 bucket_order=0
[    4.341653] fuse: init (API version 7.39)
[    4.352029] Freeing initrd memory: 1864K
[    4.370347] Key type asymmetric registered
[    4.378002] Asymmetric key parser 'x509' registered
[    4.386565] Block layer SCSI generic (bsg) driver version 0.4 loaded (major 240)
[    4.400533] io scheduler mq-deadline registered
[    4.408610] io scheduler kyber registered
[    4.415871] io scheduler bfq registered
[    4.423847] input: Power Button as /devices/LNXSYSTM:00/LNXPWRBN:00/input/input0
[    4.448327] ACPI: button: Power Button [PWRF]
[    4.456457] Serial: 8250/16550 driver, 1 ports, IRQ sharing disabled
[    4.468598] 00:04: ttyS0 at I/O 0x3f8 (irq = 4, base_baud = 115200) is a 16550A
[    4.482586] printk: console [ttynull0] enabled
[    4.490591] ACPI: bus type drm_connector registered
[    4.505553] brd: module loaded
[    4.517262] loop: module loaded
[    4.525663] wireguard: WireGuard 1.0.0 loaded. See www.wireguard.com for information.
[    4.539350] wireguard: Copyright (C) 2015-2019 Jason A. Donenfeld <Jason@zx2c4.com>. All Rights Reserved.
[    4.557146] tun: Universal TUN/TAP device driver, 1.6
[    4.567701] usbcore: registered new interface driver uas
[    4.577222] usbcore: registered new interface driver usb-storage
[    4.588298] i8042: PNP: PS/2 Controller [PNP0303:KBD,PNP0f13:MOU] at 0x60,0x64 irq 1,12
[    4.603185] serio: i8042 KBD port at 0x60,0x64 irq 1
[    4.612194] serio: i8042 AUX port at 0x60,0x64 irq 12
[    4.621174] usbcore: registered new interface driver xpad
[    4.630706] rtc_cmos 00:00: RTC can wake from S4
[    4.639829] input: AT Translated Set 2 keyboard as /devices/platform/i8042/serio0/input/input1
[    4.654960] rtc_cmos 00:00: registered as rtc0
[    4.663751] rtc_cmos 00:00: setting system clock to 2026-08-12T15:13:41 UTC (1786547621)
[    4.678041] rtc_cmos 00:00: alarms up to one day, y3k, 114 bytes nvram, hpet irqs
[    4.691333] gspca_main: v2.14.0 registered
[    4.698826] usbcore: registered new interface driver uvcvideo
[    4.708767] device-mapper: uevent: version 1.0.3
[    4.717187] device-mapper: ioctl: 4.48.0-ioctl (2023-03-01) initialised: dm-devel@redhat.com
[    4.733134] intel_pstate: CPU model not supported
[    4.741498] sdhci: Secure Digital Host Controller Interface driver
[    4.752517] sdhci: Copyright(c) Pierre Ossman
[    4.759884] sdhci-pltfm: SDHCI platform and OF driver helper
[    4.770299] hid: raw HID events driver (C) Jiri Kosina
[    4.779719] usbcore: registered new interface driver usbhid
[    4.789259] usbhid: USB HID core driver
[    4.796292] ashmem: initialized
[    4.801759] gnss: GNSS driver registered with major 507
[    4.811229] usbcore: registered new interface driver snd-usb-audio
[    4.821885] GACT probability NOT on
[    4.828363] Mirror/redirect action on
[    4.835062] netem: version 1.3
[    4.840224] u32 classifier
[    4.844747]     input device check on
[    4.851291]     Actions configured
[    4.887286] xt_time: kernel timezone is -0000
[    4.894820] ipip: IPv4 and MPLS over IPv4 tunneling driver
[    4.904525] gre: GRE over IPv4 demultiplexor driver
[    4.913079] ip_gre: GRE over IPv4 tunneling driver
[    4.922285] IPv4 over IPsec tunneling driver
[    4.929966] Initializing XFRM netlink socket
[    4.937842] IPsec XFRM device driver
[    4.944030] NET: Registered PF_INET6 protocol family
[    4.955500] Segment Routing with IPv6
[    4.961808] In-situ OAM (IOAM) with IPv6
[    4.968891] mip6: Mobile IPv6
[    4.974162] sit: IPv6, IPv4 and MPLS over IPv4 tunneling driver
[    4.985068] ip6_gre: GRE over IPv6 tunneling driver
[    4.993347] NET: Registered PF_PACKET protocol family
[    5.002138] NET: Registered PF_KEY protocol family
[    5.010787] NET: Registered PF_VSOCK protocol family
[    5.020167] IPI shorthand broadcast: enabled
[    5.027269] SSE version of gcm_enc/dec engaged.
[    5.037894] registered taskstats version 1
[    5.044956] Loading compiled-in X.509 certificates
[    5.054775] Loaded X.509 cert 'Build time autogenerated kernel key: 0c8d8a8dc298c7fc48c2ab5de0e2e4c983d1db0c'
[    5.074290] page_owner is disabled
[    5.080338] Key type .fscrypt registered
[    5.086835] Key type fscrypt-provisioning registered
[    5.095788] Unstable clock detected, switching default tracing clock to "global"
[    5.095788] If you want to keep using the local clock, then add:
[    5.095788]   "trace_clock=local"
[    5.095788] on the kernel command line
[    5.130121] ALSA device list:
[    5.134974]   No soundcards found.
[    5.145102] Freeing unused kernel image (initmem) memory: 2968K
[    5.154177] Write protecting the kernel read-only data: 36864k
[    5.164184] Freeing unused kernel image (rodata/data gap) memory: 312K
[    5.174161] Run /init as init process
[    6.188195] random: crng init done
[    6.197184] init: init first stage started!
[    6.203488] init: Loading module /lib/modules/virtio_dma_buf.ko with args ''
[    6.214671] init: Loaded kernel module /lib/modules/virtio_dma_buf.ko
[    6.224377] init: Loading module /lib/modules/virtio-rng.ko with args ''
[    6.235233] init: Loaded kernel module /lib/modules/virtio-rng.ko
[    6.244277] init: Loading module /lib/modules/virtio_blk.ko with args ''
[    6.255275] init: Loaded kernel module /lib/modules/virtio_blk.ko
[    6.264801] init: Loading module /lib/modules/virtio_console.ko with args ''
[    6.276515] init: Loaded kernel module /lib/modules/virtio_console.ko
[    6.286702] init: Loading module /lib/modules/virtio_pci_modern_dev.ko with args ''
[    6.298389] init: Loaded kernel module /lib/modules/virtio_pci_modern_dev.ko
[    6.308498] init: Loading module /lib/modules/virtio_pci_legacy_dev.ko with args ''
[    6.320363] init: Loaded kernel module /lib/modules/virtio_pci_legacy_dev.ko
[    6.331028] init: Loading module /lib/modules/virtio_pci.ko with args ''
[    6.357184] ACPI: \_SB_.LNKB: Enabled at IRQ 10
[    6.381690] ACPI: \_SB_.LNKC: Enabled at IRQ 11
[    6.390271] virtio_blk virtio1: 1/0/0 default/read/poll queues
[    6.400097] virtio_blk virtio1: [vda] 4556800 512-byte logical blocks (2.33 GB/2.17 GiB)
[    6.414749]  vda: vda1 vda2
[    6.434355] ACPI: \_SB_.LNKD: Enabled at IRQ 11
[    6.443231] virtio_blk virtio2: 1/0/0 default/read/poll queues
[    6.452758] virtio_blk virtio2: [vdb] 135168 512-byte logical blocks (69.2 MB/66.0 MiB)
[    6.481357] ACPI: \_SB_.LNKA: Enabled at IRQ 10
[    6.490003] virtio_blk virtio3: 1/0/0 default/read/poll queues
[    6.500597] virtio_blk virtio3: [vdc] 12582912 512-byte logical blocks (6.44 GB/6.00 GiB)
[    6.530754] virtio_blk virtio4: 1/0/0 default/read/poll queues
[    6.540725] virtio_blk virtio4: [vdd] 36864 512-byte logical blocks (18.9 MB/18.0 MiB)
[    6.555761]  vdd: vdd1
[    6.576696] virtio_blk virtio5: 1/0/0 default/read/poll queues
[    6.586918] virtio_blk virtio5: [vde] 110592 512-byte logical blocks (56.6 MB/54.0 MiB)
[    6.600813]  vde: vde1
[    6.621728] virtio_blk virtio6: 1/0/0 default/read/poll queues
[    6.631560] virtio_blk virtio6: [vdf] 1048576 512-byte logical blocks (537 MB/512 MiB)
[    6.644155]  vdf:
[    6.971964] virtio-pci 0000:00:1a.0: virtio_pci: leaving for legacy driver
[    7.001246] init: Loaded kernel module /lib/modules/virtio_pci.ko
[    7.011139] init: Loading module /lib/modules/vmw_vsock_virtio_transport.ko with args ''
[    7.027663] init: Loaded kernel module /lib/modules/vmw_vsock_virtio_transport.ko
[    7.038707] init: Loaded 8 modules from /lib/modules
[    7.046434] init: Loaded 8 kernel modules took 843 ms
[    7.053853] init: [libfstab] Using Android DT directory /proc/device-tree/firmware/android/
[    7.065650] init: [libfstab] ReadFstabFromDt(): failed to read fstab from dt
[    7.084253] init: [libfs_mgr] superblock s_max_mnt_count:65535,/dev/block/pci/pci0000:00/0000:00:06.0/by-name/metadata
[    7.100127] init: [libfs_mgr] Filesystem on /dev/block/pci/pci0000:00/0000:00:06.0/by-name/metadata was not cleanly shutdown; state flags: 0x3, incompat feature flags: 0x46
[    7.128233] EXT4-fs (vdd1): warning: mounting fs with errors, running e2fsck is recommended
[    7.141478] EXT4-fs (vdd1): recovery complete
[    7.148875] EXT4-fs (vdd1): mounted filesystem b08db4c1-cfe5-46f0-b32a-f06729e6a3f2 r/w with ordered data mode. Quota mode: none.
[    7.165827] init: [libfs_mgr] check_fs(): mount(/dev/block/pci/pci0000:00/0000:00:06.0/by-name/metadata,/metadata,ext4)=0: Success
[    7.183646] EXT4-fs (vdd1): unmounting filesystem b08db4c1-cfe5-46f0-b32a-f06729e6a3f2.
[    7.199252] init: [libfs_mgr] umount_retry(): unmount(/metadata) succeeded
[    7.209706] init: [libfs_mgr] Not running /system/bin/e2fsck on /dev/block/vdd1 (executable not in system image)
[    7.227595] EXT4-fs (vdd1): warning: mounting fs with errors, running e2fsck is recommended
[    7.240189] EXT4-fs (vdd1): mounted filesystem b08db4c1-cfe5-46f0-b32a-f06729e6a3f2 r/w with ordered data mode. Quota mode: none.
[    7.257218] init: [libfs_mgr] __mount(source=/dev/block/pci/pci0000:00/0000:00:06.0/by-name/metadata,target=/metadata,type=ext4)=0: Success
[    7.276361] init: Failed to copy /avb into /metadata/gsi/dsu/avb/: No such file or directory
[    7.291253] init: [libfs_mgr] Created logical partition system on device /dev/block/dm-0
[    7.304480] init: [libfs_mgr] Created logical partition vendor on device /dev/block/dm-1
[    7.317134] init: [libfs_mgr] Created logical partition system_ext on device /dev/block/dm-2
[    7.330498] init: [libfs_mgr] Created logical partition product on device /dev/block/dm-3
[    7.343563] init: [libfs_mgr] Created logical partition system_dlkm on device /dev/block/dm-4
[    7.356379] init: DSU not detected, proceeding with normal boot
[    8.387628] init: [libfs_avb] Device path not found: /dev/block/by-name/system
[    9.419611] init: [libfs_avb] Device path not found: /dev/block/by-name/system
[    9.433566] init: [libfs_avb] Returning avb_handle with status: Success
[    9.443305] init: [libfs_avb] Built verity table: '1 /dev/block/dm-0 /dev/block/dm-0 4096 4096 143505 143505 sha256 955fe504bcb087e1eb42df44110806074669d8ae54c32f2161819c8b9cc50ac7 bcfb43ed63e27501b7bad7a1a123331c99643d3164db105dfbe292c5eccb1b1a 10 use_fec_from_device /dev/block/dm-0 fec_roots 2 fec_blocks 144637 fec_start 144637 restart_on_corruption ignore_zero_blocks'
[    9.488405] device-mapper: verity: sha256 using shash "sha256-ssse3"
[    9.500468] erofs: (device dm-5): mounted with root inode @ nid 57.
[    9.508433] init: [libfs_mgr] __mount(source=/dev/block/dm-5,target=/system,type=erofs)=0: Success
[    9.520248] init: Switching root to '/system'
[    9.527322] erofs: (device dm-1): mounted with root inode @ nid 47.
[    9.534979] init: [libfs_mgr] __mount(source=/dev/block/dm-1,target=/vendor,type=erofs)=0: Success
[    9.546088] erofs: (device dm-3): mounted with root inode @ nid 41.
[    9.554053] init: [libfs_mgr] __mount(source=/dev/block/dm-3,target=/product,type=erofs)=0: Success
[    9.565967] erofs: (device dm-4): mounted with root inode @ nid 38.
[    9.573716] init: [libfs_mgr] __mount(source=/dev/block/dm-4,target=/system_dlkm,type=erofs)=0: Success
[    9.585356] erofs: (device dm-2): mounted with root inode @ nid 40.
[    9.593388] init: [libfs_mgr] __mount(source=/dev/block/dm-2,target=/system_ext,type=erofs)=0: Success
[    9.607676] init: Skipped setting INIT_AVB_VERSION (not in recovery mode)
[    9.709306] init: [libfstab] Using Android DT directory /proc/device-tree/firmware/android/
[    9.723046] init: Opening SELinux policy
[    9.734239] init: Loading SELinux policy
[    9.750772] SELinux:  policy capability network_peer_controls=1
[    9.760735] SELinux:  policy capability open_perms=1
[    9.767978] SELinux:  policy capability extended_socket_class=1
[    9.776901] SELinux:  policy capability always_check_network=0
[    9.784969] SELinux:  policy capability cgroup_seclabel=0
[    9.793494] SELinux:  policy capability nnp_nosuid_transition=1
[    9.801753] SELinux:  policy capability genfs_seclabel_symlinks=0
[    9.811645] SELinux:  policy capability ioctl_skip_cloexec=0
[    9.828454] audit: type=1403 audit(1786547626.664:2): auid=4294967295 ses=4294967295 lsm=selinux res=1
[    9.844619] audit: type=1404 audit(1786547626.664:3): enforcing=1 old_enforcing=0 auid=4294967295 ses=4294967295 enabled=1 old-enabled=1 lsm=selinux res=1
[    9.871010] selinux: SELinux: Loaded file context from:
[    9.879844] selinux: 		/system/etc/selinux/plat_file_contexts
[    9.888586] selinux: 		/system_ext/etc/selinux/system_ext_file_contexts
[    9.898534] selinux: 		/product/etc/selinux/product_file_contexts
[    9.906741] selinux: 		/vendor/etc/selinux/vendor_file_contexts
[    9.914780] selinux: 		/odm/etc/selinux/odm_file_contexts
[    9.932405] init: init second stage started!
[    9.946568] selinux: SELinux: Loaded file context from:
[    9.953399] selinux: 		/system/etc/selinux/plat_file_contexts
[    9.961338] selinux: 		/system_ext/etc/selinux/system_ext_file_contexts
[    9.970745] selinux: 		/product/etc/selinux/product_file_contexts
[    9.979682] selinux: 		/vendor/etc/selinux/vendor_file_contexts
[    9.987916] selinux: 		/odm/etc/selinux/odm_file_contexts
[   10.006553] init: [libfstab] Using Android DT directory /proc/device-tree/firmware/android/
[   10.020879] init: Overriding previous property 'ro.cp_system_other_odex':'1' with new value '0'
[   10.033447] init: Overriding previous property 'ro.control_privapp_permissions':'disable' with new value 'enforce'
[   10.048619] init: Overriding previous property 'ro.config.notification_sound':'OnTheHunt.ogg' with new value 'pixiedust.ogg'
[   10.063319] init: Setting product property ro.product.brand to 'google' (from ro.product.product.brand)
[   10.075655] init: Setting product property ro.product.device to 'emu64xa' (from ro.product.product.device)
[   10.087248] init: Setting product property ro.product.manufacturer to 'Google' (from ro.product.product.manufacturer)
[   10.100164] init: Setting product property ro.product.model to 'sdk_gphone64_x86_64' (from ro.product.product.model)
[   10.117704] init: Setting product property ro.product.name to 'sdk_gphone64_x86_64' (from ro.product.product.name)
[   10.138060] init: Setting property 'ro.build.fingerprint' to 'google/sdk_gphone64_x86_64/emu64xa:16/BE2A.250530.026.D1/13818094:user/release-keys'
[   10.162021] init: Setting property 'ro.product.cpu.abilist' to 'x86_64,arm64-v8a'
[   10.176004] init: Setting property 'ro.product.cpu.abilist32' to ''
[   10.186493] init: Setting property 'ro.product.cpu.abilist64' to 'x86_64,arm64-v8a'
[   10.201458] init: Running restorecon...
[   10.218257] init: Created socket '/dev/socket/property_service_for_system', mode 660, user 0, group 1000
[   10.234402] init: Created socket '/dev/socket/property_service', mode 666, user 0, group 0
[   10.250251] init: [libfs_mgr] vendor overlay: vndk version not defined
[   10.262144] init: SetupMountNamespaces done
[   10.270397] init: Forked subcontext for 'u:r:vendor_init:s0' with pid 94
[   10.284608] init: Parsing file /system/etc/init/hw/init.rc...
[   10.295572] init: Added '/init.environ.rc' to import list
[   10.307124] init: Added '/system/etc/init/hw/init.usb.rc' to import list
[   10.318276] init: Added '/init.ranchu.rc' to import list
[   10.327018] init: Added '/vendor/etc/init/hw/init.ranchu.rc' to import list
[   10.338516] init: Added '/system/etc/init/hw/init.usb.configfs.rc' to import list
[   10.362575] init: Added '/system/etc/init/hw/init.zygote64.rc' to import list
[   10.374346] init: Added '/system/etc/init/hw/init.boringssl.zygote64.rc' to import list
[   10.386469] init: Parsing file /init.environ.rc...
[   10.393904] init: Parsing file /system/etc/init/hw/init.usb.rc...
[   10.403426] init: Parsing file /init.ranchu.rc...
[   10.411035] init: Unable to read config file '/init.ranchu.rc': open() failed: No such file or directory
[   10.428366] init: Parsing file /vendor/etc/init/hw/init.ranchu.rc...
[   10.440319] init: Parsing file /system/etc/init/hw/init.usb.configfs.rc...
[   10.451682] init: Parsing file /system/etc/init/hw/init.zygote64.rc...
[   10.464435] init: Parsing file /system/etc/init/hw/init.boringssl.zygote64.rc...
[   10.476562] init: Parsing directory /system/etc/init...
[   10.484450] init: Parsing file /system/etc/init/aconfigd.rc...
[   10.494854] init: Parsing file /system/etc/init/android.system.suspend-service.rc...
[   10.507395] init: Parsing file /system/etc/init/apexd.rc...
[   10.515439] init: Parsing file /system/etc/init/atrace.rc...
[   10.525064] init: Parsing file /system/etc/init/audioserver.rc...
[   10.534712] init: Parsing file /system/etc/init/blank_screen.rc...
[   10.543931] init: Parsing file /system/etc/init/bootanim.rc...
[   10.552549] init: Parsing file /system/etc/init/bootstat.rc...
[   10.561339] init: Parsing file /system/etc/init/cameraserver.rc...
[   10.570793] init: Parsing file /system/etc/init/cppreopts.rc...
[   10.579959] init: Parsing file /system/etc/init/credstore.rc...
[   10.589130] init: Parsing file /system/etc/init/dmesgd.rc...
[   10.597518] init: Parsing file /system/etc/init/drmserver.rc...
[   10.606244] init: Parsing file /system/etc/init/dumpstate.rc...
[   10.615219] init: Parsing file /system/etc/init/flags_health_check.rc...
[   10.625059] init: Parsing file /system/etc/init/gatekeeperd.rc...
[   10.633977] init: Parsing file /system/etc/init/gpuservice.rc...
[   10.645220] init: Parsing file /system/etc/init/gsid.rc...
[   10.653190] init: Parsing file /system/etc/init/heapprofd.rc...
[   10.662657] init: Parsing file /system/etc/init/idmap2d.rc...
[   10.671506] init: Parsing file /system/etc/init/incidentd.rc...
[   10.680813] init: Parsing file /system/etc/init/init-mmd-prop.rc...
[   10.691016] init: Parsing file /system/etc/init/installd.rc...
[   10.699663] init: Parsing file /system/etc/init/kcmdlinectrl.rc...
[   10.710190] init: Parsing file /system/etc/init/keystore2.rc...
[   10.718744] init: Parsing file /system/etc/init/llkd.rc...
[   10.726894] init: Parsing file /system/etc/init/lmkd.rc...
[   10.735613] init: Parsing file /system/etc/init/logd.rc...
[   10.743864] init: Parsing file /system/etc/init/lpdumpd.rc...
[   10.752756] init: Parsing file /system/etc/init/mdnsd.rc...
[   10.761463] init: Parsing file /system/etc/init/mediaextractor.rc...
[   10.771339] init: Parsing file /system/etc/init/mediametrics.rc...
[   10.780449] init: Parsing file /system/etc/init/mediaserver.rc...
[   10.789926] init: Parsing file /system/etc/init/misctrl.rc...
[   10.798700] init: Parsing file /system/etc/init/mtectrl.rc...
[   10.807262] init: Parsing file /system/etc/init/ndk_translation.rc...
[   10.817085] init: Parsing file /system/etc/init/netbpfload.rc...
[   10.827137] init: Parsing file /system/etc/init/netd.rc...
[   10.836197] init: Parsing file /system/etc/init/odsign.rc...
[   10.844964] init: Parsing file /system/etc/init/otapreopt.rc...
[   10.854076] init: Parsing file /system/etc/init/perfetto.rc...
[   10.865176] init: Parsing file /system/etc/init/prefetch.rc...
[   10.874298] init: Parsing file /system/etc/init/prng_seeder.rc...
[   10.883348] init: Parsing file /system/etc/init/recovery-persist.rc...
[   10.893260] init: Parsing file /system/etc/init/recovery-refresh.rc...
[   10.902983] init: Parsing file /system/etc/init/rss_hwm_reset.rc...
[   10.913183] init: Parsing file /system/etc/init/servicemanager.rc...
[   10.922884] init: Parsing file /system/etc/init/simpleperf.rc...
[   10.931816] init: Parsing file /system/etc/init/snapuserd.rc...
[   10.940917] init: Parsing file /system/etc/init/storaged.rc...
[   10.949874] init: Parsing file /system/etc/init/surfaceflinger.rc...
[   10.959491] init: Parsing file /system/etc/init/tombstoned.rc...
[   10.969045] init: Parsing file /system/etc/init/traced_perf.rc...
[   10.979248] init: Parsing file /system/etc/init/tradeinmode.rc...
[   10.989114] init: Parsing file /system/etc/init/uncrypt.rc...
[   10.998071] init: Parsing file /system/etc/init/update_engine.rc...
[   11.007924] init: Parsing file /system/etc/init/update_verifier.rc...
[   11.017798] init: Parsing file /system/etc/init/usbd.rc...
[   11.026652] init: Parsing file /system/etc/init/virtual_camera.hal.rc...
[   11.036976] init: Parsing file /system/etc/init/vold.rc...
[   11.045652] init: Parsing file /system/etc/init/wifi.rc...
[   11.054597] init: Parsing file /system/etc/init/wificond.rc...
[   11.063671] init: Parsing directory /system_ext/etc/init...
[   11.072087] init: Parsing file /system_ext/etc/init/android.hidl.allocator@1.0-service.rc...
[   11.084867] init: Parsing file /system_ext/etc/init/hwservicemanager.rc...
[   11.095117] init: Parsing file /system_ext/etc/init/init.system_ext.radio.rc...
[   11.106271] init: Parsing file /system_ext/etc/init/init.system_ext.rc...
[   11.116561] init: Parsing directory /vendor/etc/init...
[   11.124582] init: Parsing file /vendor/etc/init/android.hardware.audio.service.rc...
[   11.136276] init: Parsing file /vendor/etc/init/android.hardware.biometrics.fingerprint-service.ranchu.rc...
[   11.151449] init: Parsing file /vendor/etc/init/android.hardware.camera.provider.ranchu.rc...
[   11.165162] init: Parsing file /vendor/etc/init/android.hardware.camera.provider@2.7-service-google.rc...
[   11.180774] init: Parsing file /vendor/etc/init/android.hardware.drm-service-lazy.clearkey.rc...
[   11.194771] init: Parsing file /vendor/etc/init/android.hardware.gnss-service.ranchu.rc...
[   11.207559] init: Parsing file /vendor/etc/init/android.hardware.graphics.allocator-service.ranchu.rc...
[   11.226842] init: Parsing file /vendor/etc/init/android.hardware.health-service.example.rc...
[   11.246171] init: Parsing file /vendor/etc/init/android.hardware.media.c2@1.0-service-goldfish.rc...
[   11.267180] init: Parsing file /vendor/etc/init/android.hardware.radio.ranchu.rc...
[   11.284020] init: Parsing file /vendor/etc/init/android.hardware.security.keymint-service.rc...
[   11.302759] init: Parsing file /vendor/etc/init/android.hardware.sensors-service-multihal.rc...
[   11.319265] init: Parsing file /vendor/etc/init/android.hardware.usb-service.example.rc...
[   11.336048] init: Parsing file /vendor/etc/init/android.hardware.wifi-service.rc...
[   11.350474] init: Parsing file /vendor/etc/init/bluetooth-service-default.rc...
[   11.364973] init: Parsing file /vendor/etc/init/boringssl_self_test.rc...
[   11.377921] init: Added '/vendor/etc/boringssl_self_test.zygote64.rc' to import list
[   11.394108] init: Parsing file /vendor/etc/boringssl_self_test.zygote64.rc...
[   11.409149] init: Parsing file /vendor/etc/init/health-storage-default.rc...
[   11.427166] init: Parsing file /vendor/etc/init/hostapd.android.rc...
[   11.443766] init: Parsing file /vendor/etc/init/hwc3.rc...
[   11.457637] init: Parsing file /vendor/etc/init/identity-default.rc...
[   11.476450] init: Parsing file /vendor/etc/init/lights-default.rc...
[   11.492369] init: Parsing file /odm/etc/init...
[   11.503556] init: Unable to read config file '/odm/etc/init': open() failed: No such file or directory
[   11.524771] init: Parsing file /product/etc/init...
[   11.534950] init: Unable to read config file '/product/etc/init': open() failed: No such file or directory
[   11.558302] init: processing action (SetupCgroups) from (<Builtin Action>:0)
[   11.576733] libprocessgroup: Using system/app isolation under: /sys/fs/cgroup
[   11.613250] init: processing action (SetKptrRestrict) from (<Builtin Action>:0)
[   11.628352] init: processing action (TestPerfEventSelinux) from (<Builtin Action>:0)
[   11.644974] init: processing action (early-init) from (/system/etc/init/hw/init.rc:15)
[   11.666230] init: starting service 'ueventd'...
[   11.682365] libprocessgroup: A JoinCgroup action in the SystemMemoryProcess profile is used for controller memory in the cgroup v2 hierarchy and will be ignored
[   11.713946] init: ... started service 'ueventd' has pid 95
[   11.725991] init: Command 'start ueventd' action=early-init (/system/etc/init/hw/init.rc:73) took 60ms and succeeded
[   11.730933] ueventd: ueventd started!
[   11.756523] init: starting service 'apexd-bootstrap'...
[   11.758756] selinux: SELinux: Loaded file context from:
[   11.778522] selinux: 		/system/etc/selinux/plat_file_contexts
[   11.791739] selinux: 		/system_ext/etc/selinux/system_ext_file_contexts
[   11.793087] init: ... started service 'apexd-bootstrap' has pid 96
[   11.806295] selinux: 		/product/etc/selinux/product_file_contexts
[   11.819699] init: SVC_EXEC service 'apexd-bootstrap' pid 96 (uid 0 gid 1000+0 context default) started; waiting...
[   11.832829] selinux: 		/vendor/etc/selinux/vendor_file_contexts
[   11.858171] init: Command 'exec_start apexd-bootstrap' action=early-init (/system/etc/init/hw/init.rc:81) took 104ms and succeeded
[   11.870817] selinux: 		/odm/etc/selinux/odm_file_contexts
[   11.908824] ueventd: Parsing file /system/etc/ueventd.rc...
[   11.921249] ueventd: Added '/vendor/etc/ueventd.rc' to import list
[   11.936083] ueventd: Added '/odm/etc/ueventd.rc' to import list
[   11.949833] ueventd: Parsing file /vendor/etc/ueventd.rc...
[   11.962325] ueventd: Parsing file /odm/etc/ueventd.rc...
[   11.983074] ueventd: Unable to read config file '/odm/etc/ueventd.rc': open() failed: No such file or directory
[   12.019014] apexd: Started. subcommand = --bootstrap
[   12.033495] apexd-bootstrap: Scanning /odm/apex for pre-installed ApexFiles
[   12.049559] apexd-bootstrap: /odm/apex does not exist. Skipping
[   12.062795] apexd-bootstrap: Scanning /vendor/apex for pre-installed ApexFiles
[   12.078305] apexd-bootstrap: Found pre-installed APEX /vendor/apex/com.android.hardware.authsecret.apex
[   12.099587] apexd-bootstrap: Found pre-installed APEX /vendor/apex/com.android.hardware.cas.apex
[   12.121225] apexd-bootstrap: Found pre-installed APEX /vendor/apex/com.android.hardware.contexthub.apex
[   12.145136] apexd-bootstrap: Found pre-installed APEX /vendor/apex/com.android.hardware.dumpstate.apex
[   12.166815] apexd-bootstrap: Found pre-installed APEX /vendor/apex/com.android.hardware.gatekeeper.nonsecure.apex
[   12.176995] ueventd: Coldboot took 0.159 seconds
[   12.190601] apexd-bootstrap: Found pre-installed APEX /vendor/apex/com.android.hardware.neuralnetworks.apex
[   12.240168] hrtimer: interrupt took 23473700 ns
[   12.263912] apexd-bootstrap: Found pre-installed APEX /vendor/apex/com.android.hardware.power.apex
[   12.558376] apexd-bootstrap: Found pre-installed APEX /vendor/apex/com.android.hardware.rebootescrow.apex
[   12.590298] apexd-bootstrap: Found pre-installed APEX /vendor/apex/com.android.hardware.thermal.apex
[   12.622542] apexd-bootstrap: Found pre-installed APEX /vendor/apex/com.android.hardware.threadnetwork-simulation-rcp.apex
[   12.659459] apexd-bootstrap: Found pre-installed APEX /vendor/apex/com.android.hardware.uwb.apex
[   12.687878] apexd-bootstrap: Found pre-installed APEX /vendor/apex/com.android.hardware.vibrator.apex
[   12.711202] apexd-bootstrap: Found pre-installed APEX /vendor/apex/com.google.android.widevine-13130248.apex
[   12.741314] apexd-bootstrap: Scanning /product/apex for pre-installed ApexFiles
[   12.759137] apexd-bootstrap: /product/apex does not exist. Skipping
[   12.774526] apexd-bootstrap: Scanning /system_ext/apex for pre-installed ApexFiles
[   12.798314] apexd-bootstrap: Found pre-installed APEX /system_ext/apex/com.android.compos.apex
[   12.823688] apexd-bootstrap: Scanning /system/apex for pre-installed ApexFiles
[   12.842087] apexd-bootstrap: Found pre-installed APEX /system/apex/com.android.apex.cts.shim.apex
[   12.863402] apexd-bootstrap: Found pre-installed APEX /system/apex/com.android.devicelock.apex
[   12.883886] apexd-bootstrap: Found pre-installed APEX /system/apex/com.android.i18n.apex
[   12.902693] apexd-bootstrap: Found pre-installed APEX /system/apex/com.android.runtime.apex
[   12.923197] apexd-bootstrap: Found pre-installed APEX /system/apex/com.android.virt.apex
[   12.942299] apexd-bootstrap: Found pre-installed APEX /system/apex/com.google.android.adbd.apex
[   12.961903] apexd-bootstrap: Found pre-installed APEX /system/apex/com.google.android.adservices.apex
[   12.982632] apexd-bootstrap: Found pre-installed APEX /system/apex/com.google.android.appsearch.apex
[   13.004965] apexd-bootstrap: Found pre-installed APEX /system/apex/com.google.android.art.apex
[   13.024780] apexd-bootstrap: Found pre-installed APEX /system/apex/com.google.android.bt.apex
[   13.043518] apexd-bootstrap: Found pre-installed APEX /system/apex/com.google.android.cellbroadcast.apex
[   13.065291] apexd-bootstrap: Found pre-installed APEX /system/apex/com.google.android.configinfrastructure.apex
[   13.087546] apexd-bootstrap: Found pre-installed APEX /system/apex/com.google.android.conscrypt.apex
[   13.107820] apexd-bootstrap: Found pre-installed APEX /system/apex/com.google.android.crashrecovery.apex
[   13.128964] apexd-bootstrap: Found pre-installed APEX /system/apex/com.google.android.extservices.apex
[   13.150452] apexd-bootstrap: Found pre-installed APEX /system/apex/com.google.android.healthfitness.apex
[   13.171511] apexd-bootstrap: Found pre-installed APEX /system/apex/com.google.android.ipsec.apex
[   13.191362] apexd-bootstrap: Found pre-installed APEX /system/apex/com.google.android.media.apex
[   13.210557] apexd-bootstrap: Found pre-installed APEX /system/apex/com.google.android.media.swcodec.apex
[   13.230633] apexd-bootstrap: Found pre-installed APEX /system/apex/com.google.android.mediaprovider.apex
[   13.250606] apexd-bootstrap: Found pre-installed APEX /system/apex/com.google.android.neuralnetworks.apex
[   13.271594] apexd-bootstrap: Found pre-installed APEX /system/apex/com.google.android.nfcservices.apex
[   13.291592] apexd-bootstrap: Found pre-installed APEX /system/apex/com.google.android.ondevicepersonalization.apex
[   13.320185] apexd-bootstrap: Found pre-installed APEX /system/apex/com.google.android.os.statsd.apex
[   13.341069] apexd-bootstrap: Found pre-installed APEX /system/apex/com.google.android.permission.apex
[   13.361400] apexd-bootstrap: Found pre-installed APEX /system/apex/com.google.android.profiling.apex
[   13.380327] apexd-bootstrap: Found pre-installed APEX /system/apex/com.google.android.resolv.apex
[   13.398511] apexd-bootstrap: Found pre-installed APEX /system/apex/com.google.android.rkpd.apex
[   13.416214] apexd-bootstrap: Found pre-installed APEX /system/apex/com.google.android.scheduling.apex
[   13.435985] apexd-bootstrap: Found pre-installed APEX /system/apex/com.google.android.sdkext.apex
[   13.454620] apexd-bootstrap: Found pre-installed APEX /system/apex/com.google.android.tethering.apex
[   13.473294] apexd-bootstrap: Found pre-installed APEX /system/apex/com.google.android.tzdata6.apex
[   13.491954] apexd-bootstrap: Found pre-installed APEX /system/apex/com.google.android.uprobestats.apex
[   13.511559] apexd-bootstrap: Found pre-installed APEX /system/apex/com.google.android.uwb.apex
[   13.529080] apexd-bootstrap: Found pre-installed APEX /system/apex/com.google.android.wifi.apex
[   13.590668] apexd-bootstrap: Found bootstrap APEX /system/apex/com.android.runtime.apex
[   13.607543] apexd-bootstrap: Found bootstrap APEX /system/apex/com.google.android.tzdata6.apex
[   13.623929] apexd-bootstrap: Found bootstrap APEX /vendor/apex/com.android.hardware.gatekeeper.nonsecure.apex
[   13.643150] apexd-bootstrap: Found bootstrap APEX /system/apex/com.android.virt.apex
[   13.658526] apexd-bootstrap: Found bootstrap APEX /system/apex/com.android.i18n.apex
[   13.674349] apexd-bootstrap: Need to pre-allocate 54 loop devices
[   13.708496] apexd-bootstrap: Found 16 idle loopback devices that were pre-allocated by kernel. Allocated 38 more.
[   13.776102] apexd-bootstrap: Fallback to buffered I/O for /system/apex/com.android.runtime.apex
[   13.794992] loop0: detected capacity change from 0 to 9808
[   13.806279] apexd-bootstrap: Fallback to buffered I/O for /system/apex/com.google.android.tzdata6.apex
[   13.824978] loop1: detected capacity change from 0 to 1672
[   13.833647] EXT4-fs (loop0): mounted filesystem 7d1522e1-9dfa-5edb-a43e-98e3a4d20250 ro without journal. Quota mode: none.
[   13.837634] apexd-bootstrap: Fallback to buffered I/O for /system/apex/com.android.virt.apex
[   13.842132] EXT4-fs (loop1): mounted filesystem 7d1522e1-9dfa-5edb-a43e-98e3a4d20250 ro without journal. Quota mode: none.
[   13.842370] apexd-bootstrap: Successfully mounted package /system/apex/com.google.android.tzdata6.apex on /apex/com.android.tzdata@360527520 duration=66
[   13.857881] apexd-bootstrap: Successfully mounted package /system/apex/com.android.runtime.apex on /apex/com.android.runtime@1 duration=82
[   13.874336] loop2: detected capacity change from 0 to 174464
[   13.974370] apexd-bootstrap: Fallback to buffered I/O for /system/apex/com.android.i18n.apex
[   13.978341] EXT4-fs (loop2): mounted filesystem 7d1522e1-9dfa-5edb-a43e-98e3a4d20250 ro without journal. Quota mode: none.
[   13.994883] loop3: detected capacity change from 0 to 73480
[   14.019251] apexd-bootstrap: Successfully mounted package /system/apex/com.android.virt.apex on /apex/com.android.virt@3 duration=236
[   14.039107] apexd-bootstrap: Fallback to buffered I/O for /vendor/apex/com.android.hardware.gatekeeper.nonsecure.apex
[   14.070982] EXT4-fs (loop3): mounted filesystem 7d1522e1-9dfa-5edb-a43e-98e3a4d20250 ro without journal. Quota mode: none.
[   14.093886] loop4: detected capacity change from 0 to 8800
[   14.123550] apexd-bootstrap: Successfully mounted package /system/apex/com.android.i18n.apex on /apex/com.android.i18n@1 duration=340
[   14.146932] EXT4-fs (loop4): mounted filesystem 7d1522e1-9dfa-5edb-a43e-98e3a4d20250 ro without journal. Quota mode: none.
[   14.196257] apexd-bootstrap: Successfully mounted package /vendor/apex/com.android.hardware.gatekeeper.nonsecure.apex on /apex/com.android.hardware.gatekeeper@1 duration=412
[   14.231820] apexd-bootstrap: Activated 5 packages.
[   14.245742] SELinux: SELinux: Loaded file context from:
[   14.257102] SELinux: 		/system/etc/selinux/plat_file_contexts
[   14.269534] SELinux: 		/system_ext/etc/selinux/system_ext_file_contexts
[   14.283192] SELinux: 		/product/etc/selinux/product_file_contexts
[   14.296014] SELinux: 		/vendor/etc/selinux/vendor_file_contexts
[   14.308237] SELinux: 		/odm/etc/selinux/odm_file_contexts
[   14.321454] apexd-bootstrap: OnBootstrap done, duration=2287
[   14.335552] init: Service 'apexd-bootstrap' (pid 96) exited with status 0 waiting took 2.565000 seconds
[   14.354533] init: Sending signal 9 to service 'apexd-bootstrap' (pid 96) process group...
[   14.372572] libprocessgroup: Removed cgroup /sys/fs/cgroup/system/uid_0/pid_96
[   14.398298] init: Parsing file /apex/com.android.hardware.gatekeeper/etc/android.hardware.gatekeeper-service.nonsecure.rc...
[   14.421241] init: Parsing file /apex/com.android.virt/etc/vfio_handler.rc...
[   14.437464] init: Parsing file /apex/com.android.virt/etc/virtualizationservice.rc...
[   14.453533] init: Parsing file /apex/com.android.virt/etc/vmnic.rc...
[   14.530662] init: linkerconfig generated /linkerconfig with mounted APEX modules info
[   14.547353] init: Command 'perform_apex_config --bootstrap' action=early-init (/system/etc/init/hw/init.rc:82) took 158ms and succeeded
[   14.572746] init: processing action (early-init) from (/init.environ.rc:2)
[   14.586864] init: processing action (early-init) from (/vendor/etc/init/hw/init.ranchu.rc:11)
[   14.604239] init: Command 'setprop ro.config.low_ram ${ro.boot.config.low_ram}' action=early-init (/vendor/etc/init/hw/init.ranchu.rc:15) took 0ms and failed: property 'ro.boot.config.low_ram' doesn't exist while expanding '${ro.boot.config.low_ram}'
[   14.650012] init: Command 'setprop dalvik.vm.checkjni ${ro.boot.dalvik.vm.checkjni}' action=early-init (/vendor/etc/init/hw/init.ranchu.rc:21) took 0ms and failed: property 'ro.boot.dalvik.vm.checkjni' doesn't exist while expanding '${ro.boot.dalvik.vm.checkjni}'
[   14.695024] init: Command 'setprop debug.stagefright.ccodec ${ro.boot.debug.stagefright.ccodec}' action=early-init (/vendor/etc/init/hw/init.ranchu.rc:31) took 0ms and failed: property 'ro.boot.debug.stagefright.ccodec' doesn't exist while expanding '${ro.boot.debug.stagefright.ccodec}'
[   14.740660] init: Command 'setprop debug.sf.nobootanimation ${ro.boot.debug.sf.nobootanimation}' action=early-init (/vendor/etc/init/hw/init.ranchu.rc:32) took 0ms and failed: property 'ro.boot.debug.sf.nobootanimation' doesn't exist while expanding '${ro.boot.debug.sf.nobootanimation}'
[   14.786695] init: Command 'setprop debug.angle.feature_overrides_enabled ${ro.boot.hardware.angle_feature_overrides_enabled}' action=early-init (/vendor/etc/init/hw/init.ranchu.rc:33) took 0ms and failed: property 'ro.boot.hardware.angle_feature_overrides_enabled' doesn't exist while expanding '${ro.boot.hardware.angle_feature_overrides_enabled}'
[   14.839635] init: Command 'setprop debug.angle.feature_overrides_disabled ${ro.boot.hardware.angle_feature_overrides_disabled}' action=early-init (/vendor/etc/init/hw/init.ranchu.rc:34) took 0ms and failed: property 'ro.boot.hardware.angle_feature_overrides_disabled' doesn't exist while expanding '${ro.boot.hardware.angle_feature_overrides_disabled}'
[   14.894756] init: starting service 'vendor.dlkm_loader'...
[   14.910316] init: ... started service 'vendor.dlkm_loader' has pid 212
[   14.922970] init: starting service 'exec 1 (/system/bin/modprobe -a -d /system/lib/modules zram.ko)'...
[   14.944089] init: ... started service 'exec 1 (/system/bin/modprobe -a -d /system/lib/modules zram.ko)' has pid 213
[   14.963737] init: SVC_EXEC service 'exec 1 (/system/bin/modprobe -a -d /system/lib/modules zram.ko)' pid 213 (uid 0 gid 0+0 context u:r:modprobe:s0) started; waiting...
[   14.990370] init: Command 'exec u:r:modprobe:s0 -- /system/bin/modprobe -a -d /system/lib/modules zram.ko' action=early-init (/vendor/etc/init/hw/init.ranchu.rc:38) took 68ms and succeeded
[   15.021992] dlkm_loader: dlkm loader successfully initialized
[   15.038820] zram: Added device: zram0
[   15.039051] dlkm_loader: Loading module /system/lib/modules/rfkill.ko with args ''
[   15.060101] init: Service 'exec 1 (/system/bin/modprobe -a -d /system/lib/modules zram.ko)' (pid 213) exited with status 0 waiting took 0.118000 seconds
[   15.086014] init: Sending signal 9 to service 'exec 1 (/system/bin/modprobe -a -d /system/lib/modules zram.ko)' (pid 213) process group...
[   15.109804] dlkm_loader: Loaded kernel module /system/lib/modules/rfkill.ko
[   15.111255] libprocessgroup: Removed cgroup /sys/fs/cgroup/system/uid_0/pid_213
[   15.123190] dlkm_loader: Loading module /system/lib/modules/bluetooth.ko with args ''
[   15.136641] init: processing action (ro.enable.native.bridge.exec=1 && early-init) from (/system/etc/init/ndk_translation.rc:2)
[   15.174688] init: processing action (early-init) from (/system/etc/init/prng_seeder.rc:5)
[   15.190956] init: starting service 'prng_seeder'...
[   15.191806] Bluetooth: Core ver 2.22
[   15.201065] init: Created socket '/dev/socket/prng_seeder', mode 666, user 1092, group 1092
[   15.207593] NET: Registered PF_BLUETOOTH protocol family
[   15.233655] Bluetooth: HCI device and connection manager initialized
[   15.245844] Bluetooth: HCI socket layer initialized
[   15.255723] Bluetooth: L2CAP socket layer initialized
[   15.261643] init: ... started service 'prng_seeder' has pid 215
[   15.265379] Bluetooth: SCO socket layer initialized
[   15.276521] init: Command 'start prng_seeder' action=early-init (/system/etc/init/prng_seeder.rc:6) took 86ms and succeeded
[   15.276595] init: processing action (ro.product.cpu.abilist64=* && early-init) from (/vendor/etc/boringssl_self_test.zygote64.rc:1)
[   15.329557] dlkm_loader: Loaded kernel module /system/lib/modules/bluetooth.ko
[   15.330611] init: starting service 'boringssl_self_test64_vendor'...
[   15.344221] dlkm_loader: Loading module /vendor/lib/modules/btintel.ko with args ''
[   15.374536] dlkm_loader: Loaded kernel module /vendor/lib/modules/btintel.ko
[   15.380035] init: ... started service 'boringssl_self_test64_vendor' has pid 216
[   15.403693] dlkm_loader: Loading module /vendor/lib/modules/btrtl.ko with args ''
[   15.403932] init: SVC_EXEC service 'boringssl_self_test64_vendor' pid 216 (uid 0 gid 0+0 context default) started; waiting...
[   15.440435] init: Command 'exec_start boringssl_self_test64_vendor' action=ro.product.cpu.abilist64=* && early-init (/vendor/etc/boringssl_self_test.zygote64.rc:2) took 110ms and succeeded
[   15.479115] dlkm_loader: Loaded kernel module /vendor/lib/modules/btrtl.ko
[   15.491895] init: Service 'boringssl_self_test64_vendor' (pid 216) exited with status 0 waiting took 0.129000 seconds
[   15.497596] dlkm_loader: Loading module /system/lib/modules/btbcm.ko with args ''
[   15.515040] init: Sending signal 9 to service 'boringssl_self_test64_vendor' (pid 216) process group...
[   15.521500] libprocessgroup: Removed cgroup /sys/fs/cgroup/system/uid_0/pid_216
[   15.566429] dlkm_loader: Loaded kernel module /system/lib/modules/btbcm.ko
[   15.575931] init: processing action (ConnectEarlyStageSnapuserd) from (<Builtin Action>:0)
[   15.581040] dlkm_loader: Loading module /vendor/lib/modules/btusb.ko with args ''
[   15.598766] init: processing action (wait_for_coldboot_done) from (<Builtin Action>:0)
[   15.627701] init: start_waiting_for_property("ro.cold_boot_done", "true"): already set
[   15.643501] init: processing action (CheckTradeInModeStatus) from (<Builtin Action>:0)
[   15.643687] usbcore: registered new interface driver btusb
[   15.662212] init: processing action (SetMmapRndBits) from (<Builtin Action>:0)
[   15.683281] dlkm_loader: Loaded kernel module /vendor/lib/modules/btusb.ko
[   15.686428] dlkm_loader: Loading module /vendor/lib/modules/cfg80211.ko with args ''
[   15.698017] init: processing action (KeychordInit) from (<Builtin Action>:0)
[   15.725050] init: EVIOCSMASK not supported: Invalid argument
[   15.736039] init: processing action (init) from (/system/etc/init/hw/init.rc:103)
[   15.770546] init: Command 'write /dev/blkio/blkio.weight 1000' action=init (/system/etc/init/hw/init.rc:204) took 0ms and failed: Unable to write to file '/dev/blkio/blkio.weight': open() failed: Permission denied
[   15.806842] init: Command 'write /dev/blkio/background/blkio.weight 200' action=init (/system/etc/init/hw/init.rc:205) took 0ms and failed: Unable to write to file '/dev/blkio/background/blkio.weight': open() failed: Permission denied
[   15.852458] init: Command 'write /dev/blkio/blkio.group_idle 0' action=init (/system/etc/init/hw/init.rc:207) took 0ms and failed: Unable to write to file '/dev/blkio/blkio.group_idle': open() failed: Permission denied
[   15.890774] init: Command 'write /dev/blkio/background/blkio.group_idle 0' action=init (/system/etc/init/hw/init.rc:208) took 0ms and failed: Unable to write to file '/dev/blkio/background/blkio.group_idle': open() failed: Permission denied
[   15.967201] init: Command 'write /dev/cpu_variant:${ro.bionic.arch} ${ro.bionic.cpu_variant}' action=init (/system/etc/init/hw/init.rc:421) took 0ms and failed: property 'ro.bionic.cpu_variant' doesn't exist while expanding '${ro.bionic.cpu_variant}'
[   16.008673] init: Command 'write /dev/cpu_variant:${ro.bionic.2nd_arch} ${ro.bionic.2nd_cpu_variant}' action=init (/system/etc/init/hw/init.rc:423) took 0ms and failed: property 'ro.bionic.2nd_arch' doesn't exist while expanding '/dev/cpu_variant:${ro.bionic.2nd_arch}'
[   16.053371] init: Command 'chmod 0444 /dev/cpu_variant:${ro.bionic.2nd_arch}' action=init (/system/etc/init/hw/init.rc:424) took 0ms and failed: property 'ro.bionic.2nd_arch' doesn't exist while expanding '/dev/cpu_variant:${ro.bionic.2nd_arch}'
[   16.096198] init: starting service 'logd'...
[   16.105045] init: Created socket '/dev/socket/logd', mode 666, user 1036, group 1036
[   16.120460] init: Created socket '/dev/socket/logdr', mode 666, user 1036, group 1036
[   16.135707] init: Created socket '/dev/socket/logdw', mode 222, user 1036, group 1036
[   16.160164] init: ... started service 'logd' has pid 218
[   16.171384] init: Command 'start logd' action=init (/system/etc/init/hw/init.rc:437) took 76ms and succeeded
[   16.192767] init: starting service 'lmkd'...
[   16.195134] cfg80211: Loading compiled-in X.509 certificates for regulatory database
[   16.201360] init: Created socket '/dev/socket/lmkd', mode 660, user 1000, group 1000
[   16.201985] logd: libprocessgroup: A JoinCgroup action in the SystemMemoryProcess profile is used for controller memory in the cgroup v2 hierarchy and will be ignored
[   16.216436] Loaded X.509 cert 'sforshee: 00b28ddf47aef9cea7'
[   16.217248] logd.auditd: start
[   16.228535] logd: Loaded bug_map file: /system_ext/etc/selinux/bug_map
[   16.228584] logd: Loaded bug_map file: /vendor/etc/selinux/selinux_denial_metadata
[   16.228655] logd: Loaded bug_map file: /system/etc/selinux/bug_map
[   16.266094] init: ... started service 'lmkd' has pid 223
[   16.270928] Loaded X.509 cert 'wens: 61c038651aabdcf94bd0ac7ff06c7248db18c600'
[   16.276718] init: Command 'start lmkd' action=init (/system/etc/init/hw/init.rc:444) took 84ms and succeeded
[   16.288723] platform regulatory.0: Direct firmware load for regulatory.db failed with error -2
[   16.302610] dlkm_loader: Loaded kernel module /vendor/lib/modules/cfg80211.ko
[   16.313889] cfg80211: failed to load regulatory.db
[   16.323744] dlkm_loader: Loading module /vendor/lib/modules/dummy-cpufreq.ko with args ''
[   16.324780] init: starting service 'servicemanager'...
[   16.367074] init: ... started service 'servicemanager' has pid 230
[   16.429687] init: Command 'start servicemanager' action=init (/system/etc/init/hw/init.rc:447) took 126ms and succeeded
[   16.436358] servicemanager: Starting sm instance on /dev/binder
[   16.452863] init: starting service 'hwservicemanager'...
[   16.471550] dlkm_loader: Loaded kernel module /vendor/lib/modules/dummy-cpufreq.ko
[   16.471681] SELinux: SELinux: Loaded service context from:
[   16.485963] dlkm_loader: Loading module /vendor/lib/modules/dummy_hcd.ko with args ''
[   16.491868] init: ... started service 'hwservicemanager' has pid 236
[   16.493298] init: Command 'start vndservicemanager' action=init (/system/etc/init/hw/init.rc:449) took 0ms and failed: service vndservicemanager not found
[   16.496453] SELinux: 		/system/etc/selinux/plat_service_contexts
[   16.498602] init: processing action (init) from (/system/etc/init/hw/init.usb.rc:28)
[   16.504916] init: processing action (init) from (/vendor/etc/init/hw/init.ranchu.rc:40)
[   16.557776] init: starting service 'qemu-props'...
[   16.571599] SELinux: 		/system_ext/etc/selinux/system_ext_service_contexts
[   16.608962] init: ... started service 'qemu-props' has pid 237
[   16.608986] SELinux: 		/product/etc/selinux/product_service_contexts
[   16.609342] dummy_hcd dummy_hcd.0: USB Host+Gadget Emulator, driver 02 May 2005
[   16.609357] dummy_hcd dummy_hcd.0: Dummy host controller
[   16.609360] dummy_hcd dummy_hcd.0: new USB bus registered, assigned bus number 1
[   16.609539] usb usb1: New USB device found, idVendor=1d6b, idProduct=0002, bcdDevice= 6.06
[   16.609542] usb usb1: New USB device strings: Mfr=3, Product=2, SerialNumber=1
[   16.609544] usb usb1: Product: Dummy host controller
[   16.609545] usb usb1: Manufacturer: Linux 6.6.66-android15-8-gb66429556fb8-ab13070261 dummy_hcd
[   16.609546] usb usb1: SerialNumber: dummy_hcd.0
[   16.609829] hub 1-0:1.0: USB hub found
[   16.611332] hub 1-0:1.0: 1 port detected
[   16.620046] dlkm_loader: Loaded kernel module /vendor/lib/modules/dummy_hcd.ko
[   16.620212] init: Command 'start qemu-props' action=init (/vendor/etc/init/hw/init.ranchu.rc:67) took 97ms and succeeded
[   16.621594] dlkm_loader: Loading module /vendor/lib/modules/failover.ko with args ''
[   16.634035] SELinux: 		/vendor/etc/selinux/vendor_service_contexts
[   16.655401] init: processing action (ro.product.cpu.abilist64=* && init) from (/system/etc/init/hw/init.boringssl.zygote64.rc:1)
[   16.657890] SELinux: 		/odm/etc/selinux/odm_service_contexts
[   16.672112] init: starting service 'boringssl_self_test64'...
[   16.702330] dlkm_loader: Loaded kernel module /vendor/lib/modules/failover.ko
[   16.861097] dlkm_loader: Loading module /vendor/lib/modules/goldfish_address_space.ko with args ''
[   16.880109] goldfish_address_space: loading out-of-tree module taints kernel.
[   16.881046] init: ... started service 'boringssl_self_test64' has pid 238
[   16.906946] init: SVC_EXEC service 'boringssl_self_test64' pid 238 (uid 9999 gid 0+0 context default) started; waiting...
[   16.927944] init: Command 'exec_start boringssl_self_test64' action=ro.product.cpu.abilist64=* && init (/system/etc/init/hw/init.boringssl.zygote64.rc:2) took 256ms and succeeded
[   16.957758] dlkm_loader: Loaded kernel module /vendor/lib/modules/goldfish_address_space.ko
[   16.958205] init: Service 'boringssl_self_test64' (pid 238) exited with status 0 waiting took 0.243000 seconds
[   16.973418] dlkm_loader: Loading module /vendor/lib/modules/goldfish_battery.ko with args ''
[   16.990575] init: Sending signal 9 to service 'boringssl_self_test64' (pid 238) process group...
[   17.023765] libprocessgroup: Removed cgroup /sys/fs/cgroup/system/uid_9999/pid_238
[   17.037878] dlkm_loader: Loaded kernel module /vendor/lib/modules/goldfish_battery.ko
[   17.038032] dlkm_loader: Loading module /vendor/lib/modules/goldfish_pipe.ko with args ''
[   17.062531] init: processing action (init) from (/system/etc/init/audioserver.rc:66)
[   17.081581] init: processing action (init) from (/system/etc/init/perfetto.rc:162)
[   17.095325] dlkm_loader: Loaded kernel module /vendor/lib/modules/goldfish_pipe.ko
[   17.095527] dlkm_loader: Loading module /vendor/lib/modules/goldfish_sync.ko with args ''
[   17.126481] init: processing action (late-init) from (/system/etc/init/hw/init.rc:501)
[   17.126485] dlkm_loader: Loaded kernel module /vendor/lib/modules/goldfish_sync.ko
[   17.147688] init: processing action (late-init) from (/system/etc/init/atrace.rc:3)
[   17.154075] dlkm_loader: Loading module /system/lib/modules/can-dev.ko with args ''
[   17.183235] CAN device driver interface
[   17.190608] dlkm_loader: Loaded kernel module /system/lib/modules/can-dev.ko
[   17.203266] dlkm_loader: Loading module /vendor/lib/modules/gs_usb.ko with args ''
[   17.217874] usbcore: registered new interface driver gs_usb
[   17.228086] dlkm_loader: Loaded kernel module /vendor/lib/modules/gs_usb.ko
[   17.240861] dlkm_loader: Loading module /vendor/lib/modules/hci_vhci.ko with args ''
[   17.256369] dlkm_loader: Loaded kernel module /vendor/lib/modules/hci_vhci.ko
[   17.269335] dlkm_loader: Loading module /system/lib/modules/libarc4.ko with args ''
[   17.284369] dlkm_loader: Loaded kernel module /system/lib/modules/libarc4.ko
[   17.297150] dlkm_loader: Loading module /vendor/lib/modules/mac80211.ko with args ''
[   17.312205] init: Command 'copy /system/etc/ftrace_synthetic_events.conf /sys/kernel/debug/tracing/synthetic_events' action=late-init (/system/etc/init/atrace.rc:297) took 0ms and failed: Could not write to output file '/sys/kernel/debug/tracing/synthetic_events': open() failed: No such file or directory
[   17.360087] init: processing action (ro.boot.fastboot.boottrace= && late-init) from (/system/etc/init/atrace.rc:315)
[   17.379056] init: processing action (queue_property_triggers) from (<Builtin Action>:0)
[   17.393335] init: processing action (early-fs) from (/system/etc/init/hw/init.rc:535)
[   17.408335] init: starting service 'vold'...
[   17.422908] init: ... started service 'vold' has pid 242
[   17.433352] init: processing action (early-fs) from (/vendor/etc/init/hw/init.ranchu.rc:1)
[   17.449425] init: service 'vold' requested start, but it is already running (flags: 2052)
[   17.465156] init: processing action (fs) from (/vendor/etc/init/hw/init.ranchu.rc:4)
[   17.481857] init: processing action (fs) from (/system/etc/init/logd.rc:29)
[   17.495866] init: processing action (fs) from (/system/etc/init/wifi.rc:25)
[   17.509797] init: processing action (post-fs) from (/system/etc/init/hw/init.rc:539)
[   17.524649] init: starting service 'exec 2 (/system/bin/vdc checkpoint markBootAttempt)'...
[   17.545330] init: ... started service 'exec 2 (/system/bin/vdc checkpoint markBootAttempt)' has pid 243
[   17.563492] init: SVC_EXEC service 'exec 2 (/system/bin/vdc checkpoint markBootAttempt)' pid 243 (uid 1000 gid 1000+0 context default) started; waiting...
[   17.571228] cutils-trace: Error opening trace file: No such file or directory (2)
[   17.588867] init: Command 'exec - system system -- /system/bin/vdc checkpoint markBootAttempt' action=post-fs (/system/etc/init/hw/init.rc:540) took 64ms and succeeded
[   17.601961] vold: Thread Pool max thread count is 0. Cannot cache binder as linkToDeath cannot be implemented. serviceName: vold
[   17.649650] servicemanager: getDeviceHalManifest: Reading VINTF information.
[   17.654653] init: Service 'exec 2 (/system/bin/vdc checkpoint markBootAttempt)' (pid 243) exited with status 0 waiting took 0.112000 seconds
[   17.663627] servicemanager: Loaded APEX Infos from /bootstrap-apex/apex-info-list.xml
[   17.685715] init: Sending signal 9 to service 'exec 2 (/system/bin/vdc checkpoint markBootAttempt)' (pid 243) process group...
[   17.701746] servicemanager: Loaded APEX Infos from /bootstrap-apex/apex-info-list.xml
[   17.729501] libprocessgroup: Removed cgroup /sys/fs/cgroup/system/uid_1000/pid_243
[   17.734496] servicemanager: getDeviceHalManifest: Successfully processed VINTF information
[   17.754002] init: Command 'chown system cache /cache' action=post-fs (/system/etc/init/hw/init.rc:555) took 0ms and failed: lchown() failed: Read-only file system
[   17.762736] servicemanager: getFrameworkHalManifest: Reading VINTF information.
[   17.788723] init: Command 'chmod 0770 /cache' action=post-fs (/system/etc/init/hw/init.rc:556) took 0ms and failed: fchmodat() failed: Read-only file system
[   17.805858] servicemanager: Loaded APEX Infos from /bootstrap-apex/apex-info-list.xml
[   17.832250] selinux: SELinux:  setxattr failed: /cache:  Read-only file system
[   17.846608] servicemanager: getFrameworkHalManifest: Successfully processed VINTF information
[   17.860965] init: Command 'mkdir /cache/recovery 0770 system cache' action=post-fs (/system/etc/init/hw/init.rc:562) took 0ms and failed: mkdir() failed on /cache/recovery: Read-only file system
[   17.875215] servicemanager: Caller(pid=242,uid=0,sid=u:r:vold:s0) Found android.system.vold.IVold/default in framework VINTF manifest.
[   17.905984] init: Command 'mkdir /cache/backup_stage 0700 system system' action=post-fs (/system/etc/init/hw/init.rc:565) took 0ms and failed: mkdir() failed on /cache/backup_stage: Read-only file system
[   17.928966] servicemanager: Caller(pid=242,uid=0,sid=u:r:vold:s0) Found android.system.vold.IVold/default in framework VINTF manifest.
[   17.959898] init: Command 'mkdir /cache/backup 0700 system system' action=post-fs (/system/etc/init/hw/init.rc:566) took 0ms and failed: mkdir() failed on /cache/backup: Read-only file system
[   18.014015] init: Command 'mkdir /cache/lost+found 0770 root root' action=post-fs (/system/etc/init/hw/init.rc:593) took 0ms and failed: mkdir() failed on /cache/lost+found: Read-only file system
[   18.045916] EXT4-fs error (device vdd1): ext4_xattr_block_get:596: inode #2: comm init: corrupted xattr block 1290: invalid header
[   18.069512] selinux: SELinux: Skipping restorecon on directory(/metadata/ota)
[   18.084319] selinux: SELinux: Skipping restorecon on directory(/metadata/prefetch)
[   18.100350] EXT4-fs error (device vdd1): ext4_xattr_block_get:596: inode #11: comm init: corrupted xattr block 1291: invalid header
[   18.123713] selinux: SELinux: Skipping restorecon on directory(/metadata/tradeinmode)
[   18.139250] selinux: SELinux: Skipping restorecon on directory(/metadata/password_slots)
[   18.155147] selinux: SELinux: Skipping restorecon on directory(/metadata/staged-install)
[   18.171243] selinux: SELinux: Skipping restorecon on directory(/metadata/watchdog)
[   18.186116] selinux: SELinux: Skipping restorecon on directory(/metadata/apex)
[   18.200400] selinux: SELinux: Skipping restorecon on directory(/metadata/gsi)
[   18.215001] selinux: SELinux: Skipping restorecon on directory(/metadata/aconfig)
[   18.230453] selinux: SELinux: Skipping restorecon on directory(/metadata/bootstat)
[   18.245319] selinux: SELinux: Skipping restorecon on directory(/metadata/vold)
[   18.259350] EXT4-fs error (device vdd1): ext4_xattr_get_block:2322: inode #2: comm init: corrupted xattr block 1290: invalid header
[   18.281196] selinux: SELinux:  setxattr failed: /metadata:  Structure needs cleaning
[   18.295808] EXT4-fs error (device vdd1): ext4_xattr_get_block:2322: inode #11: comm init: corrupted xattr block 1291: invalid header
[   18.318304] selinux: SELinux:  setxattr failed: /metadata/lost+found:  Structure needs cleaning
[   18.334885] init: Command 'restorecon_recursive /metadata' action=post-fs (/system/etc/init/hw/init.rc:595) took 289ms and succeeded
[   18.357441] init: Command 'mkdir /metadata/ota/snapshots 0750 root system' action=post-fs (/system/etc/init/hw/init.rc:601) took 0ms and failed: lstat() failed on /metadata/ota/snapshots: Structure needs cleaning
[   18.393261] selinux: SELinux: Skipping restorecon on directory(/metadata/apex)
[   18.407488] init: processing action (post-fs) from (/system/etc/init/aconfigd.rc:26)
[   18.423534] init: starting service 'system_aconfigd_platform_init'...
[   18.442475] init: ... started service 'system_aconfigd_platform_init' has pid 249
[   18.457722] dlkm_loader: Loaded kernel module /vendor/lib/modules/mac80211.ko
[   18.458054] init: SVC_EXEC service 'system_aconfigd_platform_init' pid 249 (uid 1000 gid 1000+0 context default) started; waiting...
[   18.494363] dlkm_loader: Loading module /vendor/lib/modules/mac80211_hwsim.ko with args 'radios=0
[   18.494401] init: Command 'exec_start system_aconfigd_platform_init' action=post-fs (/system/etc/init/aconfigd.rc:31) took 71ms and succeeded
[   18.513176] dlkm_loader: '
[   18.546819] mac80211_hwsim: initializing netlink
[   18.561106] dlkm_loader: Loaded kernel module /vendor/lib/modules/mac80211_hwsim.ko
[   18.577182] dlkm_loader: Loading module /vendor/lib/modules/mt76.ko with args ''
[   18.590921] EXT4-fs error (device vdd1): ext4_xattr_block_get:596: inode #2: comm aconfigd-system: corrupted xattr block 1290: invalid header
[   18.614600] EXT4-fs error (device vdd1): ext4_xattr_block_get:596: inode #2: comm aconfigd-system: corrupted xattr block 1290: invalid header
[   18.640736] dlkm_loader: Loaded kernel module /vendor/lib/modules/mt76.ko
[   18.653744] dlkm_loader: Loading module /vendor/lib/modules/mt76-usb.ko with args ''
[   18.654055] EXT4-fs error (device vdd1): ext4_xattr_block_get:596: inode #2: comm aconfigd-system: corrupted xattr block 1290: invalid header
[   18.691425] EXT4-fs error (device vdd1): ext4_xattr_block_get:596: inode #2: comm aconfigd-system: corrupted xattr block 1290: invalid header
[   18.715857] dlkm_loader: Loaded kernel module /vendor/lib/modules/mt76-usb.ko
[   18.715964] init: Service 'system_aconfigd_platform_init' (pid 249) exited with status 1 waiting took 0.278000 seconds
[   18.729407] dlkm_loader: Loading module /vendor/lib/modules/mt76x02-lib.ko with args ''
[   18.749109] init: Sending signal 9 to service 'system_aconfigd_platform_init' (pid 249) process group...
[   18.781641] libprocessgroup: Removed cgroup /sys/fs/cgroup/system/uid_1000/pid_249
[   18.797207] init: processing action (post-fs) from (/system/etc/init/gsid.rc:8)
[   18.810544] dlkm_loader: Loaded kernel module /vendor/lib/modules/mt76x02-lib.ko
[   18.810584] dlkm_loader: Loading module /vendor/lib/modules/mt76x0-common.ko with args ''
[   18.829592] init: processing action (post-fs) from (/system/etc/init/recovery-refresh.rc:1)
[   18.853716] init: starting service 'exec 3 (/system/bin/recovery-refresh)'...
[   18.866415] dlkm_loader: Loaded kernel module /vendor/lib/modules/mt76x0-common.ko
[   18.866580] dlkm_loader: Loading module /vendor/lib/modules/mt76x02-usb.ko with args ''
[   18.894544] init: ... started service 'exec 3 (/system/bin/recovery-refresh)' has pid 250
[   18.909313] init: Command 'exec_background - system log -- /system/bin/recovery-refresh' action=post-fs (/system/etc/init/recovery-refresh.rc:2) took 55ms and succeeded
[   18.936445] init: Service 'exec 3 (/system/bin/recovery-refresh)' (pid 250) exited with status 254 oneshot service took 0.055000 seconds in background
[   18.961150] init: Sending signal 9 to service 'exec 3 (/system/bin/recovery-refresh)' (pid 250) process group...
[   18.979430] dlkm_loader: Loaded kernel module /vendor/lib/modules/mt76x02-usb.ko
[   18.982811] libprocessgroup: Removed cgroup /sys/fs/cgroup/system/uid_1000/pid_250
[   18.992710] dlkm_loader: Loading module /vendor/lib/modules/mt76x0u.ko with args ''
[   19.006024] init: processing action (late-fs) from (/system/etc/init/hw/init.rc:617)
[   19.033760] init: starting service 'system_suspend'...
[   19.034082] usbcore: registered new interface driver mt76x0u
[   19.054165] dlkm_loader: Loaded kernel module /vendor/lib/modules/mt76x0u.ko
[   19.066118] init: ... started service 'system_suspend' has pid 251
[   19.068510] dlkm_loader: Loading module /vendor/lib/modules/mt76x2-common.ko with args ''
[   19.078372] servicemanager: Caller(pid=251,uid=1000,sid=u:r:system_suspend:s0) Found android.system.suspend.ISystemSuspend/default in framework VINTF manifest.
[   19.078421] init: starting service 'keystore2'...
[   19.111503] init: ... started service 'keystore2' has pid 254
[   19.139394] dlkm_loader: Loaded kernel module /vendor/lib/modules/mt76x2-common.ko
[   19.143434] init: starting service 'vendor.keymint-default'...
[   19.153190] dlkm_loader: Loading module /vendor/lib/modules/mt76x2u.ko with args ''
[   19.180470] init: ... started service 'vendor.keymint-default' has pid 255
[   19.181094] usbcore: registered new interface driver mt76x2u
[   19.198860] init: starting service 'vendor.gatekeeper_nonsecure'...
[   19.217656] dlkm_loader: Loaded kernel module /vendor/lib/modules/mt76x2u.ko
[   19.232291] dlkm_loader: Loading module /vendor/lib/modules/nd_virtio.ko with args ''
[   19.245272] init: ... started service 'vendor.gatekeeper_nonsecure' has pid 256
[   19.264382] init: Command 'class_start early_hal' action=late-fs (/system/etc/init/hw/init.rc:624) took 231ms and succeeded
[   19.287973] init: processing action (late-fs) from (/system/etc/init/hw/init.rc:631)
[   19.303733] dlkm_loader: Loaded kernel module /vendor/lib/modules/nd_virtio.ko
[   19.305845] servicemanager: Caller(pid=255,uid=9999,sid=u:r:hal_keymint_default:s0) Found android.hardware.security.keymint.IKeyMintDevice/default in device VINTF manifest.
[   19.315343] init: processing action (late-fs) from (/vendor/etc/init/hw/init.ranchu.rc:7)
[   19.318366] dlkm_loader: Loading module /vendor/lib/modules/net_failover.ko with args ''
[   19.345977] init: [libfs_mgr] Invalid ext4 superblock on '/dev/block/vdc'
[   19.347113] servicemanager: Caller(pid=255,uid=9999,sid=u:r:hal_keymint_default:s0) Found android.hardware.security.secureclock.ISecureClock/default in device VINTF manifest.
[   19.349601] servicemanager: Caller(pid=255,uid=9999,sid=u:r:hal_keymint_default:s0) Found android.hardware.security.sharedsecret.ISharedSecret/default in device VINTF manifest.
[   19.350674] servicemanager: Caller(pid=255,uid=9999,sid=u:r:hal_keymint_default:s0) Found android.hardware.security.keymint.IRemotelyProvisionedComponent/default in device VINTF manifest.
[   19.490980] init: [libfs_mgr] mount_with_alternatives(): skipping mount due to invalid magic, mountpoint=/data blk_dev=/dev/block/vdc rec[9].fs_type=ext4
[   19.495237] servicemanager: Caller(pid=256,uid=1000,sid=u:r:hal_gatekeeper_default:s0) Found android.hardware.security.sharedsecret.ISharedSecret/gatekeeper in device VINTF manifest.
[   19.518479] dlkm_loader: Loaded kernel module /vendor/lib/modules/net_failover.ko
[   19.550055] init: Calling: /system/bin/vdc cryptfs mountFstab /dev/block/vdc /data false 
[   19.551108] servicemanager: Caller(pid=256,uid=1000,sid=u:r:hal_gatekeeper_default:s0) Found android.hardware.gatekeeper.IGatekeeper/default in device VINTF manifest.
[   19.565718] dlkm_loader: Loading module /vendor/lib/modules/pulse8-cec.ko with args ''
[   19.601171] vdc: Thread Pool max thread count is 0. Cannot cache binder as linkToDeath cannot be implemented. serviceName: vold
[   19.648622] vold: Failed to create /metadata/vold/metadata_encryption: Structure needs cleaning
[   19.661183] servicemanager: Caller(pid=254,uid=1017,sid=u:r:keystore:s0) Found android.system.keystore2.IKeystoreService/default in framework VINTF manifest.
[   19.665210] dlkm_loader: Loaded kernel module /vendor/lib/modules/pulse8-cec.ko
[   19.665414] dlkm_loader: Loading module /vendor/lib/modules/rtc-test.ko with args ''
[   19.665567] vold: read_key failed in mountFstab
[   19.665824] vdc: Command: cryptfs mountFstab /dev/block/vdc /data false  Failed: Status(-8, EX_SERVICE_SPECIFIC): '0: '
[   19.667046] vdc: vdc terminated by exit(25)
[   19.667050] vdc: 
[   19.667096] init: vdc call failed with error code: 25
[   19.703154] init: Command 'mount_all /vendor/etc/fstab.ranchu --late' action=late-fs (/vendor/etc/init/hw/init.ranchu.rc:9) took 387ms and failed: queue_fs_event() failed: Invalid code: -1
[   19.752585] rtc-test rtc-test.0: registered as rtc1
[   19.761144] init: processing action (post-fs-data) from (/system/etc/init/hw/init.rc:645)
[   19.764891] rtc-test rtc-test.1: registered as rtc2
[   19.774566] init: starting service 'exec 4 (/system/bin/vdc checkpoint prepareCheckpoint)'...
[   19.809719] rtc-test rtc-test.2: registered as rtc3
[   19.870698] dlkm_loader: Loaded kernel module /vendor/lib/modules/rtc-test.ko
[   19.870955] init: ... started service 'exec 4 (/system/bin/vdc checkpoint prepareCheckpoint)' has pid 266
[   19.884765] dlkm_loader: module snd_aloop is blocklisted
[   19.903113] init: SVC_EXEC service 'exec 4 (/system/bin/vdc checkpoint prepareCheckpoint)' pid 266 (uid 1000 gid 1000+0 context default) started; waiting...
[   19.916554] dlkm_loader: LoadWithAliases was unable to load snd_aloop, tried: snd_aloop
[   19.941287] init: Command 'exec - system system -- /system/bin/vdc checkpoint prepareCheckpoint' action=post-fs-data (/system/etc/init/hw/init.rc:648) took 166ms and succeeded
[   19.957843] dlkm_loader: Loading module /vendor/lib/modules/system_heap.ko with args ''
[   19.988671] init: Service 'exec 4 (/system/bin/vdc checkpoint prepareCheckpoint)' (pid 266) exited with status 0 waiting took 0.168000 seconds
[   20.029155] init: Sending signal 9 to service 'exec 4 (/system/bin/vdc checkpoint prepareCheckpoint)' (pid 266) process group...
[   20.051699] dlkm_loader: Loaded kernel module /vendor/lib/modules/system_heap.ko
[   20.051853] dlkm_loader: Loading module /vendor/lib/modules/test_meminit.ko with args ''
[   20.073383] libprocessgroup: Removed cgroup /sys/fs/cgroup/system/uid_1000/pid_266
[   20.098018] init: Command 'chown system system /data' action=post-fs-data (/system/etc/init/hw/init.rc:651) took 0ms and failed: lchown() failed: Read-only file system
[   20.130623] init: Command 'chmod 0771 /data' action=post-fs-data (/system/etc/init/hw/init.rc:652) took 0ms and failed: fchmodat() failed: Read-only file system
[   20.157186] test_meminit: all 11 tests in test_pages passed
[   20.163614] init: Command 'installkey /data' action=post-fs-data (/system/etc/init/hw/init.rc:657) took 0ms and failed: Failed to create /data/unencrypted: Read-only file system
[   20.175830] test_meminit: all 40 tests in test_kvmalloc passed
[   20.201442] init: Command 'mkdir /data/bootchart 0755 shell shell encryption=Require' action=post-fs-data (/system/etc/init/hw/init.rc:661) took 0ms and failed: mkdir() failed on /data/bootchart: Read-only file system
[   20.250342] init: Command 'copy /data/system/entropy.dat /dev/urandom' action=post-fs-data (/system/etc/init/hw/init.rc:665) took 0ms and failed: Could not read input file '/data/system/entropy.dat': open() failed: No such file or directory
[   20.292317] init: Command 'mkdir /data/vendor 0771 root root encryption=Require' action=post-fs-data (/system/etc/init/hw/init.rc:667) took 0ms and failed: mkdir() failed on /data/vendor: Read-only file system
[   20.329143] init: Command 'mkdir /data/anr 0775 system system encryption=Require' action=post-fs-data (/system/etc/init/hw/init.rc:671) took 0ms and failed: mkdir() failed on /data/anr: Read-only file system
[   20.365378] init: Command 'mkdir /data/tombstones 0775 system system encryption=Require' action=post-fs-data (/system/etc/init/hw/init.rc:672) took 0ms and failed: mkdir() failed on /data/tombstones: Read-only file system
[   20.404236] init: starting service 'tombstoned'...
[   20.414266] init: Created socket '/dev/socket/tombstoned_crash', mode 666, user 1000, group 1000
[   20.431552] init: Created socket '/dev/socket/tombstoned_intercept', mode 666, user 1000, group 1000
[   20.449951] init: Created socket '/dev/socket/tombstoned_java_trace', mode 666, user 1000, group 1000
[   20.478047] test_meminit: all 70 tests in test_kmemcache passed
[   20.489999] test_meminit: all 10 tests in test_rcu_persistent passed
[   20.503197] test_meminit: all 131 tests passed!
[   20.510188] init: ... started service 'tombstoned' has pid 267
[   20.524068] dlkm_loader: Loaded kernel module /vendor/lib/modules/test_meminit.ko
[   20.524406] init: Command 'start tombstoned' action=post-fs-data (/system/etc/init/hw/init.rc:675) took 120ms and succeeded
[   20.542555] dlkm_loader: Loading module /vendor/lib/modules/usbip-core.ko with args ''
[   20.560912] init: Service 'tombstoned' (pid 267) exited with status 1
[   20.589009] init: Sending signal 9 to service 'tombstoned' (pid 267) process group...
[   20.604681] dlkm_loader: Loaded kernel module /vendor/lib/modules/usbip-core.ko
[   20.606487] libprocessgroup: Removed cgroup /sys/fs/cgroup/system/uid_1058/pid_267
[   20.618797] dlkm_loader: Loading module /vendor/lib/modules/v4l2loopback.ko with args ''
[   20.641081] init: Switched to default mount namespace
[   20.658487] init: Command 'mkdir /data/misc 01771 system misc encryption=Require' action=post-fs-data (/system/etc/init/hw/init.rc:682) took 0ms and failed: mkdir() failed on /data/misc: Read-only file system
[   20.698047] selinux: SELinux: Could not get canonical path for /data/misc/keystore restorecon: No such file or directory.
[   20.698107] v4l2loopback driver version 0.12.7 loaded
[   20.729046] init: starting service 'exec 5 (/system/bin/vdc keymaster earlyBootEnded)'...
[   20.744279] dlkm_loader: Loaded kernel module /vendor/lib/modules/v4l2loopback.ko
[   20.759045] dlkm_loader: Loading module /vendor/lib/modules/vhci-hcd.ko with args ''
[   20.775882] vhci_hcd vhci_hcd.0: USB/IP Virtual Host Controller
[   20.787180] vhci_hcd vhci_hcd.0: new USB bus registered, assigned bus number 2
[   20.801465] vhci_hcd: created sysfs vhci_hcd.0
[   20.810511] usb usb2: New USB device found, idVendor=1d6b, idProduct=0002, bcdDevice= 6.06
[   20.826767] usb usb2: New USB device strings: Mfr=3, Product=2, SerialNumber=1
[   20.829380] init: ... started service 'exec 5 (/system/bin/vdc keymaster earlyBootEnded)' has pid 270
[   20.840199] usb usb2: Product: USB/IP Virtual Host Controller
[   20.861257] init: SVC_EXEC service 'exec 5 (/system/bin/vdc keymaster earlyBootEnded)' pid 270 (uid 1000 gid 1000+0 context default) started; waiting...
[   20.871181] usb usb2: Manufacturer: Linux 6.6.66-android15-8-gb66429556fb8-ab13070261 vhci_hcd
[   20.871185] usb usb2: SerialNumber: vhci_hcd.0
[   20.872669] hub 2-0:1.0: USB hub found
[   20.897304] init: Command 'exec - system system -- /system/bin/vdc keymaster earlyBootEnded' action=post-fs-data (/system/etc/init/hw/init.rc:697) took 169ms and succeeded
[   20.918441] hub 2-0:1.0: 8 ports detected
[   20.967470] vhci_hcd vhci_hcd.0: USB/IP Virtual Host Controller
[   20.979946] vhci_hcd vhci_hcd.0: new USB bus registered, assigned bus number 3
[   20.994068] usb usb3: We don't know the algorithms for LPM for this host, disabling LPM.
[   21.009230] usb usb3: New USB device found, idVendor=1d6b, idProduct=0003, bcdDevice= 6.06
[   21.020591] type=1400 audit(1786547637.852:4): avc:  denied  { ptrace } for  comm="crash_dump64" scontext=u:r:crash_dump:s0 tcontext=u:r:keystore:s0 tclass=process permissive=0 bug=b/376065666
[   21.025645] usb usb3: New USB device strings: Mfr=3, Product=2, SerialNumber=1
[   21.026814] init: Untracked pid 275 exited with status 1
[   21.026823] init: Untracked pid 275 did not have an associated service entry and will not be reaped
[   21.056275] type=1400 audit(1786547637.856:5): avc:  denied  { ptrace } for  comm="crash_dump64" scontext=u:r:crash_dump:s0 tcontext=u:r:keystore:s0 tclass=process permissive=0 bug=b/376065666
[   21.069340] usb usb3: Product: USB/IP Virtual Host Controller
[   21.069345] usb usb3: Manufacturer: Linux 6.6.66-android15-8-gb66429556fb8-ab13070261 vhci_hcd
[   21.069346] usb usb3: SerialNumber: vhci_hcd.0
[   21.069722] hub 3-0:1.0: USB hub found
[   21.070745] binder: release 254:254 transaction 201 in, still active
[   21.070749] binder: send failed reply for transaction 201 to 242:242
[   21.070927] vold: keystore2 Communication with Keystore earlyBootEnded failed error: -129
[   21.077127] init: Service 'keystore2' (pid 254) received signal 6
[   21.077138] init: Sending signal 9 to service 'keystore2' (pid 254) process group...
[   21.079962] type=1400 audit(1786547637.856:6): avc:  denied  { ptrace } for  comm="crash_dump64" scontext=u:r:crash_dump:s0 tcontext=u:r:keystore:s0 tclass=process permissive=0 bug=b/376065666
[   21.081380] libprocessgroup: Removed cgroup /sys/fs/cgroup/system/uid_1017/pid_254
[   21.086950] init: Service 'exec 5 (/system/bin/vdc keymaster earlyBootEnded)' (pid 270) exited with status 0 waiting took 0.339000 seconds
[   21.086960] init: Sending signal 9 to service 'exec 5 (/system/bin/vdc keymaster earlyBootEnded)' (pid 270) process group...
[   21.093618] libprocessgroup: Removed cgroup /sys/fs/cgroup/system/uid_1000/pid_270
[   21.094178] init: Command 'mkdir /data/property 0700 root root encryption=Require' action=post-fs-data (/system/etc/init/hw/init.rc:703) took 0ms and failed: mkdir() failed on /data/property: Read-only file system
[   21.094922] init: Could not load single persistent property file, trying legacy directory: Unable to read persistent property file: open() failed: No such file or directory
[   21.094939] init: Unable to load legacy persistent properties: Unable to open persistent property directory "/data/property": No such file or directory
[   21.095052] init: start_waiting_for_property("ro.persistent_properties.ready", "true"): already set
[   21.095673] init: service 'logd' requested start, but it is already running (flags: 4)
[   21.095767] hub 3-0:1.0: 8 ports detected
[   21.095855] init: starting service 'logd-reinit'...
[   21.126564] type=1400 audit(1786547637.856:7): avc:  denied  { ptrace } for  comm="crash_dump64" scontext=u:r:crash_dump:s0 tcontext=u:r:keystore:s0 tclass=process permissive=0 bug=b/376065666
[   21.152905] dlkm_loader: Loaded kernel module /vendor/lib/modules/vhci-hcd.ko
[   21.153048] dlkm_loader: Loading module /vendor/lib/modules/virt_wifi.ko with args ''
[   21.161556] type=1400 audit(1786547637.856:8): avc:  denied  { ptrace } for  comm="crash_dump64" scontext=u:r:crash_dump:s0 tcontext=u:r:keystore:s0 tclass=process permissive=0 bug=b/376065666
[   21.206604] dlkm_loader: Loaded kernel module /vendor/lib/modules/virt_wifi.ko
[   21.218478] type=1400 audit(1786547637.856:9): avc:  denied  { ptrace } for  comm="crash_dump64" scontext=u:r:crash_dump:s0 tcontext=u:r:keystore:s0 tclass=process permissive=0 bug=b/376065666
[   21.233099] dlkm_loader: Loading module /vendor/lib/modules/virtio-gpu.ko with args ''
[   21.237619] init: ... started service 'logd-reinit' has pid 277
[   21.237693] init: Command 'start logd-reinit' action=post-fs-data (/system/etc/init/hw/init.rc:707) took 141ms and succeeded
[   21.239207] init: Not setting encryption policy on: /data/apex
[   21.239544] init: Command 'mkdir /data/apex 0755 root system encryption=None' action=post-fs-data (/system/etc/init/hw/init.rc:726) took 0ms and failed: mkdir() failed on /data/apex: Read-only file system
[   21.241851] logd: logd reinit
[   21.242722] logd: FrameworkListener: read() failed (Connection reset by peer)
[   21.243462] init: Service 'logd-reinit' (pid 277) exited with status 0 oneshot service took 0.145000 seconds in background
[   21.243472] init: Sending signal 9 to service 'logd-reinit' (pid 277) process group...
[   21.249520] libprocessgroup: Removed cgroup /sys/fs/cgroup/system/uid_1036/pid_277
[   21.260806] init: Command 'mkdir /data/app-staging 0751 system system encryption=DeleteIfNecessary' action=post-fs-data (/system/etc/init/hw/init.rc:730) took 1ms and failed: mkdir() failed on /data/app-staging: Read-only file system
[   21.264263] type=1400 audit(1786547637.856:10): avc:  denied  { ptrace } for  comm="crash_dump64" scontext=u:r:crash_dump:s0 tcontext=u:r:keystore:s0 tclass=process permissive=0 bug=b/376065666
[   21.266401] init: starting service 'apexd'...
[   21.287599] init: ... started service 'apexd' has pid 279
[   21.292833] apexd: Started. subcommand = (null)
[   21.294573] apexd: Thread Pool max thread count is 0. Cannot cache binder as linkToDeath cannot be implemented. serviceName: vold
[   21.294897] apexd: Scanning /odm/apex for pre-installed ApexFiles
[   21.294909] apexd: /odm/apex does not exist. Skipping
[   21.294914] apexd: Scanning /vendor/apex for pre-installed ApexFiles
[   21.295028] apexd: Found pre-installed APEX /vendor/apex/com.android.hardware.authsecret.apex
[   21.295033] apexd: Found pre-installed APEX /vendor/apex/com.android.hardware.cas.apex
[   21.295037] apexd: Found pre-installed APEX /vendor/apex/com.android.hardware.contexthub.apex
[   21.295041] apexd: Found pre-installed APEX /vendor/apex/com.android.hardware.dumpstate.apex
[   21.295045] apexd: Found pre-installed APEX /vendor/apex/com.android.hardware.gatekeeper.nonsecure.apex
[   21.295050] apexd: Found pre-installed APEX /vendor/apex/com.android.hardware.neuralnetworks.apex
[   21.295054] apexd: Found pre-installed APEX /vendor/apex/com.android.hardware.power.apex
[   21.295058] apexd: Found pre-installed APEX /vendor/apex/com.android.hardware.rebootescrow.apex
[   21.295062] apexd: Found pre-installed APEX /vendor/apex/com.android.hardware.thermal.apex
[   21.295070] apexd: Found pre-installed APEX /vendor/apex/com.android.hardware.threadnetwork-simulation-rcp.apex
[   21.295074] apexd: Found pre-installed APEX /vendor/apex/com.android.hardware.uwb.apex
[   21.295078] apexd: Found pre-installed APEX /vendor/apex/com.android.hardware.vibrator.apex
[   21.295082] apexd: Found pre-installed APEX /vendor/apex/com.google.android.widevine-13130248.apex
[   21.295087] apexd: Scanning /product/apex for pre-installed ApexFiles
[   21.295095] apexd: /product/apex does not exist. Skipping
[   21.295099] apexd: Scanning /system_ext/apex for pre-installed ApexFiles
[   21.295120] apexd: Found pre-installed APEX /system_ext/apex/com.android.compos.apex
[   21.295125] apexd: Scanning /system/apex for pre-installed ApexFiles
[   21.295192] apexd: Found pre-installed APEX /system/apex/com.android.apex.cts.shim.apex
[   21.295196] apexd: Found pre-installed APEX /system/apex/com.android.devicelock.apex
[   21.295214] apexd: Found pre-installed APEX /system/apex/com.android.i18n.apex
[   21.295219] apexd: Found pre-installed APEX /system/apex/com.android.runtime.apex
[   21.295223] apexd: Found pre-installed APEX /system/apex/com.android.virt.apex
[   21.295227] apexd: Found pre-installed APEX /system/apex/com.google.android.adbd.apex
[   21.295231] apexd: Found pre-installed APEX /system/apex/com.google.android.adservices.apex
[   21.295235] apexd: Found pre-installed APEX /system/apex/com.google.android.appsearch.apex
[   21.295239] apexd: Found pre-installed APEX /system/apex/com.google.android.art.apex
[   21.295243] apexd: Found pre-installed APEX /system/apex/com.google.android.bt.apex
[   21.295256] apexd: Found pre-installed APEX /system/apex/com.google.android.cellbroadcast.apex
[   21.295260] apexd: Found pre-installed APEX /system/apex/com.google.android.configinfrastructure.apex
[   21.295264] apexd: Found pre-installed APEX /system/apex/com.google.android.conscrypt.apex
[   21.295268] apexd: Found pre-installed APEX /system/apex/com.google.android.crashrecovery.apex
[   21.295272] apexd: Found pre-installed APEX /system/apex/com.google.android.extservices.apex
[   21.295276] apexd: Found pre-installed APEX /system/apex/com.google.android.healthfitness.apex
[   21.295281] apexd: Found pre-installed APEX /system/apex/com.google.android.ipsec.apex
[   21.295284] apexd: Found pre-installed APEX /system/apex/com.google.android.media.apex
[   21.295288] apexd: Found pre-installed APEX /system/apex/com.google.android.media.swcodec.apex
[   21.295316] apexd: Found pre-installed APEX /system/apex/com.google.android.mediaprovider.apex
[   21.295320] apexd: Found pre-installed APEX /system/apex/com.google.android.neuralnetworks.apex
[   21.295324] apexd: Found pre-installed APEX /system/apex/com.google.android.nfcservices.apex
[   21.295328] apexd: Found pre-installed APEX /system/apex/com.google.android.ondevicepersonalization.apex
[   21.295333] apexd: Found pre-installed APEX /system/apex/com.google.android.os.statsd.apex
[   21.295337] apexd: Found pre-installed APEX /system/apex/com.google.android.permission.apex
[   21.295341] apexd: Found pre-installed APEX /system/apex/com.google.android.profiling.apex
[   21.295345] apexd: Found pre-installed APEX /system/apex/com.google.android.resolv.apex
[   21.295349] apexd: Found pre-installed APEX /system/apex/com.google.android.rkpd.apex
[   21.295353] apexd: Found pre-installed APEX /system/apex/com.google.android.scheduling.apex
[   21.295357] apexd: Found pre-installed APEX /system/apex/com.google.android.sdkext.apex
[   21.295361] apexd: Found pre-installed APEX /system/apex/com.google.android.tethering.apex
[   21.295365] apexd: Found pre-installed APEX /system/apex/com.google.android.tzdata6.apex
[   21.295369] apexd: Found pre-installed APEX /system/apex/com.google.android.uprobestats.apex
[   21.295373] apexd: Found pre-installed APEX /system/apex/com.google.android.uwb.apex
[   21.295377] apexd: Found pre-installed APEX /system/apex/com.google.android.wifi.apex
[   21.301892] type=1400 audit(1786547637.860:11): avc:  denied  { ptrace } for  comm="crash_dump64" scontext=u:r:crash_dump:s0 tcontext=u:r:keystore:s0 tclass=process permissive=0 bug=b/376065666
[   21.303225] apexd: Populating APEX database from mounts...
[   21.303427] apexd: 0 packages restored.
[   21.303452] apexd: Marking APEXd as starting
[   21.309838] apexd: Scanning /metadata/apex/sessions looking for sessions to be activated.
[   21.311417] apexd: Scanning /data/apex/active for data ApexFiles
[   21.311436] apexd: /data/apex/active does not exist. Skipping
[   21.311458] apexd: Selecting APEX for activation
[   21.311515] apexd: Processing compressed APEX
[   21.311521] apexd: Processing compressed APEX /system/apex/com.google.android.mediaprovider.apex
[   21.311561] apexd: Failed to clean up reserved space: Failed to delete /data/apex/ota_reserved : Can't open /data/apex/ota_reserved for reading : No such file or directory
[   21.311567] apexd: Decompressing/system/apex/com.google.android.mediaprovider.apex to /data/apex/decompressed/com.android.mediaprovider@360527520.decompressed.apex
[   21.311736] apexd: Failed to process compressed APEX: Failed to decompress : /system/apex/com.google.android.mediaprovider.apex Failed to open decompression destination /data/apex/decompressed/com.android.mediaprovider@360527520.decompressed.apex: No such file or directory
[   21.311743] apexd: Processing compressed APEX /system/apex/com.google.android.crashrecovery.apex
[   21.311764] apexd: Failed to clean up reserved space: Failed to delete /data/apex/ota_reserved : Can't open /data/apex/ota_reserved for reading : No such file or directory
[   21.311770] apexd: Decompressing/system/apex/com.google.android.crashrecovery.apex to /data/apex/decompressed/com.android.crashrecovery@360527520.decompressed.apex
[   21.311884] apexd: Failed to process compressed APEX: Failed to decompress : /system/apex/com.google.android.crashrecovery.apex Failed to open decompression destination /data/apex/decompressed/com.android.crashrecovery@360527520.decompressed.apex: No such file or directory
[   21.311890] apexd: Processing compressed APEX /system/apex/com.google.android.bt.apex
[   21.311909] apexd: Failed to clean up reserved space: Failed to delete /data/apex/ota_reserved : Can't open /data/apex/ota_reserved for reading : No such file or directory
[   21.311915] apexd: Decompressing/system/apex/com.google.android.bt.apex to /data/apex/decompressed/com.android.bt@360527520.decompressed.apex
[   21.312679] apexd: Failed to process compressed APEX: Failed to decompress : /system/apex/com.google.android.bt.apex Failed to open decompression destination /data/apex/decompressed/com.android.bt@360527520.decompressed.apex: No such file or directory
[   21.312687] apexd: Processing compressed APEX /system/apex/com.google.android.configinfrastructure.apex
[   21.312720] apexd: Failed to clean up reserved space: Failed to delete /data/apex/ota_reserved : Can't open /data/apex/ota_reserved for reading : No such file or directory
[   21.312726] apexd: Decompressing/system/apex/com.google.android.configinfrastructure.apex to /data/apex/decompressed/com.android.configinfrastructure@360527520.decompressed.apex
[   21.312837] apexd: Failed to process compressed APEX: Failed to decompress : /system/apex/com.google.android.configinfrastructure.apex Failed to open decompression destination /data/apex/decompressed/com.android.configinfrastructure@360527520.decompressed.apex: No such file or directory
[   21.312843] apexd: Processing compressed APEX /system/apex/com.google.android.rkpd.apex
[   21.312863] apexd: Failed to clean up reserved space: Failed to delete /data/apex/ota_reserved : Can't open /data/apex/ota_reserved for reading : No such file or directory
[   21.312868] apexd: Decompressing/system/apex/com.google.android.rkpd.apex to /data/apex/decompressed/com.android.rkpd@360527520.decompressed.apex
[   21.312979] apexd: Failed to process compressed APEX: Failed to decompress : /system/apex/com.google.android.rkpd.apex Failed to open decompression destination /data/apex/decompressed/com.android.rkpd@360527520.decompressed.apex: No such file or directory
[   21.312985] apexd: Processing compressed APEX /system/apex/com.google.android.art.apex
[   21.313003] apexd: Failed to clean up reserved space: Failed to delete /data/apex/ota_reserved : Can't open /data/apex/ota_reserved for reading : No such file or directory
[   21.313008] apexd: Decompressing/system/apex/com.google.android.art.apex to /data/apex/decompressed/com.android.art@360527520.decompressed.apex
[   21.313114] apexd: Failed to process compressed APEX: Failed to decompress : /system/apex/com.google.android.art.apex Failed to open decompression destination /data/apex/decompressed/com.android.art@360527520.decompressed.apex: No such file or directory
[   21.313120] apexd: Processing compressed APEX /system/apex/com.google.android.adbd.apex
[   21.313138] apexd: Failed to clean up reserved space: Failed to delete /data/apex/ota_reserved : Can't open /data/apex/ota_reserved for reading : No such file or directory
[   21.313143] apexd: Decompressing/system/apex/com.google.android.adbd.apex to /data/apex/decompressed/com.android.adbd@360527520.decompressed.apex
[   21.313248] apexd: Failed to process compressed APEX: Failed to decompress : /system/apex/com.google.android.adbd.apex Failed to open decompression destination /data/apex/decompressed/com.android.adbd@360527520.decompressed.apex: No such file or directory
[   21.313254] apexd: Processing compressed APEX /system/apex/com.google.android.uprobestats.apex
[   21.313273] apexd: Failed to clean up reserved space: Failed to delete /data/apex/ota_reserved : Can't open /data/apex/ota_reserved for reading : No such file or directory
[   21.313278] apexd: Decompressing/system/apex/com.google.android.uprobestats.apex to /data/apex/decompressed/com.android.uprobestats@360527520.decompressed.apex
[   21.313398] apexd: Failed to process compressed APEX: Failed to decompress : /system/apex/com.google.android.uprobestats.apex Failed to open decompression destination /data/apex/decompressed/com.android.uprobestats@360527520.decompressed.apex: No such file or directory
[   21.313404] apexd: Processing compressed APEX /system/apex/com.google.android.permission.apex
[   21.313424] apexd: Failed to clean up reserved space: Failed to delete /data/apex/ota_reserved : Can't open /data/apex/ota_reserved for reading : No such file or directory
[   21.313429] apexd: Decompressing/system/apex/com.google.android.permission.apex to /data/apex/decompressed/com.android.permission@360527520.decompressed.apex
[   21.313535] apexd: Failed to process compressed APEX: Failed to decompress : /system/apex/com.google.android.permission.apex Failed to open decompression destination /data/apex/decompressed/com.android.permission@360527520.decompressed.apex: No such file or directory
[   21.313541] apexd: Processing compressed APEX /system/apex/com.google.android.media.swcodec.apex
[   21.313559] apexd: Failed to clean up reserved space: Failed to delete /data/apex/ota_reserved : Can't open /data/apex/ota_reserved for reading : No such file or directory
[   21.313564] apexd: Decompressing/system/apex/com.google.android.media.swcodec.apex to /data/apex/decompressed/com.android.media.swcodec@360527520.decompressed.apex
[   21.313669] apexd: Failed to process compressed APEX: Failed to decompress : /system/apex/com.google.android.media.swcodec.apex Failed to open decompression destination /data/apex/decompressed/com.android.media.swcodec@360527520.decompressed.apex: No such file or directory
[   21.313675] apexd: Processing compressed APEX /system/apex/com.google.android.profiling.apex
[   21.313694] apexd: Failed to clean up reserved space: Failed to delete /data/apex/ota_reserved : Can't open /data/apex/ota_reserved for reading : No such file or directory
[   21.313699] apexd: Decompressing/system/apex/com.google.android.profiling.apex to /data/apex/decompressed/com.android.profiling@360527520.decompressed.apex
[   21.313805] apexd: Failed to process compressed APEX: Failed to decompress : /system/apex/com.google.android.profiling.apex Failed to open decompression destination /data/apex/decompressed/com.android.profiling@360527520.decompressed.apex: No such file or directory
[   21.313811] apexd: Processing compressed APEX /system/apex/com.google.android.adservices.apex
[   21.313829] apexd: Failed to clean up reserved space: Failed to delete /data/apex/ota_reserved : Can't open /data/apex/ota_reserved for reading : No such file or directory
[   21.313834] apexd: Decompressing/system/apex/com.google.android.adservices.apex to /data/apex/decompressed/com.android.adservices@360527520.decompressed.apex
[   21.313940] apexd: Failed to process compressed APEX: Failed to decompress : /system/apex/com.google.android.adservices.apex Failed to open decompression destination /data/apex/decompressed/com.android.adservices@360527520.decompressed.apex: No such file or directory
[   21.313946] apexd: Processing compressed APEX /system/apex/com.google.android.appsearch.apex
[   21.313975] apexd: Failed to clean up reserved space: Failed to delete /data/apex/ota_reserved : Can't open /data/apex/ota_reserved for reading : No such file or directory
[   21.313981] apexd: Decompressing/system/apex/com.google.android.appsearch.apex to /data/apex/decompressed/com.android.appsearch@360527520.decompressed.apex
[   21.314090] apexd: Failed to process compressed APEX: Failed to decompress : /system/apex/com.google.android.appsearch.apex Failed to open decompression destination /data/apex/decompressed/com.android.appsearch@360527520.decompressed.apex: No such file or directory
[   21.314096] apexd: Processing compressed APEX /system/apex/com.google.android.ondevicepersonalization.apex
[   21.314115] apexd: Failed to clean up reserved space: Failed to delete /data/apex/ota_reserved : Can't open /data/apex/ota_reserved for reading : No such file or directory
[   21.314120] apexd: Decompressing/system/apex/com.google.android.ondevicepersonalization.apex to /data/apex/decompressed/com.android.ondevicepersonalization@360527520.decompressed.apex
[   21.314227] apexd: Failed to process compressed APEX: Failed to decompress : /system/apex/com.google.android.ondevicepersonalization.apex Failed to open decompression destination /data/apex/decompressed/com.android.ondevicepersonalization@360527520.decompressed.apex: No such file or directory
[   21.314233] apexd: Processing compressed APEX /system/apex/com.google.android.uwb.apex
[   21.314251] apexd: Failed to clean up reserved space: Failed to delete /data/apex/ota_reserved : Can't open /data/apex/ota_reserved for reading : No such file or directory
[   21.314256] apexd: Decompressing/system/apex/com.google.android.uwb.apex to /data/apex/decompressed/com.android.uwb@360527520.decompressed.apex
[   21.314362] apexd: Failed to process compressed APEX: Failed to decompress : /system/apex/com.google.android.uwb.apex Failed to open decompression destination /data/apex/decompressed/com.android.uwb@360527520.decompressed.apex: No such file or directory
[   21.314377] apexd: Processing compressed APEX /system/apex/com.google.android.neuralnetworks.apex
[   21.314396] apexd: Failed to clean up reserved space: Failed to delete /data/apex/ota_reserved : Can't open /data/apex/ota_reserved for reading : No such file or directory
[   21.314402] apexd: Decompressing/system/apex/com.google.android.neuralnetworks.apex to /data/apex/decompressed/com.android.neuralnetworks@360527520.decompressed.apex
[   21.314511] apexd: Failed to process compressed APEX: Failed to decompress : /system/apex/com.google.android.neuralnetworks.apex Failed to open decompression destination /data/apex/decompressed/com.android.neuralnetworks@360527520.decompressed.apex: No such file or directory
[   21.314517] apexd: Processing compressed APEX /system/apex/com.google.android.cellbroadcast.apex
[   21.314535] apexd: Failed to clean up reserved space: Failed to delete /data/apex/ota_reserved : Can't open /data/apex/ota_reserved for reading : No such file or directory
[   21.314540] apexd: Decompressing/system/apex/com.google.android.cellbroadcast.apex to /data/apex/decompressed/com.android.cellbroadcast@360527520.decompressed.apex
[   21.314645] apexd: Failed to process compressed APEX: Failed to decompress : /system/apex/com.google.android.cellbroadcast.apex Failed to open decompression destination /data/apex/decompressed/com.android.cellbroadcast@360527520.decompressed.apex: No such file or directory
[   21.314651] apexd: Processing compressed APEX /system/apex/com.google.android.healthfitness.apex
[   21.314670] apexd: Failed to clean up reserved space: Failed to delete /data/apex/ota_reserved : Can't open /data/apex/ota_reserved for reading : No such file or directory
[   21.314675] apexd: Decompressing/system/apex/com.google.android.healthfitness.apex to /data/apex/decompressed/com.android.healthfitness@360527520.decompressed.apex
[   21.314780] apexd: Failed to process compressed APEX: Failed to decompress : /system/apex/com.google.android.healthfitness.apex Failed to open decompression destination /data/apex/decompressed/com.android.healthfitness@360527520.decompressed.apex: No such file or directory
[   21.314785] apexd: Processing compressed APEX /system/apex/com.google.android.ipsec.apex
[   21.314804] apexd: Failed to clean up reserved space: Failed to delete /data/apex/ota_reserved : Can't open /data/apex/ota_reserved for reading : No such file or directory
[   21.314809] apexd: Decompressing/system/apex/com.google.android.ipsec.apex to /data/apex/decompressed/com.android.ipsec@360527520.decompressed.apex
[   21.314915] apexd: Failed to process compressed APEX: Failed to decompress : /system/apex/com.google.android.ipsec.apex Failed to open decompression destination /data/apex/decompressed/com.android.ipsec@360527520.decompressed.apex: No such file or directory
[   21.314921] apexd: Processing compressed APEX /system/apex/com.google.android.media.apex
[   21.314939] apexd: Failed to clean up reserved space: Failed to delete /data/apex/ota_reserved : Can't open /data/apex/ota_reserved for reading : No such file or directory
[   21.314944] apexd: Decompressing/system/apex/com.google.android.media.apex to /data/apex/decompressed/com.android.media@360527520.decompressed.apex
[   21.315049] apexd: Failed to process compressed APEX: Failed to decompress : /system/apex/com.google.android.media.apex Failed to open decompression destination /data/apex/decompressed/com.android.media@360527520.decompressed.apex: No such file or directory
[   21.315055] apexd: Processing compressed APEX /system/apex/com.google.android.os.statsd.apex
[   21.315073] apexd: Failed to clean up reserved space: Failed to delete /data/apex/ota_reserved : Can't open /data/apex/ota_reserved for reading : No such file or directory
[   21.315078] apexd: Decompressing/system/apex/com.google.android.os.statsd.apex to /data/apex/decompressed/com.android.os.statsd@360527520.decompressed.apex
[   21.315184] apexd: Failed to process compressed APEX: Failed to decompress : /system/apex/com.google.android.os.statsd.apex Failed to open decompression destination /data/apex/decompressed/com.android.os.statsd@360527520.decompressed.apex: No such file or directory
[   21.315190] apexd: Processing compressed APEX /system/apex/com.google.android.nfcservices.apex
[   21.315210] apexd: Failed to clean up reserved space: Failed to delete /data/apex/ota_reserved : Can't open /data/apex/ota_reserved for reading : No such file or directory
[   21.315216] apexd: Decompressing/system/apex/com.google.android.nfcservices.apex to /data/apex/decompressed/com.android.nfcservices@360527520.decompressed.apex
[   21.315333] apexd: Failed to process compressed APEX: Failed to decompress : /system/apex/com.google.android.nfcservices.apex Failed to open decompression destination /data/apex/decompressed/com.android.nfcservices@360527520.decompressed.apex: No such file or directory
[   21.315338] apexd: Processing compressed APEX /system/apex/com.google.android.extservices.apex
[   21.315358] apexd: Failed to clean up reserved space: Failed to delete /data/apex/ota_reserved : Can't open /data/apex/ota_reserved for reading : No such file or directory
[   21.315363] apexd: Decompressing/system/apex/com.google.android.extservices.apex to /data/apex/decompressed/com.android.extservices@360527523.decompressed.apex
[   21.315470] apexd: Failed to process compressed APEX: Failed to decompress : /system/apex/com.google.android.extservices.apex Failed to open decompression destination /data/apex/decompressed/com.android.extservices@360527523.decompressed.apex: No such file or directory
[   21.315475] apexd: Processing compressed APEX /system/apex/com.google.android.conscrypt.apex
[   21.315493] apexd: Failed to clean up reserved space: Failed to delete /data/apex/ota_reserved : Can't open /data/apex/ota_reserved for reading : No such file or directory
[   21.315499] apexd: Decompressing/system/apex/com.google.android.conscrypt.apex to /data/apex/decompressed/com.android.conscrypt@360527520.decompressed.apex
[   21.315606] apexd: Failed to process compressed APEX: Failed to decompress : /system/apex/com.google.android.conscrypt.apex Failed to open decompression destination /data/apex/decompressed/com.android.conscrypt@360527520.decompressed.apex: No such file or directory
[   21.315612] apexd: Processing compressed APEX /system/apex/com.google.android.resolv.apex
[   21.315630] apexd: Failed to clean up reserved space: Failed to delete /data/apex/ota_reserved : Can't open /data/apex/ota_reserved for reading : No such file or directory
[   21.315635] apexd: Decompressing/system/apex/com.google.android.resolv.apex to /data/apex/decompressed/com.android.resolv@360527520.decompressed.apex
[   21.315740] apexd: Failed to process compressed APEX: Failed to decompress : /system/apex/com.google.android.resolv.apex Failed to open decompression destination /data/apex/decompressed/com.android.resolv@360527520.decompressed.apex: No such file or directory
[   21.315746] apexd: Processing compressed APEX /system/apex/com.google.android.wifi.apex
[   21.315764] apexd: Failed to clean up reserved space: Failed to delete /data/apex/ota_reserved : Can't open /data/apex/ota_reserved for reading : No such file or directory
[   21.315769] apexd: Decompressing/system/apex/com.google.android.wifi.apex to /data/apex/decompressed/com.android.wifi@360519000.decompressed.apex
[   21.315874] apexd: Failed to process compressed APEX: Failed to decompress : /system/apex/com.google.android.wifi.apex Failed to open decompression destination /data/apex/decompressed/com.android.wifi@360519000.decompressed.apex: No such file or directory
[   21.315879] apexd: Processing compressed APEX /system/apex/com.google.android.sdkext.apex
[   21.315898] apexd: Failed to clean up reserved space: Failed to delete /data/apex/ota_reserved : Can't open /data/apex/ota_reserved for reading : No such file or directory
[   21.315913] apexd: Decompressing/system/apex/com.google.android.sdkext.apex to /data/apex/decompressed/com.android.sdkext@360527520.decompressed.apex
[   21.316020] apexd: Failed to process compressed APEX: Failed to decompress : /system/apex/com.google.android.sdkext.apex Failed to open decompression destination /data/apex/decompressed/com.android.sdkext@360527520.decompressed.apex: No such file or directory
[   21.316025] apexd: Processing compressed APEX /system/apex/com.google.android.tethering.apex
[   21.316043] apexd: Failed to clean up reserved space: Failed to delete /data/apex/ota_reserved : Can't open /data/apex/ota_reserved for reading : No such file or directory
[   21.316048] apexd: Decompressing/system/apex/com.google.android.tethering.apex to /data/apex/decompressed/com.android.tethering@360527520.decompressed.apex
[   21.316757] apexd: Failed to process compressed APEX: Failed to decompress : /system/apex/com.google.android.tethering.apex Failed to open decompression destination /data/apex/decompressed/com.android.tethering@360527520.decompressed.apex: No such file or directory
[   21.316765] apexd: Processing compressed APEX /system/apex/com.google.android.scheduling.apex
[   21.316789] apexd: Failed to clean up reserved space: Failed to delete /data/apex/ota_reserved : Can't open /data/apex/ota_reserved for reading : No such file or directory
[   21.316795] apexd: Decompressing/system/apex/com.google.android.scheduling.apex to /data/apex/decompressed/com.android.scheduling@360527520.decompressed.apex
[   21.316915] apexd: Failed to process compressed APEX: Failed to decompress : /system/apex/com.google.android.scheduling.apex Failed to open decompression destination /data/apex/decompressed/com.android.scheduling@360527520.decompressed.apex: No such file or directory
[   21.319512] apexd: Fallback to buffered I/O for /vendor/apex/com.android.hardware.power.apex
[   21.319541] loop5: detected capacity change from 0 to 3704
[   21.326557] apexd: Fallback to buffered I/O for /system/apex/com.android.i18n.apex
[   21.330190] EXT4-fs (loop5): mounted filesystem 7d1522e1-9dfa-5edb-a43e-98e3a4d20250 ro without journal. Quota mode: none.
[   21.330313] apexd: Successfully mounted package /vendor/apex/com.android.hardware.power.apex on /apex/com.android.hardware.power@1 duration=11
[   21.334573] init: Command 'restart apexd' action=post-fs-data (/system/etc/init/hw/init.rc:733) took 65ms and succeeded
[   21.335731] init: Command 'copy /data/misc/recovery/ro.build.fingerprint /data/misc/recovery/ro.build.fingerprint.1' action=post-fs-data (/system/etc/init/hw/init.rc:737) took 0ms and failed: Could not read input file '/data/misc/recovery/ro.build.fingerprint': open() failed: No such file or directory
[   21.371146] loop6: detected capacity change from 0 to 73480
[   21.407121] init: Command 'copy /data/misc/recovery/proc/version /data/misc/recovery/proc/version.1' action=post-fs-data (/system/etc/init/hw/init.rc:744) took 0ms and failed: Could not read input file '/data/misc/recovery/proc/version': open() failed: No such file or directory
[   21.426262] apexd: Fallback to buffered I/O for /vendor/apex/com.android.hardware.thermal.apex
[   21.443865] init: Command 'copy /proc/version /data/misc/recovery/proc/version' action=post-fs-data (/system/etc/init/hw/init.rc:747) took 0ms and failed: Could not write to output file '/data/misc/recovery/proc/version': open() failed: No such file or directory
[   21.453836] loop7: detected capacity change from 0 to 792
[   21.458076] EXT4-fs (loop6): mounted filesystem 7d1522e1-9dfa-5edb-a43e-98e3a4d20250 ro without journal. Quota mode: none.
[   21.458340] apexd: Successfully mounted package /system/apex/com.android.i18n.apex on /apex/com.android.i18n@1 duration=132
[   21.500780] init: Command 'mkdir /data/local 0751 root root encryption=Require' action=post-fs-data (/system/etc/init/hw/init.rc:783) took 0ms and failed: mkdir() failed on /data/local: Read-only file system
[   21.502892] apexd: Fallback to buffered I/O for /vendor/apex/com.android.hardware.dumpstate.apex
[   21.533531] EXT4-fs (loop7): mounted filesystem 7d1522e1-9dfa-5edb-a43e-98e3a4d20250 ro without journal. Quota mode: none.
[   21.547614] init: starting service 'exec 6 (/bin/rm -rf /data/misc/virtualizationservice)'...
[   21.561124] loop8: detected capacity change from 0 to 3264
[   21.573712] apexd: Successfully mounted package /vendor/apex/com.android.hardware.thermal.apex on /apex/com.android.hardware.thermal@1 duration=251
[   21.618859] apexd: Fallback to buffered I/O for /vendor/apex/com.android.hardware.contexthub.apex
[   21.649216] dlkm_loader: Loaded kernel module /vendor/lib/modules/virtio-gpu.ko
[   21.651240] EXT4-fs (loop8): mounted filesystem 7d1522e1-9dfa-5edb-a43e-98e3a4d20250 ro without journal. Quota mode: none.
[   21.651362] apexd: Successfully mounted package /vendor/apex/com.android.hardware.dumpstate.apex on /apex/com.android.hardware.dumpstate@1 duration=328
[   21.660414] loop9: detected capacity change from 0 to 3072
[   21.692667] dlkm_loader: Loading module /vendor/lib/modules/virtio-media.ko with args ''
[   21.698832] apexd: Fallback to buffered I/O for /vendor/apex/com.android.hardware.uwb.apex
[   21.703153] EXT4-fs (loop9): mounted filesystem 7d1522e1-9dfa-5edb-a43e-98e3a4d20250 ro without journal. Quota mode: none.
[   21.703246] apexd: Successfully mounted package /vendor/apex/com.android.hardware.contexthub.apex on /apex/com.android.hardware.contexthub@1 duration=380
[   21.712234] init: ... started service 'exec 6 (/bin/rm -rf /data/misc/virtualizationservice)' has pid 303
[   21.732964] loop10: detected capacity change from 0 to 2864
[   21.746405] init: SVC_EXEC service 'exec 6 (/bin/rm -rf /data/misc/virtualizationservice)' pid 303 (uid 1081 gid 1000+0 context default) started; waiting...
[   21.762281] apexd: Fallback to buffered I/O for /vendor/apex/com.android.hardware.neuralnetworks.apex
[   21.797557] init: Command 'exec - virtualizationservice system -- /bin/rm -rf /data/misc/virtualizationservice' action=post-fs-data (/system/etc/init/hw/init.rc:823) took 250ms and succeeded
[   21.828619] loop11: detected capacity change from 0 to 28736
[   21.829061] EXT4-fs (loop10): mounted filesystem 7d1522e1-9dfa-5edb-a43e-98e3a4d20250 ro without journal. Quota mode: none.
[   21.829179] apexd: Successfully mounted package /vendor/apex/com.android.hardware.uwb.apex on /apex/com.android.hardware.uwb@1 duration=505
[   21.836842] dlkm_loader: Loaded kernel module /vendor/lib/modules/virtio-media.ko
[   21.847717] apexd: Fallback to buffered I/O for /vendor/apex/com.android.hardware.cas.apex
[   21.856070] dlkm_loader: Loading module /vendor/lib/modules/virtio_input.ko with args ''
[   21.863041] init: Service 'exec 6 (/bin/rm -rf /data/misc/virtualizationservice)' (pid 303) exited with status 0 waiting took 0.313000 seconds
[   21.863053] init: Sending signal 9 to service 'exec 6 (/bin/rm -rf /data/misc/virtualizationservice)' (pid 303) process group...
[   21.869372] libprocessgroup: Removed cgroup /sys/fs/cgroup/system/uid_1081/pid_303
[   21.870756] init: Not setting encryption policy on: /data/preloads
[   21.871082] init: Command 'mkdir /data/preloads 0775 system system encryption=None' action=post-fs-data (/system/etc/init/hw/init.rc:828) took 0ms and failed: mkdir() failed on /data/preloads: Read-only file system
[   21.874706] init: Command 'mkdir /data/app-private 0771 system system encryption=Require' action=post-fs-data (/system/etc/init/hw/init.rc:834) took 0ms and failed: mkdir() failed on /data/app-private: Read-only file system
[   21.875755] init: Command 'mkdir /data/app-ephemeral 0771 system system encryption=Require' action=post-fs-data (/system/etc/init/hw/init.rc:835) took 0ms and failed: mkdir() failed on /data/app-ephemeral: Read-only file system
[   21.876977] init: Command 'mkdir /data/app-asec 0700 root root encryption=Require' action=post-fs-data (/system/etc/init/hw/init.rc:836) took 0ms and failed: mkdir() failed on /data/app-asec: Read-only file system
[   21.877515] loop12: detected capacity change from 0 to 536
[   21.877847] apexd: Fallback to buffered I/O for /system/apex/com.android.apex.cts.shim.apex
[   21.877867] loop13: detected capacity change from 0 to 536
[   21.879200] apexd: Fallback to buffered I/O for /system/apex/com.android.devicelock.apex
[   21.879219] loop14: detected capacity change from 0 to 12528
[   21.879431] EXT4-fs (loop11): mounted filesystem 7d1522e1-9dfa-5edb-a43e-98e3a4d20250 ro without journal. Quota mode: none.
[   21.879589] apexd: Successfully mounted package /vendor/apex/com.android.hardware.neuralnetworks.apex on /apex/com.android.hardware.neuralnetworks@1 duration=556
[   21.881556] apexd: Fallback to buffered I/O for /vendor/apex/com.android.hardware.authsecret.apex
[   21.881582] loop15: detected capacity change from 0 to 720
[   21.885276] apexd: Fallback to buffered I/O for /vendor/apex/com.android.hardware.rebootescrow.apex
[   21.885299] loop16: detected capacity change from 0 to 752
[   21.885830] apexd: Fallback to buffered I/O for /vendor/apex/com.android.hardware.threadnetwork-simulation-rcp.apex
[   21.886476] EXT4-fs (loop12): mounted filesystem 7d1522e1-9dfa-5edb-a43e-98e3a4d20250 ro without journal. Quota mode: none.
[   21.886534] apexd: Successfully mounted package /vendor/apex/com.android.hardware.cas.apex on /apex/com.android.hardware.cas@1 duration=562
[   21.887658] loop17: detected capacity change from 0 to 1088
[   21.888794] apexd: Fallback to buffered I/O for /vendor/apex/com.android.hardware.vibrator.apex
[   21.888816] loop18: detected capacity change from 0 to 3000
[   21.889066] apexd: Fallback to buffered I/O for /system/apex/com.android.virt.apex
[   21.892544] EXT4-fs (loop17): mounted filesystem 7d1522e1-9dfa-5edb-a43e-98e3a4d20250 ro without journal. Quota mode: none.
[   21.892657] apexd: Successfully mounted package /vendor/apex/com.android.hardware.threadnetwork-simulation-rcp.apex on /apex/com.android.hardware.threadnetwork@1 duration=555
[   21.893355] EXT4-fs (loop13): mounted filesystem 7d1522e1-9dfa-5edb-a43e-98e3a4d20250 ro without journal. Quota mode: none.
[   21.893418] apexd: Successfully mounted package /system/apex/com.android.apex.cts.shim.apex on /apex/com.android.apex.cts.shim@1 duration=568
[   21.897979] EXT4-fs (loop14): mounted filesystem 7d1522e1-9dfa-5edb-a43e-98e3a4d20250 ro without journal. Quota mode: none.
[   21.898059] apexd: Successfully mounted package /system/apex/com.android.devicelock.apex on /apex/com.android.devicelock@1 duration=572
[   21.898692] EXT4-fs (loop18): mounted filesystem 7d1522e1-9dfa-5edb-a43e-98e3a4d20250 ro without journal. Quota mode: none.
[   21.899189] EXT4-fs (loop15): mounted filesystem 7d1522e1-9dfa-5edb-a43e-98e3a4d20250 ro without journal. Quota mode: none.
[   21.899370] init: Command 'mkdir /data/app-lib 0771 system system encryption=Require' action=post-fs-data (/system/etc/init/hw/init.rc:837) took 0ms and failed: mkdir() failed on /data/app-lib: Read-only file system
[   21.899372] apexd: Successfully mounted package /vendor/apex/com.android.hardware.authsecret.apex on /apex/com.android.hardware.authsecret@1 duration=571
[   21.901291] init: Command 'mkdir /data/app 0771 system system encryption=Require' action=post-fs-data (/system/etc/init/hw/init.rc:838) took 0ms and failed: mkdir() failed on /data/app: Read-only file system
[   21.902319] init: Command 'mkdir /data/app-metadata 0700 system system encryption=Require' action=post-fs-data (/system/etc/init/hw/init.rc:841) took 0ms and failed: mkdir() failed on /data/app-metadata: Read-only file system
[   21.903281] init: Command 'mkdir /data/fonts/ 0771 root root encryption=Require' action=post-fs-data (/system/etc/init/hw/init.rc:844) took 0ms and failed: mkdir() failed on /data/fonts: Read-only file system
[   21.905467] EXT4-fs (loop16): mounted filesystem 7d1522e1-9dfa-5edb-a43e-98e3a4d20250 ro without journal. Quota mode: none.
[   21.905653] apexd: Successfully mounted package /vendor/apex/com.android.hardware.rebootescrow.apex on /apex/com.android.hardware.rebootescrow@1 duration=584
[   21.911601] loop19: detected capacity change from 0 to 174464
[   21.915349] init: Command 'mkdir /data/dalvik-cache 0771 root root encryption=Require' action=post-fs-data (/system/etc/init/hw/init.rc:860) took 0ms and failed: mkdir() failed on /data/dalvik-cache: Read-only file system
[   21.916942] init: Command 'mkdir /data/ota 0771 root root encryption=Require' action=post-fs-data (/system/etc/init/hw/init.rc:862) took 0ms and failed: mkdir() failed on /data/ota: Read-only file system
[   21.917857] init: Command 'mkdir /data/ota_package 0770 system cache encryption=Require' action=post-fs-data (/system/etc/init/hw/init.rc:866) took 0ms and failed: mkdir() failed on /data/ota_package: Read-only file system
[   21.918763] init: Command 'mkdir /data/resource-cache 0771 system system encryption=Require' action=post-fs-data (/system/etc/init/hw/init.rc:869) took 0ms and failed: mkdir() failed on /data/resource-cache: Read-only file system
[   21.921889] init: Not setting encryption policy on: /data/lost+found
[   21.922039] init: Command 'mkdir /data/lost+found 0770 root root encryption=None' action=post-fs-data (/system/etc/init/hw/init.rc:877) took 0ms and failed: mkdir() failed on /data/lost+found: Read-only file system
[   21.923026] init: Command 'mkdir /data/drm 0770 drm drm encryption=Require' action=post-fs-data (/system/etc/init/hw/init.rc:881) took 0ms and failed: mkdir() failed on /data/drm: Read-only file system
[   21.924757] init: Command 'mkdir /data/mediadrm 0770 mediadrm mediadrm encryption=Require' action=post-fs-data (/system/etc/init/hw/init.rc:885) took 0ms and failed: mkdir() failed on /data/mediadrm: Read-only file system
[   21.925690] init: Command 'mkdir /data/nfc 0770 nfc nfc encryption=Require' action=post-fs-data (/system/etc/init/hw/init.rc:888) took 0ms and failed: mkdir() failed on /data/nfc: Read-only file system
[   21.927190] init: Command 'mkdir /data/backup 0700 system system encryption=Require' action=post-fs-data (/system/etc/init/hw/init.rc:893) took 0ms and failed: mkdir() failed on /data/backup: Read-only file system
[   21.927665] init: Command 'mkdir /data/ss 0700 system system encryption=Require' action=post-fs-data (/system/etc/init/hw/init.rc:894) took 0ms and failed: mkdir() failed on /data/ss: Read-only file system
[   21.928629] apexd: Successfully mounted package /vendor/apex/com.android.hardware.vibrator.apex on /apex/com.android.hardware.vibrator@1 duration=590
[   21.972446] apexd: Fallback to buffered I/O for /vendor/apex/com.google.android.widevine-13130248.apex
[   21.990770] init: Command 'mkdir /data/system 0775 system system encryption=Require' action=post-fs-data (/system/etc/init/hw/init.rc:896) took 0ms and failed: mkdir() failed on /data/system: Read-only file system
[   22.004949] loop20: detected capacity change from 0 to 11152
[   22.005836] EXT4-fs (loop19): mounted filesystem 7d1522e1-9dfa-5edb-a43e-98e3a4d20250 ro without journal. Quota mode: none.
[   22.006102] apexd: Successfully mounted package /system/apex/com.android.virt.apex on /apex/com.android.virt@3 duration=667
[   22.021798] selinux: SELinux: Could not get canonical path for /data/system/environ restorecon: No such file or directory.
[   22.036280] apexd: Fallback to buffered I/O for /vendor/apex/com.android.hardware.gatekeeper.nonsecure.apex
[   22.058326] selinux: SELinux: Could not get canonical path for /data/system/shutdown-checkpoints restorecon: No such file or directory.
[   22.068428] loop21: detected capacity change from 0 to 8800
[   22.069498] EXT4-fs (loop20): mounted filesystem 7d1522e1-9dfa-5edb-a43e-98e3a4d20250 ro without journal. Quota mode: none.
[   22.069797] apexd: Successfully mounted package /vendor/apex/com.google.android.widevine-13130248.apex on /apex/com.google.android.widevine@190250226 duration=734
[   22.085198] init: Not setting encryption policy on: /data/media
[   22.100587] apexd: Fallback to buffered I/O for /system/apex/com.google.android.tzdata6.apex
[   22.102676] EXT4-fs (loop21): mounted filesystem 7d1522e1-9dfa-5edb-a43e-98e3a4d20250 ro without journal. Quota mode: none.
[   22.102784] apexd: Successfully mounted package /vendor/apex/com.android.hardware.gatekeeper.nonsecure.apex on /apex/com.android.hardware.gatekeeper@1 duration=764
[   22.106069] input: virtio_input_multi_touch_1 as /devices/pci0000:00/0000:00:0e.0/virtio11/input/input3
[   22.114742] init: Command 'mkdir /data/media 0550 media_rw media_rw encryption=None' action=post-fs-data (/system/etc/init/hw/init.rc:921) took 29ms and failed: mkdir() failed on /data/media: Read-only file system
[   22.126361] loop22: detected capacity change from 0 to 1672
[   22.159156] input: virtio_input_multi_touch_2 as /devices/pci0000:00/0000:00:0f.0/virtio12/input/input4
[   22.164416] apexd: Fallback to buffered I/O for /system_ext/apex/com.android.compos.apex
[   22.167658] EXT4-fs (loop22): mounted filesystem 7d1522e1-9dfa-5edb-a43e-98e3a4d20250 ro without journal. Quota mode: none.
[   22.167762] apexd: Successfully mounted package /system/apex/com.google.android.tzdata6.apex on /apex/com.android.tzdata@360527520 duration=828
[   22.230961] input: virtio_input_multi_touch_3 as /devices/pci0000:00/0000:00:10.0/virtio13/input/input5
[   22.243764] loop23: detected capacity change from 0 to 8088
[   22.317036] input: virtio_input_multi_touch_4 as /devices/pci0000:00/0000:00:11.0/virtio14/input/input6
[   22.374872] input: virtio_input_multi_touch_5 as /devices/pci0000:00/0000:00:12.0/virtio15/input/input7
[   22.383120] apexd: Fallback to buffered I/O for /system/apex/com.android.runtime.apex
[   22.400643] EXT4-fs (loop23): mounted filesystem 7d1522e1-9dfa-5edb-a43e-98e3a4d20250 ro without journal. Quota mode: none.
[   22.412475] loop24: detected capacity change from 0 to 9808
[   22.427418] apexd: Successfully mounted package /system_ext/apex/com.android.compos.apex on /apex/com.android.compos@3 duration=1087
[   22.448966] EXT4-fs (loop24): mounted filesystem 7d1522e1-9dfa-5edb-a43e-98e3a4d20250 ro without journal. Quota mode: none.
[   22.454408] input: virtio_input_multi_touch_6 as /devices/pci0000:00/0000:00:13.0/virtio16/input/input8
[   22.510308] input: virtio_input_multi_touch_7 as /devices/pci0000:00/0000:00:14.0/virtio17/input/input9
[   22.521632] apexd: Successfully mounted package /system/apex/com.android.runtime.apex on /apex/com.android.runtime@1 duration=1149
[   22.598353] input: virtio_input_multi_touch_8 as /devices/pci0000:00/0000:00:15.0/virtio18/input/input10
[   22.616711] apexd: Activated 20 packages.
[   22.688790] input: virtio_input_multi_touch_9 as /devices/pci0000:00/0000:00:16.0/virtio19/input/input11
[   22.690522] apexd: Failed to scan /data/apex/active : Can't open /data/apex/active for reading : No such file or directory
[   22.693081] init: Not setting encryption policy on: /data/misc_ce
[   22.693250] init: Command 'mkdir /data/misc_ce 0551 system misc encryption=None' action=post-fs-data (/system/etc/init/hw/init.rc:922) took 0ms and failed: mkdir() failed on /data/misc_ce: Read-only file system
[   22.759560] input: virtio_input_multi_touch_10 as /devices/pci0000:00/0000:00:17.0/virtio20/input/input12
[   22.760820] apexd: Failed to scan /data/apex/decompressed : Can't open /data/apex/decompressed for reading : No such file or directory
[   22.832787] input: virtio_input_multi_touch_11 as /devices/pci0000:00/0000:00:18.0/virtio21/input/input13
[   22.857868] apexd: OnStart done, duration=1554
[   22.928642] input: qwerty2 as /devices/pci0000:00/0000:00:19.0/virtio22/input/input14
[   22.944031] AidlLazyServiceRegistrar: Registering service apexservice
[   23.006562] dlkm_loader: Loaded kernel module /vendor/lib/modules/virtio_input.ko
[   23.006770] dlkm_loader: Loading module /vendor/lib/modules/virtio_net.ko with args ''
[   23.084907] SELinux: SELinux: Loaded file context from:
[   23.338419] dlkm_loader: Loaded kernel module /vendor/lib/modules/virtio_net.ko
[   23.363809] SELinux: 		/system/etc/selinux/plat_file_contexts
[   23.402660] dlkm_loader: Loading module /vendor/lib/modules/virtio_pmem.ko with args ''
[   23.417258] SELinux: 		/system_ext/etc/selinux/system_ext_file_contexts
[   23.552872] dlkm_loader: Loaded kernel module /vendor/lib/modules/virtio_pmem.ko
[   23.576511] SELinux: 		/product/etc/selinux/product_file_contexts
[   23.617145] dlkm_loader: Loading module /vendor/lib/modules/virtio_snd.ko with args ''
[   23.632886] SELinux: 		/vendor/etc/selinux/vendor_file_contexts
[   23.774780] dlkm_loader: Loaded kernel module /vendor/lib/modules/virtio_snd.ko
[   23.800597] SELinux: 		/odm/etc/selinux/odm_file_contexts
[   23.842409] dlkm_loader: module vkms is blocklisted
[   23.862256] apexd: Marking APEXd as activated
[   23.884899] dlkm_loader: LoadWithAliases was unable to load vkms, tried: vkms
[   30.775463] dlkm_loader: module load count is 44
[   30.968313] init: Not setting encryption policy on: /data/misc_de
[   30.982004] init: Command 'mkdir /data/misc_de 0551 system misc encryption=None' action=post-fs-data (/system/etc/init/hw/init.rc:923) took 13ms and failed: mkdir() failed on /data/misc_de: Read-only file system
[   31.012857] init: starting service 'keystore2'...
[   31.044518] init: ... started service 'keystore2' has pid 323
[   31.059871] init: starting service 'tombstoned'...
[   31.067357] init: Created socket '/dev/socket/tombstoned_crash', mode 666, user 1000, group 1000
[   31.081492] init: Created socket '/dev/socket/tombstoned_intercept', mode 666, user 1000, group 1000
[   31.086153] servicemanager: Notifying apexservice they do (previously: don't) have clients when service is guaranteed to be in use
[   31.096044] init: Created socket '/dev/socket/tombstoned_java_trace', mode 666, user 1000, group 1000
[   31.114604] AidlLazyServiceRegistrar: Process has 1 (of 1 available) client(s) in use after notification apexservice has clients: 1
[   31.115635] apexd: getActivePackages received by ApexService
[   31.129531] servicemanager: Caller(pid=323,uid=1017,sid=u:r:keystore:s0) Found android.system.keystore2.IKeystoreService/default in framework VINTF manifest.
[   31.149760] AidlLazyServiceRegistrar: Shutdown prevented by forcePersist override flag.
[   31.227990] init: ... started service 'tombstoned' has pid 331
[   31.242780] init: Service 'vendor.dlkm_loader' (pid 212) exited with status 0 oneshot service took 16.336000 seconds in background
[   31.262176] init: Sending signal 9 to service 'vendor.dlkm_loader' (pid 212) process group...
[   31.276786] libprocessgroup: Removed cgroup /sys/fs/cgroup/system/uid_0/pid_212
[   31.290384] init: Service 'tombstoned' (pid 331) exited with status 1
[   31.301429] init: Sending signal 9 to service 'tombstoned' (pid 331) process group...
[   31.314938] libprocessgroup: Removed cgroup /sys/fs/cgroup/system/uid_1058/pid_331
[   31.460075] init: Not setting encryption policy on: /data/system_ce
[   31.471748] init: Command 'mkdir /data/system_ce 0550 system system encryption=None' action=post-fs-data (/system/etc/init/hw/init.rc:924) took 11ms and failed: mkdir() failed on /data/system_ce: Read-only file system
[   31.501187] init: Not setting encryption policy on: /data/system_de
[   31.511099] init: Command 'mkdir /data/system_de 0550 system system encryption=None' action=post-fs-data (/system/etc/init/hw/init.rc:925) took 9ms and failed: mkdir() failed on /data/system_de: Read-only file system
[   31.540680] init: Not setting encryption policy on: /data/user
[   31.549978] init: Command 'mkdir /data/user 0511 system system encryption=None' action=post-fs-data (/system/etc/init/hw/init.rc:926) took 9ms and failed: mkdir() failed on /data/user: Read-only file system
[   31.577924] init: Not setting encryption policy on: /data/user_de
[   31.588105] init: Command 'mkdir /data/user_de 0511 system system encryption=None' action=post-fs-data (/system/etc/init/hw/init.rc:927) took 10ms and failed: mkdir() failed on /data/user_de: Read-only file system
[   31.617001] init: Not setting encryption policy on: /data/vendor_ce
[   31.626540] init: Command 'mkdir /data/vendor_ce 0551 root root encryption=None' action=post-fs-data (/system/etc/init/hw/init.rc:928) took 9ms and failed: mkdir() failed on /data/vendor_ce: Read-only file system
[   31.655453] init: Not setting encryption policy on: /data/vendor_de
[   31.665689] init: Command 'mkdir /data/vendor_de 0551 root root encryption=None' action=post-fs-data (/system/etc/init/hw/init.rc:929) took 10ms and failed: mkdir() failed on /data/vendor_de: Read-only file system
[   31.690893] servicemanager: Notifying apexservice they don't (previously: do) have clients when we now have no record of a client
[   31.697940] init: Not setting encryption policy on: /data/storage_area
[   31.715349] AidlLazyServiceRegistrar: Process has 0 (of 1 available) client(s) in use after notification apexservice has clients: 0
[   31.723785] init: Command 'mkdir /data/storage_area 0551 root root encryption=None' action=post-fs-data (/system/etc/init/hw/init.rc:933) took 25ms and failed: mkdir() failed on /data/storage_area: Read-only file system
[   31.742763] AidlLazyServiceRegistrar: Shutdown prevented by forcePersist override flag.
[   31.775006] init: starting service 'exec 7 (/system/bin/chattr +F /data/media)'...
[   31.816622] init: ... started service 'exec 7 (/system/bin/chattr +F /data/media)' has pid 333
[   31.840087] init: SVC_EXEC service 'exec 7 (/system/bin/chattr +F /data/media)' pid 333 (uid 1023 gid 1023+0 context default) started; waiting...
[   31.861958] init: Command 'exec - media_rw media_rw -- /system/bin/chattr +F /data/media' action=post-fs-data (/system/etc/init/hw/init.rc:938) took 87ms and succeeded
[   31.885813] init: Service 'exec 7 (/system/bin/chattr +F /data/media)' (pid 333) exited with status 1 waiting took 0.086000 seconds
[   31.904602] init: Sending signal 9 to service 'exec 7 (/system/bin/chattr +F /data/media)' (pid 333) process group...
[   31.922130] libprocessgroup: Removed cgroup /sys/fs/cgroup/system/uid_1023/pid_333
[   31.937317] init: Command 'mkdir /data/cache 0770 system cache encryption=Require' action=post-fs-data (/system/etc/init/hw/init.rc:977) took 0ms and failed: mkdir() failed on /data/cache: Read-only file system
[   31.967711] init: Command 'mkdir /data/rollback 0700 system system encryption=DeleteIfNecessary' action=post-fs-data (/system/etc/init/hw/init.rc:983) took 0ms and failed: mkdir() failed on /data/rollback: Read-only file system
[   32.000341] init: Command 'mkdir /data/rollback-observer 0700 system system encryption=DeleteIfNecessary' action=post-fs-data (/system/etc/init/hw/init.rc:984) took 0ms and failed: mkdir() failed on /data/rollback-observer: Read-only file system
[   32.035717] init: Command 'mkdir /data/rollback-history 0700 system system encryption=DeleteIfNecessary' action=post-fs-data (/system/etc/init/hw/init.rc:985) took 0ms and failed: mkdir() failed on /data/rollback-history: Read-only file system
[   32.069941] init: Command 'mkdir /data/incremental 0771 system system encryption=Require' action=post-fs-data (/system/etc/init/hw/init.rc:988) took 0ms and failed: mkdir() failed on /data/incremental: Read-only file system
[   32.102412] init: start_waiting_for_property("apexd.status", "activated"): already set
[   32.115053] init: start_waiting_for_property("keystore.module_hash.sent", "true"): already set
[   32.139502] init: Parsing file /apex/com.android.compos/etc/init.rc...
[   32.150712] init: Parsing file /apex/com.android.hardware.authsecret/etc/android.hardware.authsecret-service.example.rc...
[   32.168273] init: Parsing file /apex/com.android.hardware.cas/etc/cas-default.rc...
[   32.181124] init: Parsing file /apex/com.android.hardware.contexthub/etc/android.hardware.contexthub-service.example.rc...
[   32.199315] init: Parsing file /apex/com.android.hardware.dumpstate/etc/dumpstate-default.rc...
[   32.213966] init: Parsing file /apex/com.android.hardware.neuralnetworks/etc/android.hardware.neuralnetworks-service-sample-all.rc...
[   32.233479] init: Parsing file /apex/com.android.hardware.neuralnetworks/etc/android.hardware.neuralnetworks-service-sample-limited.rc...
[   32.253330] init: Parsing file /apex/com.android.hardware.neuralnetworks/etc/android.hardware.neuralnetworks-shim-service-sample.rc...
[   32.272843] init: Parsing file /apex/com.android.hardware.power/etc/com.android.hardware.power.rc...
[   32.287757] init: Parsing file /apex/com.android.hardware.rebootescrow/etc/rebootescrow-default.rc...
[   32.303081] init: Parsing file /apex/com.android.hardware.thermal/etc/android.hardware.thermal.example.rc...
[   32.318972] init: Parsing file /apex/com.android.hardware.threadnetwork/etc/threadnetwork-service-simulation-rcp.rc...
[   32.336392] init: Parsing file /apex/com.android.hardware.uwb/etc/uwb-service.rc...
[   32.349285] init: /apex/com.android.hardware.uwb/etc/uwb-service.rc: 1: ignored duplicate definition of service 'vendor.uwb_hal'
[   32.367925] init: Parsing file /apex/com.android.hardware.vibrator/etc/com.android.hardware.vibrator.rc...
[   32.383626] init: Parsing file /apex/com.google.android.widevine/etc/com.google.android.widevine.rc...
[   32.433498] init: linkerconfig generated /linkerconfig with mounted APEX modules info
[   32.446935] init: Command 'perform_apex_config' action=post-fs-data (/system/etc/init/hw/init.rc:1003) took 318ms and succeeded
[   32.465719] init: starting service 'system_aconfigd_mainline_init'...
[   32.494620] init: ... started service 'system_aconfigd_mainline_init' has pid 335
[   32.507194] init: SVC_EXEC service 'system_aconfigd_mainline_init' pid 335 (uid 1000 gid 1000+0 context default) started; waiting...
[   32.526574] init: Command 'exec_start system_aconfigd_mainline_init' action=post-fs-data (/system/etc/init/hw/init.rc:1005) took 61ms and succeeded
[   32.547740] init: Service 'system_aconfigd_mainline_init' (pid 335) exited with status 1 waiting took 0.070000 seconds
[   32.566403] init: Sending signal 9 to service 'system_aconfigd_mainline_init' (pid 335) process group...
[   32.582440] libprocessgroup: Removed cgroup /sys/fs/cgroup/system/uid_1000/pid_335
[   32.596514] init: starting service 'system_aconfigd_socket_service'...
[   32.607446] init: Created socket '/dev/socket/aconfigd_system', mode 666, user 1000, group 1000
[   32.627644] init: ... started service 'system_aconfigd_socket_service' has pid 336
[   32.640988] init: Command 'exec_start mainline_aconfigd_init' action=post-fs-data (/system/etc/init/hw/init.rc:1010) took 0ms and failed: Service not found
[   32.665074] init: Service 'system_aconfigd_socket_service' (pid 336) exited with status 0 oneshot service took 0.041000 seconds in background
[   32.687751] init: Sending signal 9 to service 'system_aconfigd_socket_service' (pid 336) process group...
[   32.704891] libprocessgroup: Removed cgroup /sys/fs/cgroup/system/uid_1000/pid_336
[   32.719157] init: Command 'start mainline_aconfigd_socket_service' action=post-fs-data (/system/etc/init/hw/init.rc:1011) took 0ms and failed: service mainline_aconfigd_socket_service not found
[   32.748940] init: Command 'exec_start derive_sdk' action=post-fs-data (/system/etc/init/hw/init.rc:1016) took 0ms and failed: Service not found
[   32.771241] init: starting service 'exec 8 (/system/bin/vdc --wait cryptfs init_user0)'...
[   32.788584] init: ... started service 'exec 8 (/system/bin/vdc --wait cryptfs init_user0)' has pid 337
[   32.805356] init: SVC_EXEC service 'exec 8 (/system/bin/vdc --wait cryptfs init_user0)' pid 337 (uid 0 gid 0+0 context default) started; waiting...
[   32.805494] vdc: Thread Pool max thread count is 0. Cannot cache binder as linkToDeath cannot be implemented. serviceName: vold
[   32.828845] init: Command 'init_user0' action=post-fs-data (/system/etc/init/hw/init.rc:1018) took 57ms and succeeded
[   32.871024] cutils: Failed to mkdir(/data/misc/vold/user_keys): No such file or directory
[   32.889422] vold: Failed to prepare /data/misc/vold/user_keys: No such file or directory
[   32.906173] vdc: Command: cryptfs init_user0 Failed: Status(-8, EX_SERVICE_SPECIFIC): '0: '
[   32.921584] init: Service 'exec 8 (/system/bin/vdc --wait cryptfs init_user0)' (pid 337) exited with status 25 waiting took 0.135000 seconds
[   32.944765] init: Sending signal 9 to service 'exec 8 (/system/bin/vdc --wait cryptfs init_user0)' (pid 337) process group...
[   32.965099] libprocessgroup: Removed cgroup /sys/fs/cgroup/system/uid_0/pid_337
[   32.978089] init: Exec service failed, status 25: Rebooting into recovery, reason: init_user0_failed
[   32.994672] init: Rebooting into recovery
[   33.002703] init: Could not reboot into recovery: Failed to set bootloader message: failed to find /misc partition
[   33.023135] init: InitFatalReboot: signal 6
[   33.050094] init:   #00 pc 000000000017df8c  /system/bin/init (android::init::InitFatalReboot(int)+300) (BuildId: d6760e10a5ba474388f0ef636c40834e)
[   33.075907] init:   #01 pc 00000000000ebe4a  /system/bin/init (android::init::InitAborter(char const*)+42) (BuildId: d6760e10a5ba474388f0ef636c40834e)
[   33.101431] init:   #02 pc 000000000001644e  /system/lib64/libbase.so (android::base::SetAborter(std::__1::function<void (char const*)>&&)::$_0::__invoke(char const*)+62) (BuildId: c4bb892a3d26e3710ae5096df0da1dee)
[   33.137382] init:   #03 pc 000000000001592e  /system/lib64/libbase.so (android::base::LogMessage::~LogMessage()+526) (BuildId: c4bb892a3d26e3710ae5096df0da1dee)
[   33.164198] init:   #04 pc 00000000001050f0  /system/bin/init (std::__1::__function::__func<android::init::ExecVdcRebootOnFailure(std::__1::basic_string<char, std::__1::char_traits<char>, std::__1::allocator<char>> const&)::$_0, std::__1::allocator<android::init::ExecVdcRebootOnFailure(std::__1::basic_string<char, std::__1::char_traits<char>, std::__1::allocator<char>> const&)::$_0>, void (std::__1::basic_string<char, std::__1::char_traits<char>, std::__1::allocator<char>> const&)>::operator()(std::__1::basic_string<char, std::__1::char_traits<char>, std::__1::allocator<char>> const&) (.434eab35e3ed8fd25406ffd98614a425)+880) (BuildId: d6760e10a5ba474388f0ef636c40834e)
[   33.272003] init:   #05 pc 0000000000104bca  /system/bin/init (std::__1::__function::__func<android::init::ExecWithFunctionOnFailure(std::__1::vector<std::__1::basic_string<char, std::__1::char_traits<char>, std::__1::allocator<char>>, std::__1::allocator<std::__1::basic_string<char, std::__1::char_traits<char>, std::__1::allocator<char>>>> const&, std::__1::function<void (std::__1::basic_string<char, std::__1::char_traits<char>, std::__1::allocator<char>> const&)>)::$_0, std::__1::allocator<android::init::ExecWithFunctionOnFailure(std::__1::vector<std::__1::basic_string<char, std::__1::char_traits<char>, std::__1::allocator<char>>, std::__1::allocator<std::__1::basic_string<char, std::__1::char_traits<char>, std::__1::allocator<char>>>> const&, std::__1::function<void (std::__1::basic_string<char, std::__1::char_traits<char>, std::__1::allocator<char>> const&)>)::$_0>, void (siginfo const&)>::operator()(siginfo const&) (.434eab35e3ed8fd25406ffd98614a425)+74) (BuildId: 
[   33.272012] init: **previous message missing 33 bytes** 1009-byte message too long for printk
[   33.447996] init:   #06 pc 0000000000109f55  /system/bin/init (android::init::Service::Reap(siginfo const&)+277) (BuildId: d6760e10a5ba474388f0ef636c40834e)
[   33.477181] init:   #07 pc 0000000000191109  /system/bin/init (android::init::ReapAnyOutstandingChildren()+569) (BuildId: d6760e10a5ba474388f0ef636c40834e)
[   33.507081] init:   #08 pc 0000000000147e72  /system/bin/init (std::__1::__function::__func<std::__1::set<int, std::__1::less<int>, std::__1::allocator<int>> (*)(), std::__1::allocator<std::__1::set<int, std::__1::less<int>, std::__1::allocator<int>> (*)()>, void ()>::operator()()+34) (BuildId: d6760e10a5ba474388f0ef636c40834e)
[   33.572190] init:   #09 pc 0000000000149b58  /system/bin/init (android::init::Epoll::Wait(std::__1::optional<std::__1::chrono::duration<long long, std::__1::ratio<1l, 1000l>>>)+632) (BuildId: d6760e10a5ba474388f0ef636c40834e)
[   33.622401] init:   #10 pc 000000000014258b  /system/bin/init (android::init::SecondStageMain(int, char**)+12219) (BuildId: d6760e10a5ba474388f0ef636c40834e)
[   33.658728] init:   #11 pc 0000000000064dc5  /system/lib64/bootstrap/libc.so (__libc_init+117) (BuildId: fcb82240218d1473de1e3d2137c0be35)
[   33.691523] init: Reboot ending, jumping to kernel
[   33.771135] ACPI: PM: Preparing to enter system sleep state S5
[   33.784602] reboot: Restarting system with command 'bootloader'
[   33.799866] reboot: machine restart
No EFI environment detected.
early console in extract_kernel
input_data: 0x0000000002ac92c4
input_len: 0x000000000137e450
output: 0x0000000001000000
output_len: 0x0000000002df8f9c
kernel_total_size: 0x0000000002a2c000
needed_size: 0x0000000002e00000
trampoline_32bit: 0x0000000000000000
Physical KASLR using RDTSC...
Virtual KASLR using RDTSC...

Decompressing Linux... Parsing ELF... Performing relocations... done.
Booting the kernel (entry_offset: 0x0000000000000000).
[    0.000000] Linux version 6.6.66-android15-8-gb66429556fb8-ab13070261 (kleaf@build-host) (Android (11368308, +pgo, +bolt, +lto, +mlgo, based on r510928) clang version 18.0.0 (https://android.googlesource.com/toolchain/llvm-project 477610d4d0d988e69dbc3fae4fe86bff3f07f2b5), LLD 18.0.0) #1 SMP PREEMPT Fri Feb 14 22:29:59 UTC 2025
[    0.000000] Command line: 8250.nr_uarts=1 clocksource=pit no_timer_check console=ttyS0,38400 earlyprintk=ttyS0 ndns=3 loop.max_part=7 ramoops.mem_address=0xff018000 ramoops.mem_size=0x10000 memmap=0x10000$0xff018000 printk.devkmsg=on bootconfig ndns=3 mac80211_hwsim.radios=0
[    0.000000] BIOS-provided physical RAM map:
[    0.000000] BIOS-e820: [mem 0x0000000000000000-0x000000000009fbff] usable
[    0.000000] BIOS-e820: [mem 0x000000000009fc00-0x000000000009ffff] reserved
[    0.000000] BIOS-e820: [mem 0x00000000000f0000-0x00000000000fffff] reserved
[    0.000000] BIOS-e820: [mem 0x0000000000100000-0x000000007ffd3fff] usable
[    0.000000] BIOS-e820: [mem 0x000000007ffd4000-0x000000007fffffff] reserved
[    0.000000] BIOS-e820: [mem 0x00000000feffc000-0x00000000feffffff] reserved
[    0.000000] BIOS-e820: [mem 0x00000000fffc0000-0x00000000ffffffff] reserved
[    0.000000] stackdepot: disabled
[    0.000000] printk: bootconsole [earlyser0] enabled
[    0.000000] NX (Execute Disable) protection: active
[    0.000000] APIC: Static calls initialized
[    0.000000] user-defined physical RAM map:
[    0.000000] user: [mem 0x0000000000000000-0x000000000009fbff] usable
[    0.000000] user: [mem 0x000000000009fc00-0x000000000009ffff] reserved
[    0.000000] user: [mem 0x00000000000f0000-0x00000000000fffff] reserved
[    0.000000] user: [mem 0x0000000000100000-0x000000007ffd3fff] usable
[    0.000000] user: [mem 0x000000007ffd4000-0x000000007fffffff] reserved
[    0.000000] user: [mem 0x00000000feffc000-0x00000000feffffff] reserved
[    0.000000] user: [mem 0x00000000ff018000-0x00000000ff027fff] reserved
[    0.000000] user: [mem 0x00000000fffc0000-0x00000000ffffffff] reserved
[    0.000000] SMBIOS 2.8 present.
[    0.000000] DMI: QEMU Standard PC (i440FX + PIIX, 1996), BIOS rel-1.11.1-0-g0551a4be2c-prebuilt.qemu-project.org 04/01/2014
[    0.000000] last_pfn = 0x7ffd4 max_arch_pfn = 0x400000000
[    0.000000] MTRR map: 4 entries (3 fixed + 1 variable; max 19), built from 8 variable MTRRs
[    0.000000] x86/PAT: PAT not supported by the CPU.
[    0.000000] x86/PAT: Configuration [0-7]: WB  WT  UC- UC  WB  WT  UC- UC  
Memory KASLR using RDTSC...
[    0.000000] found SMP MP-table at [mem 0x000f5ab0-0x000f5abf]
[    0.000000] RAMDISK: [mem 0x7fdfe000-0x7ffcffff]
[    0.000000] ACPI: Early table checksum verification disabled
[    0.000000] ACPI: RSDP 0x00000000000F58B0 000014 (v00 BOCHS )
[    0.000000] ACPI: RSDT 0x000000007FFE1C02 000030 (v01 BOCHS  BXPCRSDT 00000001 BXPC 00000001)
[    0.000000] ACPI: FACP 0x000000007FFE1AC6 000074 (v01 BOCHS  BXPCFACP 00000001 BXPC 00000001)
[    0.000000] ACPI: DSDT 0x000000007FFE0040 001A86 (v01 BOCHS  BXPCDSDT 00000001 BXPC 00000001)
[    0.000000] ACPI: FACS 0x000000007FFE0000 000040
[    0.000000] ACPI: APIC 0x000000007FFE1B3A 000090 (v01 BOCHS  BXPCAPIC 00000001 BXPC 00000001)
[    0.000000] ACPI: HPET 0x000000007FFE1BCA 000038 (v01 BOCHS  BXPCHPET 00000001 BXPC 00000001)
[    0.000000] ACPI: Reserving FACP table memory at [mem 0x7ffe1ac6-0x7ffe1b39]
[    0.000000] ACPI: Reserving DSDT table memory at [mem 0x7ffe0040-0x7ffe1ac5]
[    0.000000] ACPI: Reserving FACS table memory at [mem 0x7ffe0000-0x7ffe003f]
[    0.000000] ACPI: Reserving APIC table memory at [mem 0x7ffe1b3a-0x7ffe1bc9]
[    0.000000] ACPI: Reserving HPET table memory at [mem 0x7ffe1bca-0x7ffe1c01]
[    0.000000] Zone ranges:
[    0.000000]   DMA32    [mem 0x0000000000001000-0x000000007ffd3fff]
[    0.000000]   Normal   empty
[    0.000000] Movable zone start for each node
[    0.000000] NoSplit zone start for each node
[    0.000000] NoMerge zone start for each node
[    0.000000] Early memory node ranges
[    0.000000]   node   0: [mem 0x0000000000001000-0x000000000009efff]
[    0.000000]   node   0: [mem 0x0000000000100000-0x000000007ffd3fff]
[    0.000000] Initmem setup node 0 [mem 0x0000000000001000-0x000000007ffd3fff]
[    0.000000] On node 0, zone DMA32: 1 pages in unavailable ranges
[    0.000000] On node 0, zone DMA32: 97 pages in unavailable ranges
[    0.000000] On node 0, zone DMA32: 44 pages in unavailable ranges
[    0.000000] ACPI: LAPIC_NMI (acpi_id[0xff] dfl dfl lint[0x1])
[    0.000000] IOAPIC[0]: apic_id 0, version 17, address 0xfec00000, GSI 0-23
[    0.000000] ACPI: INT_SRC_OVR (bus 0 bus_irq 0 global_irq 2 dfl dfl)
[    0.000000] ACPI: INT_SRC_OVR (bus 0 bus_irq 5 global_irq 5 high level)
[    0.000000] ACPI: INT_SRC_OVR (bus 0 bus_irq 9 global_irq 9 high level)
[    0.000000] ACPI: INT_SRC_OVR (bus 0 bus_irq 10 global_irq 10 high level)
[    0.000000] ACPI: INT_SRC_OVR (bus 0 bus_irq 11 global_irq 11 high level)
[    0.000000] ACPI: Using ACPI (MADT) for SMP configuration information
[    0.000000] ACPI: HPET id: 0x8086a201 base: 0xfed00000
[    0.000000] smpboot: Allowing 4 CPUs, 0 hotplug CPUs
[    0.000000] PM: hibernation: Registered nosave memory: [mem 0x00000000-0x00000fff]
[    0.000000] PM: hibernation: Registered nosave memory: [mem 0x0009f000-0x0009ffff]
[    0.000000] PM: hibernation: Registered nosave memory: [mem 0x000a0000-0x000effff]
[    0.000000] PM: hibernation: Registered nosave memory: [mem 0x000f0000-0x000fffff]
[    0.000000] [mem 0x80000000-0xfeffbfff] available for PCI devices
[    0.000000] Booting paravirtualized kernel on bare hardware
[    0.000000] clocksource: refined-jiffies: mask: 0xffffffff max_cycles: 0xffffffff, max_idle_ns: 7645519600211568 ns
[    0.000000] Load bootconfig: 1852 bytes 69 nodes
[    0.000000] setup_percpu: NR_CPUS:32 nr_cpumask_bits:4 nr_cpu_ids:4 nr_node_ids:1
[    0.000000] percpu: Embedded 56 pages/cpu s192488 r8192 d28696 u524288
[    0.000000] Kernel command line: console=ttynull stack_depot_disable=on cgroup_disable=pressure bootconfig 8250.nr_uarts=1 clocksource=pit no_timer_check console=ttyS0,38400 earlyprintk=ttyS0 ndns=3 loop.max_part=7 ramoops.mem_address=0xff018000 ramoops.mem_size=0x10000 memmap=0x10000$0xff018000 printk.devkmsg=on bootconfig ndns=3 mac80211_hwsim.radios=0
[    0.000000] cgroup: Disabling pressure control group feature
[    0.000000] Unknown kernel command line parameters "ndns=3", will be passed to user space.
[    0.000000] Dentry cache hash table entries: 262144 (order: 9, 2097152 bytes, linear)
[    0.000000] Inode-cache hash table entries: 131072 (order: 8, 1048576 bytes, linear)
[    0.000000] Built 1 zonelists, mobility grouping on.  Total pages: 515796
[    0.000000] mem auto-init: stack:all(zero), heap alloc:on, heap free:off
[    0.000000] Memory: 2013288K/2096584K available (22528K kernel code, 2113K rwdata, 14024K rodata, 2968K init, 856K bss, 83036K reserved, 0K cma-reserved)
[    0.000000] SLUB: HWalign=64, Order=0-3, MinObjects=0, CPUs=4, Nodes=1
[    0.000000] Kernel/User page tables isolation: enabled
Poking KASLR using RDTSC...
[    0.000000] rcu: Preemptible hierarchical RCU implementation.
[    0.000000] rcu: 	RCU event tracing is enabled.
[    0.000000] rcu: 	RCU restricting CPUs from NR_CPUS=32 to nr_cpu_ids=4.
[    0.000000] rcu: 	RCU priority boosting: priority 1 delay 500 ms.
[    0.000000] 	Trampoline variant of Tasks RCU enabled.
[    0.000000] 	Tracing variant of Tasks RCU enabled.
[    0.000000] rcu: RCU calculated value of scheduler-enlistment delay is 25 jiffies.
[    0.000000] rcu: Adjusting geometry for rcu_fanout_leaf=16, nr_cpu_ids=4
[    0.000000] NR_IRQS: 4352, nr_irqs: 456, preallocated irqs: 16
[    0.000000] rcu: srcu_init: Setting srcu_struct sizes based on contention.
[    0.000000] kfence: initialized - using 524288 bytes for 63 objects at 0x(____ptrval____)-0x(____ptrval____)
[    0.000000] printk: console [ttyS0] enabled
[    0.000000] printk: console [ttyS0] enabled
[    0.000000] printk: bootconsole [earlyser0] disabled
[    0.000000] printk: bootconsole [earlyser0] disabled
[    0.000000] ACPI: Core revision 20230628
[    0.000000] clocksource: hpet: mask: 0xffffffff max_cycles: 0xffffffff, max_idle_ns: 19112604467 ns
[    0.004000] APIC: Switch to symmetric I/O mode setup
[    0.008000] ..TIMER: vector=0x30 apic1=0 pin1=2 apic2=-1 pin2=-1
[    0.020000] tsc: Unable to calibrate against PIT
[    0.024000] tsc: using HPET reference calibration
[    0.028000] tsc: Detected 2303.871 MHz processor
[    0.000005] clocksource: tsc-early: mask: 0xffffffffffffffff max_cycles: 0x21357dcfbc9, max_idle_ns: 440795258496 ns
[    0.019723] Calibrating delay loop (skipped), value calculated using timer frequency.. 4607.74 BogoMIPS (lpj=9215484)
[    0.024202] Last level iTLB entries: 4KB 0, 2MB 0, 4MB 0
[    0.027723] Last level dTLB entries: 4KB 0, 2MB 0, 4MB 0, 1GB 0
[    0.031727] Spectre V1 : Mitigation: usercopy/swapgs barriers and __user pointer sanitization
[    0.035727] Spectre V2 : Mitigation: Retpolines
[    0.039722] Spectre V2 : Spectre v2 / SpectreRSB mitigation: Filling RSB on context switch
[    0.043723] Spectre V2 : Spectre v2 / SpectreRSB : Filling RSB on VMEXIT
[    0.047725] Speculative Store Bypass: Vulnerable
[    0.051725] MDS: Vulnerable: Clear CPU buffers attempted, no microcode
[    0.055723] MMIO Stale Data: Unknown: No mitigations
[    0.059740] x86/fpu: x87 FPU will use FXSAVE
[    0.099772] SMP alternatives: Using kCFI
[    0.124892] Freeing SMP alternatives memory: 56K
[    0.127728] pid_max: default: 32768 minimum: 301
[    0.136230] LSM: initializing lsm=capability,selinux,bpf,integrity
[    0.140095] SELinux:  Initializing.
[    0.148304] LSM support for eBPF active
[    0.151961] Mount-cache hash table entries: 4096 (order: 3, 32768 bytes, linear)
[    0.155777] Mountpoint-cache hash table entries: 4096 (order: 3, 32768 bytes, linear)
[    0.381285] smpboot: CPU0: Intel Android virtual processor (family: 0x6, model: 0x6, stepping: 0x3)
[    0.387910] RCU Tasks: Setting shift to 2 and lim to 1 rcu_task_cb_adjust=1.
[    0.391879] RCU Tasks Trace: Setting shift to 2 and lim to 1 rcu_task_cb_adjust=1.
[    0.399732] Performance Events: generic architected perfmon, PMU not available due to virtualization, using software events only.
[    0.403755] signal: max sigframe size: 1440
[    0.407864] rcu: Hierarchical SRCU implementation.
[    0.411726] rcu: 	Max phase no-delay instances is 1000.
[    0.416440] dyndbg: Ignore empty _ddebug table in a CONFIG_DYNAMIC_DEBUG_CORE build
[    0.420087] smp: Bringing up secondary CPUs ...
[    0.428013] smpboot: x86: Booting SMP configuration:
[    0.431740] .... node  #0, CPUs:      #1 #2 #3
[    0.437724] TSC synchronization [CPU#0 -> CPU#1]:
[    0.439716] Measured 31125875 cycles TSC warp between CPUs, turning off TSC clock.
[    0.439735] tsc: Marking TSC unstable due to check_tsc_sync_source failed
[    0.000000] calibrate_delay_direct() dropping min bogoMips estimate 0 = 6471382
[    0.000000] calibrate_delay_direct() dropping min bogoMips estimate 1 = 9498184
[    0.000000] calibrate_delay_direct() dropping max bogoMips estimate 0 = 9382992
[    0.000000] calibrate_delay_direct() dropping max bogoMips estimate 1 = 9258939
[    0.812218] smp: Brought up 1 node, 4 CPUs
[    0.815742] smpboot: Max logical packages: 1
[    0.819729] smpboot: Total of 4 processors activated (18690.11 BogoMIPS)
[    0.843861] x86/mm: Memory block size: 128MB
[    0.852733] clocksource: jiffies: mask: 0xffffffff max_cycles: 0xffffffff, max_idle_ns: 7645041785100000 ns
[    0.855881] futex hash table entries: 1024 (order: 4, 65536 bytes, linear)
[    0.870510] NET: Registered PF_NETLINK/PF_ROUTE protocol family
[    0.875724] audit: initializing netlink subsys (disabled)
[    0.883840] audit: type=2000 audit(1786547655.900:1): state=initialized audit_enabled=0 res=1
[    0.883957] ramoops: using module parameters
[    0.897025] pstore: Using crash dump compression: deflate
[    0.899740] printk: console [ramoops-1] enabled
[    0.903891] pstore: Registered ramoops as persistent store backend
[    0.907730] ramoops: using 0x10000@0xff018000, ecc: 0
[    0.912563] thermal_sys: Registered thermal governor 'bang_bang'
[    0.912566] thermal_sys: Registered thermal governor 'step_wise'
[    0.915731] thermal_sys: Registered thermal governor 'user_space'
[    0.919822] cpuidle: using governor menu
[    0.928796] PCI: Using configuration type 1 for base access
[    0.932803] kprobes: kprobe jump-optimization is enabled. All kprobes are optimized if possible.
[    0.936270] cryptd: max_cpu_qlen set to 1000
[    0.952494] ACPI: Added _OSI(Module Device)
[    0.959733] ACPI: Added _OSI(Processor Device)
[    0.971729] ACPI: Added _OSI(3.0 _SCP Extensions)
[    0.983731] ACPI: Added _OSI(Processor Aggregator Device)
[    0.995855] ACPI: 1 ACPI AML tables successfully acquired and loaded
[    1.012682] ACPI: _OSC evaluation for CPUs failed, trying _PDC
[    1.015963] ACPI: Interpreter enabled
[    1.019785] ACPI: PM: (supports S0 S3 S4 S5)
[    1.023730] ACPI: Using IOAPIC for interrupt routing
[    1.027798] PCI: Using host bridge windows from ACPI; if necessary, use "pci=nocrs" and report a bug
[    1.031728] PCI: Using E820 reservations for host bridge windows
[    1.035936] ACPI: Enabled 2 GPEs in block 00 to 0F
[    1.045315] ACPI: PCI Root Bridge [PCI0] (domain 0000 [bus 00-ff])
[    1.047755] acpi PNP0A03:00: _OSC: OS supports [ASPM ClockPM Segments MSI HPX-Type3]
[    1.051731] acpi PNP0A03:00: _OSC: not requesting OS control; OS requires [ExtendedConfig ASPM ClockPM MSI]
[    1.055770] acpi PNP0A03:00: fail to add MMCONFIG information, can't access extended configuration space under this bridge
[    1.060055] PCI host bridge to bus 0000:00
[    1.067735] pci_bus 0000:00: root bus resource [io  0x0000-0x0cf7 window]
[    1.071735] pci_bus 0000:00: root bus resource [io  0x0d00-0xffff window]
[    1.075733] pci_bus 0000:00: root bus resource [mem 0x000a0000-0x000bffff window]
[    1.079732] pci_bus 0000:00: root bus resource [mem 0x80000000-0xfebfffff window]
[    1.083734] pci_bus 0000:00: root bus resource [mem 0x400000000-0x80005ffff window]
[    1.087732] pci_bus 0000:00: root bus resource [bus 00-ff]
[    1.091957] pci 0000:00:00.0: [8086:1237] type 00 class 0x060000
[    1.097249] pci 0000:00:01.0: [8086:7000] type 00 class 0x060100
[    1.103850] pci 0000:00:01.1: [8086:7010] type 00 class 0x010180
[    1.116426] pci 0000:00:01.1: reg 0x20: [io  0xc2a0-0xc2af]
[    1.122658] pci 0000:00:01.1: legacy IDE quirk: reg 0x10: [io  0x01f0-0x01f7]
[    1.123729] pci 0000:00:01.1: legacy IDE quirk: reg 0x14: [io  0x03f6]
[    1.127734] pci 0000:00:01.1: legacy IDE quirk: reg 0x18: [io  0x0170-0x0177]
[    1.131734] pci 0000:00:01.1: legacy IDE quirk: reg 0x1c: [io  0x0376]
[    1.140429] pci 0000:00:01.3: [8086:7113] type 00 class 0x068000
[    1.149210] pci 0000:00:01.3: quirk: [io  0x0600-0x063f] claimed by PIIX4 ACPI
[    1.151764] pci 0000:00:01.3: quirk: [io  0x0700-0x070f] claimed by PIIX4 SMB
[    1.159950] pci 0000:00:02.0: [1af4:1019] type 00 class 0x040100
[    1.167725] pci 0000:00:02.0: reg 0x10: [io  0xc200-0xc21f]
[    1.191726] pci 0000:00:02.0: reg 0x20: [mem 0x800000000-0x800003fff 64bit pref]
[    1.203971] pci 0000:00:03.0: [1af4:1001] type 00 class 0x010000
[    1.211725] pci 0000:00:03.0: reg 0x10: [io  0xc000-0xc03f]
[    1.223726] pci 0000:00:03.0: reg 0x14: [mem 0xfebc0000-0xfebc0fff]
[    1.235728] pci 0000:00:03.0: reg 0x18: [io  0xc2b0-0xc2b3]
[    1.255728] pci 0000:00:03.0: reg 0x20: [mem 0x800004000-0x800007fff 64bit pref]
[    1.274217] pci 0000:00:04.0: [1af4:1001] type 00 class 0x010000
[    1.283726] pci 0000:00:04.0: reg 0x10: [io  0xc040-0xc07f]
[    1.291726] pci 0000:00:04.0: reg 0x14: [mem 0xfebc1000-0xfebc1fff]
[    1.302408] pci 0000:00:04.0: reg 0x18: [io  0xc2b4-0xc2b7]
[    1.315726] pci 0000:00:04.0: reg 0x20: [mem 0x800008000-0x80000bfff 64bit pref]
[    1.330746] pci 0000:00:05.0: [1af4:1001] type 00 class 0x010000
[    1.339723] pci 0000:00:05.0: reg 0x10: [io  0xc080-0xc0bf]
[    1.351725] pci 0000:00:05.0: reg 0x14: [mem 0xfebc2000-0xfebc2fff]
[    1.362362] pci 0000:00:05.0: reg 0x18: [io  0xc2b8-0xc2bb]
[    1.375723] pci 0000:00:05.0: reg 0x20: [mem 0x80000c000-0x80000ffff 64bit pref]
[    1.392747] pci 0000:00:06.0: [1af4:1001] type 00 class 0x010000
[    1.399724] pci 0000:00:06.0: reg 0x10: [io  0xc0c0-0xc0ff]
[    1.410388] pci 0000:00:06.0: reg 0x14: [mem 0xfebc3000-0xfebc3fff]
[    1.419723] pci 0000:00:06.0: reg 0x18: [io  0xc2bc-0xc2bf]
[    1.435723] pci 0000:00:06.0: reg 0x20: [mem 0x800010000-0x800013fff 64bit pref]
[    1.450129] pci 0000:00:07.0: [1af4:1001] type 00 class 0x010000
[    1.459238] pci 0000:00:07.0: reg 0x10: [io  0xc100-0xc13f]
[    1.467727] pci 0000:00:07.0: reg 0x14: [mem 0xfebc4000-0xfebc4fff]
[    1.475723] pci 0000:00:07.0: reg 0x18: [io  0xc2c0-0xc2c3]
[    1.491723] pci 0000:00:07.0: reg 0x20: [mem 0x800014000-0x800017fff 64bit pref]
[    1.504550] pci 0000:00:08.0: [1af4:1001] type 00 class 0x010000
[    1.515722] pci 0000:00:08.0: reg 0x10: [io  0xc140-0xc17f]
[    1.523725] pci 0000:00:08.0: reg 0x14: [mem 0xfebc5000-0xfebc5fff]
[    1.533936] pci 0000:00:08.0: reg 0x18: [io  0xc2c4-0xc2c7]
[    1.545982] pci 0000:00:08.0: reg 0x20: [mem 0x800018000-0x80001bfff 64bit pref]
[    1.556480] pci 0000:00:09.0: [1af4:1000] type 00 class 0x020000
[    1.565543] pci 0000:00:09.0: reg 0x10: [io  0xc220-0xc23f]
[    1.571722] pci 0000:00:09.0: reg 0x14: [mem 0xfebc6000-0xfebc6fff]
[    1.587722] pci 0000:00:09.0: reg 0x20: [mem 0x80001c000-0x80001ffff 64bit pref]
[    1.595722] pci 0000:00:09.0: reg 0x30: [mem 0xfeb80000-0xfebbffff pref]
[    1.605549] pci 0000:00:0a.0: [1af4:1003] type 00 class 0x078000
[    1.615723] pci 0000:00:0a.0: reg 0x10: [io  0xc180-0xc1bf]
[    1.626772] pci 0000:00:0a.0: reg 0x14: [mem 0xfebc7000-0xfebc7fff]
[    1.643723] pci 0000:00:0a.0: reg 0x20: [mem 0x800020000-0x800023fff 64bit pref]
[    1.653700] pci 0000:00:0b.0: [607d:f153] type 00 class 0x00ff00
[    1.658272] pci 0000:00:0b.0: reg 0x10: [mem 0xfebc8000-0xfebc8fff]
[    1.663723] pci 0000:00:0b.0: reg 0x14: [mem 0x400000000-0x7ffffffff 64bit]
[    1.683769] pci 0000:00:0c.0: [1af4:1003] type 00 class 0x078000
[    1.693428] pci 0000:00:0c.0: reg 0x10: [io  0xc1c0-0xc1ff]
[    1.701403] pci 0000:00:0c.0: reg 0x14: [mem 0xfebc9000-0xfebc9fff]
[    1.715724] pci 0000:00:0c.0: reg 0x20: [mem 0x800024000-0x800027fff 64bit pref]
[    1.732820] pci 0000:00:0d.0: [1af4:1005] type 00 class 0x00ff00
[    1.743725] pci 0000:00:0d.0: reg 0x10: [io  0xc240-0xc25f]
[    1.761707] pci 0000:00:0d.0: reg 0x20: [mem 0x800028000-0x80002bfff 64bit pref]
[    1.772895] pci 0000:00:0e.0: [1af4:1052] type 00 class 0x098000
[    1.785736] pci 0000:00:0e.0: reg 0x14: [mem 0xfebca000-0xfebcafff]
[    1.799725] pci 0000:00:0e.0: reg 0x20: [mem 0x80002c000-0x80002ffff 64bit pref]
[    1.813165] pci 0000:00:0f.0: [1af4:1052] type 00 class 0x098000
[    1.823724] pci 0000:00:0f.0: reg 0x14: [mem 0xfebcb000-0xfebcbfff]
[    1.837675] pci 0000:00:0f.0: reg 0x20: [mem 0x800030000-0x800033fff 64bit pref]
[    1.846057] pci 0000:00:10.0: [1af4:1052] type 00 class 0x098000
[    1.858642] pci 0000:00:10.0: reg 0x14: [mem 0xfebcc000-0xfebccfff]
[    1.875728] pci 0000:00:10.0: reg 0x20: [mem 0x800034000-0x800037fff 64bit pref]
[    1.890341] pci 0000:00:11.0: [1af4:1052] type 00 class 0x098000
[    1.907157] pci 0000:00:11.0: reg 0x14: [mem 0xfebcd000-0xfebcdfff]
[    1.927729] pci 0000:00:11.0: reg 0x20: [mem 0x800038000-0x80003bfff 64bit pref]
[    1.945602] pci 0000:00:12.0: [1af4:1052] type 00 class 0x098000
[    1.962962] pci 0000:00:12.0: reg 0x14: [mem 0xfebce000-0xfebcefff]
[    1.987729] pci 0000:00:12.0: reg 0x20: [mem 0x80003c000-0x80003ffff 64bit pref]
[    2.005315] pci 0000:00:13.0: [1af4:1052] type 00 class 0x098000
[    2.027728] pci 0000:00:13.0: reg 0x14: [mem 0xfebcf000-0xfebcffff]
[    2.051197] pci 0000:00:13.0: reg 0x20: [mem 0x800040000-0x800043fff 64bit pref]
[    2.061321] pci 0000:00:14.0: [1af4:1052] type 00 class 0x098000
[    2.075725] pci 0000:00:14.0: reg 0x14: [mem 0xfebd0000-0xfebd0fff]
[    2.094185] pci 0000:00:14.0: reg 0x20: [mem 0x800044000-0x800047fff 64bit pref]
[    2.102014] pci 0000:00:15.0: [1af4:1052] type 00 class 0x098000
[    2.113324] pci 0000:00:15.0: reg 0x14: [mem 0xfebd1000-0xfebd1fff]
[    2.123725] pci 0000:00:15.0: reg 0x20: [mem 0x800048000-0x80004bfff 64bit pref]
[    2.136716] pci 0000:00:16.0: [1af4:1052] type 00 class 0x098000
[    2.147725] pci 0000:00:16.0: reg 0x14: [mem 0xfebd2000-0xfebd2fff]
[    2.163725] pci 0000:00:16.0: reg 0x20: [mem 0x80004c000-0x80004ffff 64bit pref]
[    2.176237] pci 0000:00:17.0: [1af4:1052] type 00 class 0x098000
[    2.185754] pci 0000:00:17.0: reg 0x14: [mem 0xfebd3000-0xfebd3fff]
[    2.198718] pci 0000:00:17.0: reg 0x20: [mem 0x800050000-0x800053fff 64bit pref]
[    2.208480] pci 0000:00:18.0: [1af4:1052] type 00 class 0x098000
[    2.222520] pci 0000:00:18.0: reg 0x14: [mem 0xfebd4000-0xfebd4fff]
[    2.233414] pci 0000:00:18.0: reg 0x20: [mem 0x800054000-0x800057fff 64bit pref]
[    2.242421] pci 0000:00:19.0: [1af4:1052] type 00 class 0x090000
[    2.251730] pci 0000:00:19.0: reg 0x14: [mem 0xfebd5000-0xfebd5fff]
[    2.266503] pci 0000:00:19.0: reg 0x20: [mem 0x800058000-0x80005bfff 64bit pref]
[    2.275204] pci 0000:00:1a.0: [1af4:100a] type 00 class 0x020000
[    2.281100] pci 0000:00:1a.0: reg 0x10: [io  0xc260-0xc27f]
[    2.289947] pci 0000:00:1a.0: reg 0x14: [mem 0xfebd6000-0xfebd6fff]
[    2.313177] pci 0000:00:1b.0: [1af4:1012] type 00 class 0x078000
[    2.321777] pci 0000:00:1b.0: reg 0x10: [io  0xc280-0xc29f]
[    2.329816] pci 0000:00:1b.0: reg 0x14: [mem 0xfebd7000-0xfebd7fff]
[    2.345781] pci 0000:00:1b.0: reg 0x20: [mem 0x80005c000-0x80005ffff 64bit pref]
[    2.358441] ACPI: PCI: Interrupt link LNKA configured for IRQ 10
[    2.360014] ACPI: PCI: Interrupt link LNKB configured for IRQ 10
[    2.363995] ACPI: PCI: Interrupt link LNKC configured for IRQ 11
[    2.367995] ACPI: PCI: Interrupt link LNKD configured for IRQ 11
[    2.371897] ACPI: PCI: Interrupt link LNKS configured for IRQ 9
[    2.376933] iommu: Default domain type: Translated
[    2.379784] iommu: DMA domain TLB invalidation policy: lazy mode
[    2.384138] SCSI subsystem initialized
[    2.387922] ACPI: bus type USB registered
[    2.391808] usbcore: registered new interface driver usbfs
[    2.395804] usbcore: registered new interface driver hub
[    2.399760] usbcore: registered new device driver usb
[    2.403867] mc: Linux media interface: v0.10
[    2.407794] videodev: Linux video capture interface: v2.00
[    2.411918] EDAC MC: Ver: 3.0.0
[    2.420657] Advanced Linux Sound Architecture Driver Initialized.
[    2.424497] PCI: Using ACPI for IRQ routing
[    2.429529] vgaarb: loaded
[    2.431962] hpet: 3 channels of 0 reserved for per-cpu timers
[    2.435762] hpet0: at MMIO 0xfed00000, IRQs 2, 8, 0
[    2.439730] hpet0: 3 comparators, 64-bit 100.000000 MHz counter
[    5.447885] clocksource: Switched to clocksource hpet
[    5.463551] VFS: Disk quotas dquot_6.6.0
[    5.472319] VFS: Dquot-cache hash table entries: 512 (order 0, 4096 bytes)
[    5.486398] pnp: PnP ACPI init
[    5.493086] pnp: PnP ACPI: found 5 devices
[    5.501975] NET: Registered PF_INET protocol family
[    5.512160] IP idents hash table entries: 32768 (order: 6, 262144 bytes, linear)
[    5.528366] tcp_listen_portaddr_hash hash table entries: 1024 (order: 2, 16384 bytes, linear)
[    5.546367] Table-perturb hash table entries: 65536 (order: 6, 262144 bytes, linear)
[    5.562967] TCP established hash table entries: 16384 (order: 5, 131072 bytes, linear)
[    5.580597] TCP bind hash table entries: 16384 (order: 7, 524288 bytes, linear)
[    5.595808] TCP: Hash tables configured (established 16384 bind 16384)
[    5.615969] UDP hash table entries: 1024 (order: 3, 32768 bytes, linear)
[    5.632976] UDP-Lite hash table entries: 1024 (order: 3, 32768 bytes, linear)
[    5.648704] NET: Registered PF_UNIX/PF_LOCAL protocol family
[    5.661112] NET: Registered PF_XDP protocol family
[    5.671347] pci_bus 0000:00: resource 4 [io  0x0000-0x0cf7 window]
[    5.684566] pci_bus 0000:00: resource 5 [io  0x0d00-0xffff window]
[    5.698457] pci_bus 0000:00: resource 6 [mem 0x000a0000-0x000bffff window]
[    5.713578] pci_bus 0000:00: resource 7 [mem 0x80000000-0xfebfffff window]
[    5.728744] pci_bus 0000:00: resource 8 [mem 0x400000000-0x80005ffff window]
[    5.744441] pci 0000:00:01.0: PIIX3: Enabling Passive Release
[    5.757145] pci 0000:00:00.0: quirk_passive_release+0x0/0xc0 took 12433 usecs
[    5.774258] pci 0000:00:00.0: Limiting direct PCI/PCI transfers
[    5.789686] pci 0000:00:00.0: quirk_natoma+0x0/0x40 took 15067 usecs
[    5.805044] PCI: CLS 0 bytes, default 64
[    5.814213] kvm_intel: VMX not supported by CPU 3
[    5.814484] Trying to unpack rootfs image as initramfs...
[    5.824841] kvm_amd: CPU 3 isn't AMD or Hygon
[    5.848114] Initialise system trusted keyrings
[    5.860085] workingset: timestamp_bits=46 max_order=19 bucket_order=0
[    5.878133] fuse: init (API version 7.39)
[    5.889435] Freeing initrd memory: 1864K
[    5.919247] Key type asymmetric registered
[    5.928509] Asymmetric key parser 'x509' registered
[    5.940863] Block layer SCSI generic (bsg) driver version 0.4 loaded (major 240)
[    5.957697] io scheduler mq-deadline registered
[    5.969120] io scheduler kyber registered
[    5.978646] io scheduler bfq registered
[    5.989347] input: Power Button as /devices/LNXSYSTM:00/LNXPWRBN:00/input/input0
[    6.009149] ACPI: button: Power Button [PWRF]
[    6.019996] Serial: 8250/16550 driver, 1 ports, IRQ sharing disabled
[    6.035371] 00:04: ttyS0 at I/O 0x3f8 (irq = 4, base_baud = 115200) is a 16550A
[    6.053880] printk: console [ttynull0] enabled
[    6.066057] ACPI: bus type drm_connector registered
[    6.085889] brd: module loaded
[    6.105149] loop: module loaded
[    6.117541] wireguard: WireGuard 1.0.0 loaded. See www.wireguard.com for information.
[    6.138022] wireguard: Copyright (C) 2015-2019 Jason A. Donenfeld <Jason@zx2c4.com>. All Rights Reserved.
[    6.160610] tun: Universal TUN/TAP device driver, 1.6
[    6.174407] usbcore: registered new interface driver uas
[    6.188565] usbcore: registered new interface driver usb-storage
[    6.202855] i8042: PNP: PS/2 Controller [PNP0303:KBD,PNP0f13:MOU] at 0x60,0x64 irq 1,12
[    6.224471] serio: i8042 KBD port at 0x60,0x64 irq 1
[    6.237179] serio: i8042 AUX port at 0x60,0x64 irq 12
[    6.250058] usbcore: registered new interface driver xpad
[    6.264535] rtc_cmos 00:00: RTC can wake from S4
[    6.280642] input: AT Translated Set 2 keyboard as /devices/platform/i8042/serio0/input/input1
[    6.289262] rtc_cmos 00:00: registered as rtc0
[    6.321619] rtc_cmos 00:00: setting system clock to 2026-08-12T15:14:26 UTC (1786547666)
[    6.346417] rtc_cmos 00:00: alarms up to one day, y3k, 114 bytes nvram, hpet irqs
[    6.370856] gspca_main: v2.14.0 registered
[    6.382382] usbcore: registered new interface driver uvcvideo
[    6.402072] device-mapper: uevent: version 1.0.3
[    6.417197] device-mapper: ioctl: 4.48.0-ioctl (2023-03-01) initialised: dm-devel@redhat.com
[    6.444332] intel_pstate: CPU model not supported
[    6.459676] sdhci: Secure Digital Host Controller Interface driver
[    6.478019] sdhci: Copyright(c) Pierre Ossman
[    6.490373] sdhci-pltfm: SDHCI platform and OF driver helper
[    6.504802] hid: raw HID events driver (C) Jiri Kosina
[    6.518981] usbcore: registered new interface driver usbhid
[    6.533544] usbhid: USB HID core driver
[    6.543391] ashmem: initialized
[    6.551949] gnss: GNSS driver registered with major 507
[    6.566570] usbcore: registered new interface driver snd-usb-audio
[    6.583704] GACT probability NOT on
[    6.593835] Mirror/redirect action on
[    6.603315] netem: version 1.3
[    6.611136] u32 classifier
[    6.618340]     input device check on
[    6.627457]     Actions configured
[    6.688866] xt_time: kernel timezone is -0000
[    6.701215] ipip: IPv4 and MPLS over IPv4 tunneling driver
[    6.716764] gre: GRE over IPv4 demultiplexor driver
[    6.729699] ip_gre: GRE over IPv4 tunneling driver
[    6.745581] IPv4 over IPsec tunneling driver
[    6.759623] Initializing XFRM netlink socket
[    6.772074] IPsec XFRM device driver
[    6.782432] NET: Registered PF_INET6 protocol family
[    6.799458] Segment Routing with IPv6
[    6.809827] In-situ OAM (IOAM) with IPv6
[    6.820408] mip6: Mobile IPv6
[    6.828717] sit: IPv6, IPv4 and MPLS over IPv4 tunneling driver
[    6.844876] ip6_gre: GRE over IPv6 tunneling driver
[    6.857907] NET: Registered PF_PACKET protocol family
[    6.870939] NET: Registered PF_KEY protocol family
[    6.884755] NET: Registered PF_VSOCK protocol family
[    6.898326] IPI shorthand broadcast: enabled
[    6.909594] SSE version of gcm_enc/dec engaged.
[    6.927611] registered taskstats version 1
[    6.938608] Loading compiled-in X.509 certificates
[    6.952538] Loaded X.509 cert 'Build time autogenerated kernel key: 0c8d8a8dc298c7fc48c2ab5de0e2e4c983d1db0c'
[    6.983017] page_owner is disabled
[    6.992530] Key type .fscrypt registered
[    7.003032] Key type fscrypt-provisioning registered
[    7.016883] Unstable clock detected, switching default tracing clock to "global"
[    7.016883] If you want to keep using the local clock, then add:
[    7.016883]   "trace_clock=local"
[    7.016883] on the kernel command line
[    7.068879] ALSA device list:
[    7.075884]   No soundcards found.
[    7.099893] Freeing unused kernel image (initmem) memory: 2968K
[    7.113275] Write protecting the kernel read-only data: 36864k
[    7.127568] Freeing unused kernel image (rodata/data gap) memory: 312K
[    7.143434] Run /init as init process
[    8.160504] random: crng init done
[    8.173875] init: init first stage started!
[    8.187020] init: Loading module /lib/modules/virtio_dma_buf.ko with args ''
[    8.209520] init: Loaded kernel module /lib/modules/virtio_dma_buf.ko
[    8.226243] init: Loading module /lib/modules/virtio-rng.ko with args ''
[    8.243513] init: Loaded kernel module /lib/modules/virtio-rng.ko
[    8.257416] init: Loading module /lib/modules/virtio_blk.ko with args ''
[    8.275509] init: Loaded kernel module /lib/modules/virtio_blk.ko
[    8.289402] init: Loading module /lib/modules/virtio_console.ko with args ''
[    8.310725] init: Loaded kernel module /lib/modules/virtio_console.ko
[    8.327474] init: Loading module /lib/modules/virtio_pci_modern_dev.ko with args ''
[    8.351536] init: Loaded kernel module /lib/modules/virtio_pci_modern_dev.ko
[    8.372626] init: Loading module /lib/modules/virtio_pci_legacy_dev.ko with args ''
[    8.395764] init: Loaded kernel module /lib/modules/virtio_pci_legacy_dev.ko
[    8.417021] init: Loading module /lib/modules/virtio_pci.ko with args ''
[    8.470268] ACPI: \_SB_.LNKB: Enabled at IRQ 10
[    8.530857] ACPI: \_SB_.LNKC: Enabled at IRQ 11
[    8.550895] virtio_blk virtio1: 1/0/0 default/read/poll queues
[    8.571952] virtio_blk virtio1: [vda] 4556800 512-byte logical blocks (2.33 GB/2.17 GiB)
[    8.600312]  vda: vda1 vda2
[    8.636602] ACPI: \_SB_.LNKD: Enabled at IRQ 11
[    8.652769] virtio_blk virtio2: 1/0/0 default/read/poll queues
[    8.669602] virtio_blk virtio2: [vdb] 135168 512-byte logical blocks (69.2 MB/66.0 MiB)
[    8.728529] ACPI: \_SB_.LNKA: Enabled at IRQ 10
[    8.744926] virtio_blk virtio3: 1/0/0 default/read/poll queues
[    8.763306] virtio_blk virtio3: [vdc] 12582912 512-byte logical blocks (6.44 GB/6.00 GiB)
[    8.819373] virtio_blk virtio4: 1/0/0 default/read/poll queues
[    8.836334] virtio_blk virtio4: [vdd] 36864 512-byte logical blocks (18.9 MB/18.0 MiB)
[    8.861369]  vdd: vdd1
[    8.901720] virtio_blk virtio5: 1/0/0 default/read/poll queues
[    8.918005] virtio_blk virtio5: [vde] 110592 512-byte logical blocks (56.6 MB/54.0 MiB)
[    8.940621]  vde: vde1
[    8.984266] virtio_blk virtio6: 1/0/0 default/read/poll queues
[    9.003758] virtio_blk virtio6: [vdf] 1048576 512-byte logical blocks (537 MB/512 MiB)
[    9.025672]  vdf:
[    9.628029] virtio-pci 0000:00:1a.0: virtio_pci: leaving for legacy driver
[    9.679892] init: Loaded kernel module /lib/modules/virtio_pci.ko
[    9.694279] init: Loading module /lib/modules/vmw_vsock_virtio_transport.ko with args ''
[    9.723431] init: Loaded kernel module /lib/modules/vmw_vsock_virtio_transport.ko
[    9.742803] init: Loaded 8 modules from /lib/modules
[    9.756293] init: Loaded 8 kernel modules took 1569 ms
[    9.769287] init: [libfstab] Using Android DT directory /proc/device-tree/firmware/android/
[    9.790571] init: [libfstab] ReadFstabFromDt(): failed to read fstab from dt
[    9.820588] init: [libfs_mgr] superblock s_max_mnt_count:65535,/dev/block/pci/pci0000:00/0000:00:06.0/by-name/metadata
[    9.845873] init: [libfs_mgr] Filesystem on /dev/block/pci/pci0000:00/0000:00:06.0/by-name/metadata was not cleanly shutdown; state flags: 0x3, incompat feature flags: 0x46
[    9.901682] EXT4-fs (vdd1): warning: mounting fs with errors, running e2fsck is recommended
[    9.929177] EXT4-fs (vdd1): recovery complete
[    9.944204] EXT4-fs (vdd1): mounted filesystem b08db4c1-cfe5-46f0-b32a-f06729e6a3f2 r/w with ordered data mode. Quota mode: none.
[    9.971470] init: [libfs_mgr] check_fs(): mount(/dev/block/pci/pci0000:00/0000:00:06.0/by-name/metadata,/metadata,ext4)=0: Success
[   10.007513] EXT4-fs (vdd1): unmounting filesystem b08db4c1-cfe5-46f0-b32a-f06729e6a3f2.
[   10.034063] init: [libfs_mgr] umount_retry(): unmount(/metadata) succeeded
[   10.052048] init: [libfs_mgr] Not running /system/bin/e2fsck on /dev/block/vdd1 (executable not in system image)
[   10.082855] EXT4-fs (vdd1): warning: mounting fs with errors, running e2fsck is recommended
[   10.103151] EXT4-fs (vdd1): mounted filesystem b08db4c1-cfe5-46f0-b32a-f06729e6a3f2 r/w with ordered data mode. Quota mode: none.
[   10.131076] init: [libfs_mgr] __mount(source=/dev/block/pci/pci0000:00/0000:00:06.0/by-name/metadata,target=/metadata,type=ext4)=0: Success
[   10.161092] init: Failed to copy /avb into /metadata/gsi/dsu/avb/: No such file or directory
[   10.184821] init: [libfs_mgr] Created logical partition system on device /dev/block/dm-0
[   10.205266] init: [libfs_mgr] Created logical partition vendor on device /dev/block/dm-1
[   10.225518] init: [libfs_mgr] Created logical partition system_ext on device /dev/block/dm-2
[   10.247282] init: [libfs_mgr] Created logical partition product on device /dev/block/dm-3
[   10.267371] init: [libfs_mgr] Created logical partition system_dlkm on device /dev/block/dm-4
[   10.286604] init: DSU not detected, proceeding with normal boot
[   11.312921] init: [libfs_avb] Device path not found: /dev/block/by-name/system
[   12.350742] init: [libfs_avb] Device path not found: /dev/block/by-name/system
[   12.380892] init: [libfs_avb] Returning avb_handle with status: Success
[   12.402848] init: [libfs_avb] Built verity table: '1 /dev/block/dm-0 /dev/block/dm-0 4096 4096 143505 143505 sha256 955fe504bcb087e1eb42df44110806074669d8ae54c32f2161819c8b9cc50ac7 bcfb43ed63e27501b7bad7a1a123331c99643d3164db105dfbe292c5eccb1b1a 10 use_fec_from_device /dev/block/dm-0 fec_roots 2 fec_blocks 144637 fec_start 144637 restart_on_corruption ignore_zero_blocks'
[   12.528245] hrtimer: interrupt took 12871900 ns
[   12.578185] device-mapper: verity: sha256 using shash "sha256-ssse3"
[   12.633937] erofs: (device dm-5): mounted with root inode @ nid 57.
[   12.664481] init: [libfs_mgr] __mount(source=/dev/block/dm-5,target=/system,type=erofs)=0: Success
[   12.709041] init: Switching root to '/system'
[   12.735596] erofs: (device dm-1): mounted with root inode @ nid 47.
[   12.760151] init: [libfs_mgr] __mount(source=/dev/block/dm-1,target=/vendor,type=erofs)=0: Success
[   12.794539] erofs: (device dm-3): mounted with root inode @ nid 41.
[   12.818581] init: [libfs_mgr] __mount(source=/dev/block/dm-3,target=/product,type=erofs)=0: Success
[   12.857222] erofs: (device dm-4): mounted with root inode @ nid 38.
[   12.882925] init: [libfs_mgr] __mount(source=/dev/block/dm-4,target=/system_dlkm,type=erofs)=0: Success
[   12.928790] erofs: (device dm-2): mounted with root inode @ nid 40.
[   12.954600] init: [libfs_mgr] __mount(source=/dev/block/dm-2,target=/system_ext,type=erofs)=0: Success
[   12.991977] init: Skipped setting INIT_AVB_VERSION (not in recovery mode)
[   13.266606] init: [libfstab] Using Android DT directory /proc/device-tree/firmware/android/
[   13.303665] init: Opening SELinux policy
[   13.348859] init: Loading SELinux policy
[   13.391697] SELinux:  policy capability network_peer_controls=1
[   13.407463] SELinux:  policy capability open_perms=1
[   13.420824] SELinux:  policy capability extended_socket_class=1
[   13.437886] SELinux:  policy capability always_check_network=0
[   13.454969] SELinux:  policy capability cgroup_seclabel=0
[   13.469118] SELinux:  policy capability nnp_nosuid_transition=1
[   13.484244] SELinux:  policy capability genfs_seclabel_symlinks=0
[   13.500293] SELinux:  policy capability ioctl_skip_cloexec=0
[   13.526699] audit: type=1403 audit(1786547673.700:2): auid=4294967295 ses=4294967295 lsm=selinux res=1
[   13.551960] audit: type=1404 audit(1786547673.700:3): enforcing=1 old_enforcing=0 auid=4294967295 ses=4294967295 enabled=1 old-enabled=1 lsm=selinux res=1
[   13.601277] selinux: SELinux: Loaded file context from:
[   13.617693] selinux: 		/system/etc/selinux/plat_file_contexts
[   13.636009] selinux: 		/system_ext/etc/selinux/system_ext_file_contexts
[   13.654332] selinux: 		/product/etc/selinux/product_file_contexts
[   13.670732] selinux: 		/vendor/etc/selinux/vendor_file_contexts
[   13.688331] selinux: 		/odm/etc/selinux/odm_file_contexts
[   13.727998] init: init second stage started!
[   13.771299] selinux: SELinux: Loaded file context from:
[   13.788866] selinux: 		/system/etc/selinux/plat_file_contexts
[   13.807697] selinux: 		/system_ext/etc/selinux/system_ext_file_contexts
[   13.837047] selinux: 		/product/etc/selinux/product_file_contexts
[   13.857633] selinux: 		/vendor/etc/selinux/vendor_file_contexts
[   13.883101] selinux: 		/odm/etc/selinux/odm_file_contexts
[   13.933986] init: [libfstab] Using Android DT directory /proc/device-tree/firmware/android/
[   13.969744] init: Overriding previous property 'ro.cp_system_other_odex':'1' with new value '0'
[   14.001646] init: Overriding previous property 'ro.control_privapp_permissions':'disable' with new value 'enforce'
[   14.048466] init: Overriding previous property 'ro.config.notification_sound':'OnTheHunt.ogg' with new value 'pixiedust.ogg'
[   14.090557] init: Setting product property ro.product.brand to 'google' (from ro.product.product.brand)
[   14.122977] init: Setting product property ro.product.device to 'emu64xa' (from ro.product.product.device)
[   14.155089] init: Setting product property ro.product.manufacturer to 'Google' (from ro.product.product.manufacturer)
[   14.192549] init: Setting product property ro.product.model to 'sdk_gphone64_x86_64' (from ro.product.product.model)
[   14.229786] init: Setting product property ro.product.name to 'sdk_gphone64_x86_64' (from ro.product.product.name)
[   14.267271] init: Setting property 'ro.build.fingerprint' to 'google/sdk_gphone64_x86_64/emu64xa:16/BE2A.250530.026.D1/13818094:user/release-keys'
[   14.312721] init: Setting property 'ro.product.cpu.abilist' to 'x86_64,arm64-v8a'
[   14.352243] init: Setting property 'ro.product.cpu.abilist32' to ''
[   14.374393] init: Setting property 'ro.product.cpu.abilist64' to 'x86_64,arm64-v8a'
[   14.403559] init: Running restorecon...
[   14.449128] init: Created socket '/dev/socket/property_service_for_system', mode 660, user 0, group 1000
[   14.495932] init: Created socket '/dev/socket/property_service', mode 666, user 0, group 0
[   14.535050] init: [libfs_mgr] vendor overlay: vndk version not defined
[   14.564713] init: SetupMountNamespaces done
[   14.598938] init: Forked subcontext for 'u:r:vendor_init:s0' with pid 94
[   14.641551] init: Parsing file /system/etc/init/hw/init.rc...
[   14.677675] init: Added '/init.environ.rc' to import list
[   14.702152] init: Added '/system/etc/init/hw/init.usb.rc' to import list
[   14.732220] init: Added '/init.ranchu.rc' to import list
[   14.752034] init: Added '/vendor/etc/init/hw/init.ranchu.rc' to import list
[   14.777908] init: Added '/system/etc/init/hw/init.usb.configfs.rc' to import list
[   14.811346] init: Added '/system/etc/init/hw/init.zygote64.rc' to import list
[   14.840392] init: Added '/system/etc/init/hw/init.boringssl.zygote64.rc' to import list
[   14.874016] init: Parsing file /init.environ.rc...
[   14.896934] init: Parsing file /system/etc/init/hw/init.usb.rc...
[   14.927094] init: Parsing file /init.ranchu.rc...
[   14.947163] init: Unable to read config file '/init.ranchu.rc': open() failed: No such file or directory
[   14.984947] init: Parsing file /vendor/etc/init/hw/init.ranchu.rc...
[   15.010636] init: Parsing file /system/etc/init/hw/init.usb.configfs.rc...
[   15.033996] init: Parsing file /system/etc/init/hw/init.zygote64.rc...
[   15.057172] init: Parsing file /system/etc/init/hw/init.boringssl.zygote64.rc...
[   15.082300] init: Parsing directory /system/etc/init...
[   15.098739] init: Parsing file /system/etc/init/aconfigd.rc...
[   15.118398] init: Parsing file /system/etc/init/android.system.suspend-service.rc...
[   15.144177] init: Parsing file /system/etc/init/apexd.rc...
[   15.160679] init: Parsing file /system/etc/init/atrace.rc...
[   15.180681] init: Parsing file /system/etc/init/audioserver.rc...
[   15.202641] init: Parsing file /system/etc/init/blank_screen.rc...
[   15.222077] init: Parsing file /system/etc/init/bootanim.rc...
[   15.240252] init: Parsing file /system/etc/init/bootstat.rc...
[   15.258504] init: Parsing file /system/etc/init/cameraserver.rc...
[   15.277047] init: Parsing file /system/etc/init/cppreopts.rc...
[   15.293464] init: Parsing file /system/etc/init/credstore.rc...
[   15.314485] init: Parsing file /system/etc/init/dmesgd.rc...
[   15.331773] init: Parsing file /system/etc/init/drmserver.rc...
[   15.348399] init: Parsing file /system/etc/init/dumpstate.rc...
[   15.364135] init: Parsing file /system/etc/init/flags_health_check.rc...
[   15.381972] init: Parsing file /system/etc/init/gatekeeperd.rc...
[   15.398708] init: Parsing file /system/etc/init/gpuservice.rc...
[   15.423143] init: Parsing file /system/etc/init/gsid.rc...
[   15.443326] init: Parsing file /system/etc/init/heapprofd.rc...
[   15.467458] init: Parsing file /system/etc/init/idmap2d.rc...
[   15.485464] init: Parsing file /system/etc/init/incidentd.rc...
[   15.500710] init: Parsing file /system/etc/init/init-mmd-prop.rc...
[   15.518603] init: Parsing file /system/etc/init/installd.rc...
[   15.534786] init: Parsing file /system/etc/init/kcmdlinectrl.rc...
[   15.551094] init: Parsing file /system/etc/init/keystore2.rc...
[   15.568425] init: Parsing file /system/etc/init/llkd.rc...
[   15.585225] init: Parsing file /system/etc/init/lmkd.rc...
[   15.605298] init: Parsing file /system/etc/init/logd.rc...
[   15.622851] init: Parsing file /system/etc/init/lpdumpd.rc...
[   15.641026] init: Parsing file /system/etc/init/mdnsd.rc...
[   15.658405] init: Parsing file /system/etc/init/mediaextractor.rc...
[   15.680363] init: Parsing file /system/etc/init/mediametrics.rc...
[   15.700490] init: Parsing file /system/etc/init/mediaserver.rc...
[   15.719330] init: Parsing file /system/etc/init/misctrl.rc...
[   15.736440] init: Parsing file /system/etc/init/mtectrl.rc...
[   15.756383] init: Parsing file /system/etc/init/ndk_translation.rc...
[   15.779578] init: Parsing file /system/etc/init/netbpfload.rc...
[   15.804568] init: Parsing file /system/etc/init/netd.rc...
[   15.827457] init: Parsing file /system/etc/init/odsign.rc...
[   15.846080] init: Parsing file /system/etc/init/otapreopt.rc...
[   15.865567] init: Parsing file /system/etc/init/perfetto.rc...
[   15.889637] init: Parsing file /system/etc/init/prefetch.rc...
[   15.911039] init: Parsing file /system/etc/init/prng_seeder.rc...
[   15.953269] init: Parsing file /system/etc/init/recovery-persist.rc...
[   15.974385] init: Parsing file /system/etc/init/recovery-refresh.rc...
[   15.998868] init: Parsing file /system/etc/init/rss_hwm_reset.rc...
[   16.018748] init: Parsing file /system/etc/init/servicemanager.rc...
[   16.038654] init: Parsing file /system/etc/init/simpleperf.rc...
[   16.056821] init: Parsing file /system/etc/init/snapuserd.rc...
[   16.078437] init: Parsing file /system/etc/init/storaged.rc...
[   16.097922] init: Parsing file /system/etc/init/surfaceflinger.rc...
[   16.118707] init: Parsing file /system/etc/init/tombstoned.rc...
[   16.139837] init: Parsing file /system/etc/init/traced_perf.rc...
[   16.166497] init: Parsing file /system/etc/init/tradeinmode.rc...
[   16.187912] init: Parsing file /system/etc/init/uncrypt.rc...
[   16.207879] init: Parsing file /system/etc/init/update_engine.rc...
[   16.229121] init: Parsing file /system/etc/init/update_verifier.rc...
[   16.260564] init: Parsing file /system/etc/init/usbd.rc...
[   16.281558] init: Parsing file /system/etc/init/virtual_camera.hal.rc...
[   16.319502] init: Parsing file /system/etc/init/vold.rc...
[   16.338365] init: Parsing file /system/etc/init/wifi.rc...
[   16.366066] init: Parsing file /system/etc/init/wificond.rc...
[   16.388121] init: Parsing directory /system_ext/etc/init...
[   16.404765] init: Parsing file /system_ext/etc/init/android.hidl.allocator@1.0-service.rc...
[   16.432124] init: Parsing file /system_ext/etc/init/hwservicemanager.rc...
[   16.451595] init: Parsing file /system_ext/etc/init/init.system_ext.radio.rc...
[   16.474187] init: Parsing file /system_ext/etc/init/init.system_ext.rc...
[   16.495779] init: Parsing directory /vendor/etc/init...
[   16.510233] init: Parsing file /vendor/etc/init/android.hardware.audio.service.rc...
[   16.546537] init: Parsing file /vendor/etc/init/android.hardware.biometrics.fingerprint-service.ranchu.rc...
[   16.831145] init: Parsing file /vendor/etc/init/android.hardware.camera.provider.ranchu.rc...
[   16.893515] init: Parsing file /vendor/etc/init/android.hardware.camera.provider@2.7-service-google.rc...
[   16.932316] init: Parsing file /vendor/etc/init/android.hardware.drm-service-lazy.clearkey.rc...
[   16.964498] init: Parsing file /vendor/etc/init/android.hardware.gnss-service.ranchu.rc...
[   16.994139] init: Parsing file /vendor/etc/init/android.hardware.graphics.allocator-service.ranchu.rc...
[   17.032389] init: Parsing file /vendor/etc/init/android.hardware.health-service.example.rc...
[   17.061394] init: Parsing file /vendor/etc/init/android.hardware.media.c2@1.0-service-goldfish.rc...
[   17.092259] init: Parsing file /vendor/etc/init/android.hardware.radio.ranchu.rc...
[   17.118342] init: Parsing file /vendor/etc/init/android.hardware.security.keymint-service.rc...
[   17.148252] init: Parsing file /vendor/etc/init/android.hardware.sensors-service-multihal.rc...
[   17.179922] init: Parsing file /vendor/etc/init/android.hardware.usb-service.example.rc...
[   17.209192] init: Parsing file /vendor/etc/init/android.hardware.wifi-service.rc...
[   17.235596] init: Parsing file /vendor/etc/init/bluetooth-service-default.rc...
[   17.262258] init: Parsing file /vendor/etc/init/boringssl_self_test.rc...
[   17.282145] init: Added '/vendor/etc/boringssl_self_test.zygote64.rc' to import list
[   17.306787] init: Parsing file /vendor/etc/boringssl_self_test.zygote64.rc...
[   17.327511] init: Parsing file /vendor/etc/init/health-storage-default.rc...
[   17.347876] init: Parsing file /vendor/etc/init/hostapd.android.rc...
[   17.368698] init: Parsing file /vendor/etc/init/hwc3.rc...
[   17.384894] init: Parsing file /vendor/etc/init/identity-default.rc...
[   17.403259] init: Parsing file /vendor/etc/init/lights-default.rc...
[   17.424438] init: Parsing file /odm/etc/init...
[   17.437840] init: Unable to read config file '/odm/etc/init': open() failed: No such file or directory
[   17.467118] init: Parsing file /product/etc/init...
[   17.482408] init: Unable to read config file '/product/etc/init': open() failed: No such file or directory
[   17.540890] init: processing action (SetupCgroups) from (<Builtin Action>:0)
[   17.784425] libprocessgroup: Using system/app isolation under: /sys/fs/cgroup
[   17.917205] init: Command 'SetupCgroups' action=SetupCgroups (<Builtin Action>:0) took 352ms and succeeded
[   18.011102] init: processing action (SetKptrRestrict) from (<Builtin Action>:0)
[   18.039028] init: processing action (TestPerfEventSelinux) from (<Builtin Action>:0)
[   18.069135] init: processing action (early-init) from (/system/etc/init/hw/init.rc:15)
[   18.109514] init: starting service 'ueventd'...
[   18.157190] libprocessgroup: A JoinCgroup action in the SystemMemoryProcess profile is used for controller memory in the cgroup v2 hierarchy and will be ignored
[   18.213214] init: ... started service 'ueventd' has pid 95
[   18.245325] init: Command 'start ueventd' action=early-init (/system/etc/init/hw/init.rc:73) took 137ms and succeeded
[   18.291961] ueventd: ueventd started!
[   18.292842] init: starting service 'apexd-bootstrap'...
[   18.334903] selinux: SELinux: Loaded file context from:
[   18.354179] selinux: 		/system/etc/selinux/plat_file_contexts
[   18.376254] selinux: 		/system_ext/etc/selinux/system_ext_file_contexts
[   18.401232] selinux: 		/product/etc/selinux/product_file_contexts
[   18.421776] selinux: 		/vendor/etc/selinux/vendor_file_contexts
[   18.441607] selinux: 		/odm/etc/selinux/odm_file_contexts
[   18.465402] ueventd: Parsing file /system/etc/ueventd.rc...
[   18.484338] ueventd: Added '/vendor/etc/ueventd.rc' to import list
[   18.485719] init: ... started service 'apexd-bootstrap' has pid 96
[   18.506881] ueventd: Added '/odm/etc/ueventd.rc' to import list
[   18.527663] init: SVC_EXEC service 'apexd-bootstrap' pid 96 (uid 0 gid 1000+0 context default) started; waiting...
[   18.548580] ueventd: Parsing file /vendor/etc/ueventd.rc...
[   18.582125] init: Command 'exec_start apexd-bootstrap' action=early-init (/system/etc/init/hw/init.rc:81) took 298ms and succeeded
[   18.600558] ueventd: Parsing file /odm/etc/ueventd.rc...
[   18.663634] ueventd: Unable to read config file '/odm/etc/ueventd.rc': open() failed: No such file or directory
[   18.835530] apexd: Started. subcommand = --bootstrap
[   18.877458] apexd-bootstrap: Scanning /odm/apex for pre-installed ApexFiles
[   18.903576] apexd-bootstrap: /odm/apex does not exist. Skipping
[   18.924055] apexd-bootstrap: Scanning /vendor/apex for pre-installed ApexFiles
[   18.924149] ueventd: Coldboot took 0.226 seconds
[   18.946649] apexd-bootstrap: Found pre-installed APEX /vendor/apex/com.android.hardware.authsecret.apex
[   18.987117] apexd-bootstrap: Found pre-installed APEX /vendor/apex/com.android.hardware.cas.apex
[   19.012295] apexd-bootstrap: Found pre-installed APEX /vendor/apex/com.android.hardware.contexthub.apex
[   19.039123] apexd-bootstrap: Found pre-installed APEX /vendor/apex/com.android.hardware.dumpstate.apex
[   19.064616] apexd-bootstrap: Found pre-installed APEX /vendor/apex/com.android.hardware.gatekeeper.nonsecure.apex
[   19.093560] apexd-bootstrap: Found pre-installed APEX /vendor/apex/com.android.hardware.neuralnetworks.apex
[   19.125856] apexd-bootstrap: Found pre-installed APEX /vendor/apex/com.android.hardware.power.apex
[   19.149095] apexd-bootstrap: Found pre-installed APEX /vendor/apex/com.android.hardware.rebootescrow.apex
[   19.175220] apexd-bootstrap: Found pre-installed APEX /vendor/apex/com.android.hardware.thermal.apex
[   19.198049] apexd-bootstrap: Found pre-installed APEX /vendor/apex/com.android.hardware.threadnetwork-simulation-rcp.apex
[   19.228939] apexd-bootstrap: Found pre-installed APEX /vendor/apex/com.android.hardware.uwb.apex
[   19.259009] apexd-bootstrap: Found pre-installed APEX /vendor/apex/com.android.hardware.vibrator.apex
[   19.282194] apexd-bootstrap: Found pre-installed APEX /vendor/apex/com.google.android.widevine-13130248.apex
[   19.306918] apexd-bootstrap: Scanning /product/apex for pre-installed ApexFiles
[   19.325564] apexd-bootstrap: /product/apex does not exist. Skipping
[   19.342304] apexd-bootstrap: Scanning /system_ext/apex for pre-installed ApexFiles
[   19.363356] apexd-bootstrap: Found pre-installed APEX /system_ext/apex/com.android.compos.apex
[   19.386198] apexd-bootstrap: Scanning /system/apex for pre-installed ApexFiles
[   19.405017] apexd-bootstrap: Found pre-installed APEX /system/apex/com.android.apex.cts.shim.apex
[   19.425763] apexd-bootstrap: Found pre-installed APEX /system/apex/com.android.devicelock.apex
[   19.445406] apexd-bootstrap: Found pre-installed APEX /system/apex/com.android.i18n.apex
[   19.463932] apexd-bootstrap: Found pre-installed APEX /system/apex/com.android.runtime.apex
[   19.483175] apexd-bootstrap: Found pre-installed APEX /system/apex/com.android.virt.apex
[   19.501918] apexd-bootstrap: Found pre-installed APEX /system/apex/com.google.android.adbd.apex
[   19.522753] apexd-bootstrap: Found pre-installed APEX /system/apex/com.google.android.adservices.apex
[   19.546062] apexd-bootstrap: Found pre-installed APEX /system/apex/com.google.android.appsearch.apex
[   19.567100] apexd-bootstrap: Found pre-installed APEX /system/apex/com.google.android.art.apex
[   19.587898] apexd-bootstrap: Found pre-installed APEX /system/apex/com.google.android.bt.apex
[   19.606528] apexd-bootstrap: Found pre-installed APEX /system/apex/com.google.android.cellbroadcast.apex
[   19.627116] apexd-bootstrap: Found pre-installed APEX /system/apex/com.google.android.configinfrastructure.apex
[   19.650526] apexd-bootstrap: Found pre-installed APEX /system/apex/com.google.android.conscrypt.apex
[   19.670605] apexd-bootstrap: Found pre-installed APEX /system/apex/com.google.android.crashrecovery.apex
[   19.692378] apexd-bootstrap: Found pre-installed APEX /system/apex/com.google.android.extservices.apex
[   19.712776] apexd-bootstrap: Found pre-installed APEX /system/apex/com.google.android.healthfitness.apex
[   19.733230] apexd-bootstrap: Found pre-installed APEX /system/apex/com.google.android.ipsec.apex
[   19.754776] apexd-bootstrap: Found pre-installed APEX /system/apex/com.google.android.media.apex
[   19.774400] apexd-bootstrap: Found pre-installed APEX /system/apex/com.google.android.media.swcodec.apex
[   19.794732] apexd-bootstrap: Found pre-installed APEX /system/apex/com.google.android.mediaprovider.apex
[   19.815441] apexd-bootstrap: Found pre-installed APEX /system/apex/com.google.android.neuralnetworks.apex
[   19.836791] apexd-bootstrap: Found pre-installed APEX /system/apex/com.google.android.nfcservices.apex
[   19.857548] apexd-bootstrap: Found pre-installed APEX /system/apex/com.google.android.ondevicepersonalization.apex
[   19.880080] apexd-bootstrap: Found pre-installed APEX /system/apex/com.google.android.os.statsd.apex
[   19.899904] apexd-bootstrap: Found pre-installed APEX /system/apex/com.google.android.permission.apex
[   19.922654] apexd-bootstrap: Found pre-installed APEX /system/apex/com.google.android.profiling.apex
[   19.943519] apexd-bootstrap: Found pre-installed APEX /system/apex/com.google.android.resolv.apex
[   19.963370] apexd-bootstrap: Found pre-installed APEX /system/apex/com.google.android.rkpd.apex
[   19.982977] apexd-bootstrap: Found pre-installed APEX /system/apex/com.google.android.scheduling.apex
[   20.003923] apexd-bootstrap: Found pre-installed APEX /system/apex/com.google.android.sdkext.apex
[   20.024467] apexd-bootstrap: Found pre-installed APEX /system/apex/com.google.android.tethering.apex
[   20.045259] apexd-bootstrap: Found pre-installed APEX /system/apex/com.google.android.tzdata6.apex
[   20.066774] apexd-bootstrap: Found pre-installed APEX /system/apex/com.google.android.uprobestats.apex
[   20.087729] apexd-bootstrap: Found pre-installed APEX /system/apex/com.google.android.uwb.apex
[   20.107738] apexd-bootstrap: Found pre-installed APEX /system/apex/com.google.android.wifi.apex
[   20.191246] apexd-bootstrap: Found bootstrap APEX /system/apex/com.android.runtime.apex
[   20.213391] apexd-bootstrap: Found bootstrap APEX /system/apex/com.google.android.tzdata6.apex
[   20.234848] apexd-bootstrap: Found bootstrap APEX /vendor/apex/com.android.hardware.gatekeeper.nonsecure.apex
[   20.259669] apexd-bootstrap: Found bootstrap APEX /system/apex/com.android.virt.apex
[   20.278607] apexd-bootstrap: Found bootstrap APEX /system/apex/com.android.i18n.apex
[   20.297824] apexd-bootstrap: Need to pre-allocate 54 loop devices
[   20.338838] apexd-bootstrap: Found 16 idle loopback devices that were pre-allocated by kernel. Allocated 38 more.
[   20.429754] apexd-bootstrap: Fallback to buffered I/O for /system/apex/com.android.runtime.apex
[   20.451936] loop0: detected capacity change from 0 to 9808
[   20.468022] apexd-bootstrap: Fallback to buffered I/O for /system/apex/com.google.android.tzdata6.apex
[   20.491450] loop1: detected capacity change from 0 to 1672
[   20.510441] apexd-bootstrap: Fallback to buffered I/O for /vendor/apex/com.android.hardware.gatekeeper.nonsecure.apex
[   20.518455] EXT4-fs (loop1): mounted filesystem 7d1522e1-9dfa-5edb-a43e-98e3a4d20250 ro without journal. Quota mode: none.
[   20.536998] loop2: detected capacity change from 0 to 8800
[   20.546005] EXT4-fs (loop0): mounted filesystem 7d1522e1-9dfa-5edb-a43e-98e3a4d20250 ro without journal. Quota mode: none.
[   20.546179] apexd-bootstrap: Successfully mounted package /system/apex/com.android.runtime.apex on /apex/com.android.runtime@1 duration=117
[   20.568683] apexd-bootstrap: Successfully mounted package /system/apex/com.google.android.tzdata6.apex on /apex/com.android.tzdata@360527520 duration=139
[   20.587103] apexd-bootstrap: Fallback to buffered I/O for /system/apex/com.android.virt.apex
[   20.623597] EXT4-fs (loop2): mounted filesystem 7d1522e1-9dfa-5edb-a43e-98e3a4d20250 ro without journal. Quota mode: none.
[   20.653745] loop3: detected capacity change from 0 to 174464
[   20.693754] apexd-bootstrap: Successfully mounted package /vendor/apex/com.android.hardware.gatekeeper.nonsecure.apex on /apex/com.android.hardware.gatekeeper@1 duration=263
[   20.743635] apexd-bootstrap: Fallback to buffered I/O for /system/apex/com.android.i18n.apex
[   20.787896] EXT4-fs (loop3): mounted filesystem 7d1522e1-9dfa-5edb-a43e-98e3a4d20250 ro without journal. Quota mode: none.
[   20.805933] loop4: detected capacity change from 0 to 73480
[   20.858374] apexd-bootstrap: Successfully mounted package /system/apex/com.android.virt.apex on /apex/com.android.virt@3 duration=406
[   20.894541] EXT4-fs (loop4): mounted filesystem 7d1522e1-9dfa-5edb-a43e-98e3a4d20250 ro without journal. Quota mode: none.
[   21.010179] apexd-bootstrap: Successfully mounted package /system/apex/com.android.i18n.apex on /apex/com.android.i18n@1 duration=558
[   21.048592] apexd-bootstrap: Activated 5 packages.
[   21.066347] SELinux: SELinux: Loaded file context from:
[   21.079540] SELinux: 		/system/etc/selinux/plat_file_contexts
[   21.095555] SELinux: 		/system_ext/etc/selinux/system_ext_file_contexts
[   21.113899] SELinux: 		/product/etc/selinux/product_file_contexts
[   21.130274] SELinux: 		/vendor/etc/selinux/vendor_file_contexts
[   21.146964] SELinux: 		/odm/etc/selinux/odm_file_contexts
[   21.166832] apexd-bootstrap: OnBootstrap done, duration=2289
[   21.185410] init: Service 'apexd-bootstrap' (pid 96) exited with status 0 waiting took 2.830000 seconds
[   21.209817] init: Sending signal 9 to service 'apexd-bootstrap' (pid 96) process group...
[   21.231593] libprocessgroup: Removed cgroup /sys/fs/cgroup/system/uid_0/pid_96
[   21.265140] init: Parsing file /apex/com.android.hardware.gatekeeper/etc/android.hardware.gatekeeper-service.nonsecure.rc...
[   21.295437] init: Parsing file /apex/com.android.virt/etc/vfio_handler.rc...
[   21.316601] init: Parsing file /apex/com.android.virt/etc/virtualizationservice.rc...
[   21.338781] init: Parsing file /apex/com.android.virt/etc/vmnic.rc...
[   21.457208] init: linkerconfig generated /linkerconfig with mounted APEX modules info
[   21.479566] init: Command 'perform_apex_config --bootstrap' action=early-init (/system/etc/init/hw/init.rc:82) took 228ms and succeeded
[   21.516588] init: processing action (early-init) from (/init.environ.rc:2)
[   21.543452] init: processing action (early-init) from (/vendor/etc/init/hw/init.ranchu.rc:11)
[   21.568221] init: Command 'setprop ro.config.low_ram ${ro.boot.config.low_ram}' action=early-init (/vendor/etc/init/hw/init.ranchu.rc:15) took 0ms and failed: property 'ro.boot.config.low_ram' doesn't exist while expanding '${ro.boot.config.low_ram}'
[   21.641206] init: Command 'setprop dalvik.vm.checkjni ${ro.boot.dalvik.vm.checkjni}' action=early-init (/vendor/etc/init/hw/init.ranchu.rc:21) took 0ms and failed: property 'ro.boot.dalvik.vm.checkjni' doesn't exist while expanding '${ro.boot.dalvik.vm.checkjni}'
[   21.711882] init: Command 'setprop debug.stagefright.ccodec ${ro.boot.debug.stagefright.ccodec}' action=early-init (/vendor/etc/init/hw/init.ranchu.rc:31) took 0ms and failed: property 'ro.boot.debug.stagefright.ccodec' doesn't exist while expanding '${ro.boot.debug.stagefright.ccodec}'
[   21.786885] init: Command 'setprop debug.sf.nobootanimation ${ro.boot.debug.sf.nobootanimation}' action=early-init (/vendor/etc/init/hw/init.ranchu.rc:32) took 0ms and failed: property 'ro.boot.debug.sf.nobootanimation' doesn't exist while expanding '${ro.boot.debug.sf.nobootanimation}'
[   21.853811] init: Command 'setprop debug.angle.feature_overrides_enabled ${ro.boot.hardware.angle_feature_overrides_enabled}' action=early-init (/vendor/etc/init/hw/init.ranchu.rc:33) took 0ms and failed: property 'ro.boot.hardware.angle_feature_overrides_enabled' doesn't exist while expanding '${ro.boot.hardware.angle_feature_overrides_enabled}'
[   21.933397] init: Command 'setprop debug.angle.feature_overrides_disabled ${ro.boot.hardware.angle_feature_overrides_disabled}' action=early-init (/vendor/etc/init/hw/init.ranchu.rc:34) took 0ms and failed: property 'ro.boot.hardware.angle_feature_overrides_disabled' doesn't exist while expanding '${ro.boot.hardware.angle_feature_overrides_disabled}'
[   22.033487] init: starting service 'vendor.dlkm_loader'...
[   22.068958] init: ... started service 'vendor.dlkm_loader' has pid 211
[   22.088483] init: Command 'start vendor.dlkm_loader' action=early-init (/vendor/etc/init/hw/init.ranchu.rc:37) took 55ms and succeeded
[   22.127457] init: starting service 'exec 1 (/system/bin/modprobe -a -d /system/lib/modules zram.ko)'...
[   22.159336] dlkm_loader: dlkm loader successfully initialized
[   22.203256] dlkm_loader: Loading module /system/lib/modules/rfkill.ko with args ''
[   22.232809] init: ... started service 'exec 1 (/system/bin/modprobe -a -d /system/lib/modules zram.ko)' has pid 212
[   22.276997] init: SVC_EXEC service 'exec 1 (/system/bin/modprobe -a -d /system/lib/modules zram.ko)' pid 212 (uid 0 gid 0+0 context u:r:modprobe:s0) started; waiting...
[   22.334923] init: Command 'exec u:r:modprobe:s0 -- /system/bin/modprobe -a -d /system/lib/modules zram.ko' action=early-init (/vendor/etc/init/hw/init.ranchu.rc:38) took 209ms and succeeded
[   22.409450] dlkm_loader: Loaded kernel module /system/lib/modules/rfkill.ko
[   22.435393] dlkm_loader: Loading module /system/lib/modules/bluetooth.ko with args ''
[   22.482504] zram: Added device: zram0
[   22.500873] init: Service 'exec 1 (/system/bin/modprobe -a -d /system/lib/modules zram.ko)' (pid 212) exited with status 0 waiting took 0.334000 seconds
[   22.552669] init: Sending signal 9 to service 'exec 1 (/system/bin/modprobe -a -d /system/lib/modules zram.ko)' (pid 212) process group...
[   22.598077] libprocessgroup: Removed cgroup /sys/fs/cgroup/system/uid_0/pid_212
[   22.624016] init: processing action (ro.enable.native.bridge.exec=1 && early-init) from (/system/etc/init/ndk_translation.rc:2)
[   22.626202] Bluetooth: Core ver 2.22
[   22.665564] init: processing action (early-init) from (/system/etc/init/prng_seeder.rc:5)
[   22.696580] NET: Registered PF_BLUETOOTH protocol family
[   22.750944] Bluetooth: HCI device and connection manager initialized
[   22.751248] init: starting service 'prng_seeder'...
[   22.771307] Bluetooth: HCI socket layer initialized
[   22.771314] Bluetooth: L2CAP socket layer initialized
[   22.771353] Bluetooth: SCO socket layer initialized
[   22.772901] dlkm_loader: Loaded kernel module /system/lib/modules/bluetooth.ko
[   22.772954] dlkm_loader: Loading module /vendor/lib/modules/btintel.ko with args ''
[   22.930350] init: Created socket '/dev/socket/prng_seeder', mode 666, user 1092, group 1092
[   22.967069] dlkm_loader: Loaded kernel module /vendor/lib/modules/btintel.ko
[   22.990487] dlkm_loader: Loading module /vendor/lib/modules/btrtl.ko with args ''
[   23.022280] dlkm_loader: Loaded kernel module /vendor/lib/modules/btrtl.ko
[   23.047459] dlkm_loader: Loading module /system/lib/modules/btbcm.ko with args ''
[   23.086016] dlkm_loader: Loaded kernel module /system/lib/modules/btbcm.ko
[   23.110170] dlkm_loader: Loading module /vendor/lib/modules/btusb.ko with args ''
[   23.114897] init: ... started service 'prng_seeder' has pid 216
[   23.163664] init: Command 'start prng_seeder' action=early-init (/system/etc/init/prng_seeder.rc:6) took 432ms and succeeded
[   23.206223] init: processing action (ro.product.cpu.abilist64=* && early-init) from (/vendor/etc/boringssl_self_test.zygote64.rc:1)
[   23.254946] usbcore: registered new interface driver btusb
[   23.262537] init: starting service 'boringssl_self_test64_vendor'...
[   23.298399] dlkm_loader: Loaded kernel module /vendor/lib/modules/btusb.ko
[   23.325142] dlkm_loader: Loading module /vendor/lib/modules/cfg80211.ko with args ''
[   23.372830] init: ... started service 'boringssl_self_test64_vendor' has pid 217
[   23.407214] init: SVC_EXEC service 'boringssl_self_test64_vendor' pid 217 (uid 0 gid 0+0 context default) started; waiting...
[   23.443818] init: Command 'exec_start boringssl_self_test64_vendor' action=ro.product.cpu.abilist64=* && early-init (/vendor/etc/boringssl_self_test.zygote64.rc:2) took 188ms and succeeded
[   23.624848] init: Service 'boringssl_self_test64_vendor' (pid 217) exited with status 0 waiting took 0.327000 seconds
[   23.668550] init: Sending signal 9 to service 'boringssl_self_test64_vendor' (pid 217) process group...
[   23.707110] libprocessgroup: Removed cgroup /sys/fs/cgroup/system/uid_0/pid_217
[   23.740569] init: processing action (ConnectEarlyStageSnapuserd) from (<Builtin Action>:0)
[   23.771345] init: processing action (wait_for_coldboot_done) from (<Builtin Action>:0)
[   23.804748] init: start_waiting_for_property("ro.cold_boot_done", "true"): already set
[   23.844480] init: processing action (CheckTradeInModeStatus) from (<Builtin Action>:0)
[   23.895819] init: processing action (SetMmapRndBits) from (<Builtin Action>:0)
[   23.921988] init: processing action (KeychordInit) from (<Builtin Action>:0)
[   23.949919] init: EVIOCSMASK not supported: Invalid argument
[   23.970445] init: processing action (init) from (/system/etc/init/hw/init.rc:103)
[   24.053792] init: Command 'write /dev/blkio/blkio.weight 1000' action=init (/system/etc/init/hw/init.rc:204) took 0ms and failed: Unable to write to file '/dev/blkio/blkio.weight': open() failed: Permission denied
[   24.130746] init: Command 'write /dev/blkio/background/blkio.weight 200' action=init (/system/etc/init/hw/init.rc:205) took 0ms and failed: Unable to write to file '/dev/blkio/background/blkio.weight': open() failed: Permission denied
[   24.227132] init: Command 'write /dev/blkio/blkio.group_idle 0' action=init (/system/etc/init/hw/init.rc:207) took 0ms and failed: Unable to write to file '/dev/blkio/blkio.group_idle': open() failed: Permission denied
[   24.302561] init: Command 'write /dev/blkio/background/blkio.group_idle 0' action=init (/system/etc/init/hw/init.rc:208) took 0ms and failed: Unable to write to file '/dev/blkio/background/blkio.group_idle': open() failed: Permission denied
[   24.526811] init: Command 'write /dev/cpu_variant:${ro.bionic.arch} ${ro.bionic.cpu_variant}' action=init (/system/etc/init/hw/init.rc:421) took 0ms and failed: property 'ro.bionic.cpu_variant' doesn't exist while expanding '${ro.bionic.cpu_variant}'
[   24.683761] init: Command 'write /dev/cpu_variant:${ro.bionic.2nd_arch} ${ro.bionic.2nd_cpu_variant}' action=init (/system/etc/init/hw/init.rc:423) took 0ms and failed: property 'ro.bionic.2nd_arch' doesn't exist while expanding '/dev/cpu_variant:${ro.bionic.2nd_arch}'
[   24.768578] init: Command 'chmod 0444 /dev/cpu_variant:${ro.bionic.2nd_arch}' action=init (/system/etc/init/hw/init.rc:424) took 0ms and failed: property 'ro.bionic.2nd_arch' doesn't exist while expanding '/dev/cpu_variant:${ro.bionic.2nd_arch}'
[   24.857467] init: starting service 'logd'...
[   24.874537] init: Created socket '/dev/socket/logd', mode 666, user 1036, group 1036
[   24.902835] init: Created socket '/dev/socket/logdr', mode 666, user 1036, group 1036
[   24.931911] init: Created socket '/dev/socket/logdw', mode 222, user 1036, group 1036
[   25.093031] cfg80211: Loading compiled-in X.509 certificates for regulatory database
[   25.115688] Loaded X.509 cert 'sforshee: 00b28ddf47aef9cea7'
[   25.134323] init: ... started service 'logd' has pid 218
[   25.135525] Loaded X.509 cert 'wens: 61c038651aabdcf94bd0ac7ff06c7248db18c600'
[   25.151934] init: Command 'start logd' action=init (/system/etc/init/hw/init.rc:437) took 296ms and succeeded
[   25.176513] platform regulatory.0: Direct firmware load for regulatory.db failed with error -2
[   25.177582] logd: libprocessgroup: A JoinCgroup action in the SystemMemoryProcess profile is used for controller memory in the cgroup v2 hierarchy and will be ignored
[   25.208021] logd.auditd: start
[   25.216872] init: starting service 'lmkd'...
[   25.217188] init: Created socket '/dev/socket/lmkd', mode 660, user 1000, group 1000
[   25.233170] dlkm_loader: Loaded kernel module /vendor/lib/modules/cfg80211.ko
[   25.233197] cfg80211: failed to load regulatory.db
[   25.279201] init: ... started service 'lmkd' has pid 223
[   25.288726] dlkm_loader: Loading module /vendor/lib/modules/dummy-cpufreq.ko with args ''
[   25.304075] init: Command 'start lmkd' action=init (/system/etc/init/hw/init.rc:444) took 88ms and succeeded
[   25.394972] logd: Loaded bug_map file: /system_ext/etc/selinux/bug_map
[   25.407804] init: starting service 'servicemanager'...
[   25.424779] logd: Loaded bug_map file: /vendor/etc/selinux/selinux_denial_metadata
[   25.518999] logd: Loaded bug_map file: /system/etc/selinux/bug_map
[   25.544608] dlkm_loader: Loaded kernel module /vendor/lib/modules/dummy-cpufreq.ko
[   25.565499] dlkm_loader: Loading module /vendor/lib/modules/dummy_hcd.ko with args ''
[   25.583599] init: ... started service 'servicemanager' has pid 225
[   25.604129] init: Command 'start servicemanager' action=init (/system/etc/init/hw/init.rc:447) took 202ms and succeeded
[   25.619621] servicemanager: Starting sm instance on /dev/binder
[   25.651152] init: starting service 'hwservicemanager'...
[   25.651318] dummy_hcd dummy_hcd.0: USB Host+Gadget Emulator, driver 02 May 2005
[   25.670169] SELinux: SELinux: Loaded service context from:
[   25.688548] dummy_hcd dummy_hcd.0: Dummy host controller
[   25.688555] dummy_hcd dummy_hcd.0: new USB bus registered, assigned bus number 1
[   25.688649] usb usb1: New USB device found, idVendor=1d6b, idProduct=0002, bcdDevice= 6.06
[   25.704799] SELinux: 		/system/etc/selinux/plat_service_contexts
[   25.705298] init: ... started service 'hwservicemanager' has pid 236
[   25.705567] init: Command 'start hwservicemanager' action=init (/system/etc/init/hw/init.rc:448) took 70ms and succeeded
[   25.706548] init: Command 'start vndservicemanager' action=init (/system/etc/init/hw/init.rc:449) took 0ms and failed: service vndservicemanager not found
[   25.715070] init: processing action (init) from (/system/etc/init/hw/init.usb.rc:28)
[   25.718669] usb usb1: New USB device strings: Mfr=3, Product=2, SerialNumber=1
[   25.718674] usb usb1: Product: Dummy host controller
[   25.718677] usb usb1: Manufacturer: Linux 6.6.66-android15-8-gb66429556fb8-ab13070261 dummy_hcd
[   25.718679] usb usb1: SerialNumber: dummy_hcd.0
[   25.721397] hub 1-0:1.0: USB hub found
[   25.721453] init: processing action (init) from (/vendor/etc/init/hw/init.ranchu.rc:40)
[   25.739048] SELinux: 		/system_ext/etc/selinux/system_ext_service_contexts
[   25.764554] hub 1-0:1.0: 1 port detected
[   25.777480] init: starting service 'qemu-props'...
[   25.782529] SELinux: 		/product/etc/selinux/product_service_contexts
[   25.838906] dlkm_loader: Loaded kernel module /vendor/lib/modules/dummy_hcd.ko
[   25.883263] SELinux: 		/vendor/etc/selinux/vendor_service_contexts
[   25.902338] init: ... started service 'qemu-props' has pid 237
[   25.902660] init: Command 'start qemu-props' action=init (/vendor/etc/init/hw/init.ranchu.rc:67) took 131ms and succeeded
[   25.910378] dlkm_loader: Loading module /vendor/lib/modules/failover.ko with args ''
[   25.933915] SELinux: 		/odm/etc/selinux/odm_service_contexts
[   25.947516] init: processing action (ro.product.cpu.abilist64=* && init) from (/system/etc/init/hw/init.boringssl.zygote64.rc:1)
[   25.947826] init: starting service 'boringssl_self_test64'...
[   26.098690] dlkm_loader: Loaded kernel module /vendor/lib/modules/failover.ko
[   26.343621] dlkm_loader: Loading module /vendor/lib/modules/goldfish_address_space.ko with args ''
[   26.374237] goldfish_address_space: loading out-of-tree module taints kernel.
[   26.402485] init: ... started service 'boringssl_self_test64' has pid 238
[   26.427116] init: SVC_EXEC service 'boringssl_self_test64' pid 238 (uid 9999 gid 0+0 context default) started; waiting...
[   26.461675] dlkm_loader: Loaded kernel module /vendor/lib/modules/goldfish_address_space.ko
[   26.461743] init: Command 'exec_start boringssl_self_test64' action=ro.product.cpu.abilist64=* && init (/system/etc/init/hw/init.boringssl.zygote64.rc:2) took 514ms and succeeded
[   26.491670] dlkm_loader: Loading module /vendor/lib/modules/goldfish_battery.ko with args ''
[   26.541262] init: Service 'boringssl_self_test64' (pid 238) exited with status 0 waiting took 0.568000 seconds
[   26.585894] init: Sending signal 9 to service 'boringssl_self_test64' (pid 238) process group...
[   26.610939] dlkm_loader: Loaded kernel module /vendor/lib/modules/goldfish_battery.ko
[   26.613642] libprocessgroup: Removed cgroup /sys/fs/cgroup/system/uid_9999/pid_238
[   26.633205] dlkm_loader: Loading module /vendor/lib/modules/goldfish_pipe.ko with args ''
[   26.667718] init: processing action (init) from (/system/etc/init/audioserver.rc:66)
[   26.696523] init: processing action (init) from (/system/etc/init/perfetto.rc:162)
[   26.717006] dlkm_loader: Loaded kernel module /vendor/lib/modules/goldfish_pipe.ko
[   26.736808] dlkm_loader: Loading module /vendor/lib/modules/goldfish_sync.ko with args ''
[   26.757709] init: processing action (late-init) from (/system/etc/init/hw/init.rc:501)
[   26.784340] dlkm_loader: Loaded kernel module /vendor/lib/modules/goldfish_sync.ko
[   26.784388] init: processing action (late-init) from (/system/etc/init/atrace.rc:3)
[   26.802541] dlkm_loader: Loading module /system/lib/modules/can-dev.ko with args ''
[   26.845877] CAN device driver interface
[   26.856305] dlkm_loader: Loaded kernel module /system/lib/modules/can-dev.ko
[   26.878639] dlkm_loader: Loading module /vendor/lib/modules/gs_usb.ko with args ''
[   26.911257] usbcore: registered new interface driver gs_usb
[   26.929834] dlkm_loader: Loaded kernel module /vendor/lib/modules/gs_usb.ko
[   26.957998] dlkm_loader: Loading module /vendor/lib/modules/hci_vhci.ko with args ''
[   26.990566] dlkm_loader: Loaded kernel module /vendor/lib/modules/hci_vhci.ko
[   27.015680] dlkm_loader: Loading module /system/lib/modules/libarc4.ko with args ''
[   27.046588] dlkm_loader: Loaded kernel module /system/lib/modules/libarc4.ko
[   27.074732] dlkm_loader: Loading module /vendor/lib/modules/mac80211.ko with args ''
[   27.122784] init: Command 'copy /system/etc/ftrace_synthetic_events.conf /sys/kernel/debug/tracing/synthetic_events' action=late-init (/system/etc/init/atrace.rc:297) took 0ms and failed: Could not write to output file '/sys/kernel/debug/tracing/synthetic_events': open() failed: No such file or directory
[   27.222230] init: processing action (ro.boot.fastboot.boottrace= && late-init) from (/system/etc/init/atrace.rc:315)
[   27.285283] init: processing action (queue_property_triggers) from (<Builtin Action>:0)
[   27.311016] init: processing action (early-fs) from (/system/etc/init/hw/init.rc:535)
[   27.374774] init: starting service 'vold'...
[   27.879232] init: ... started service 'vold' has pid 241
[   27.898759] init: Command 'start vold' action=early-fs (/system/etc/init/hw/init.rc:537) took 553ms and succeeded
[   27.980620] init: processing action (early-fs) from (/vendor/etc/init/hw/init.ranchu.rc:1)
[   28.005956] init: service 'vold' requested start, but it is already running (flags: 2052)
[   28.032529] init: processing action (fs) from (/vendor/etc/init/hw/init.ranchu.rc:4)
[   28.062896] init: processing action (fs) from (/system/etc/init/logd.rc:29)
[   28.089542] init: processing action (fs) from (/system/etc/init/wifi.rc:25)
[   28.161315] init: processing action (post-fs) from (/system/etc/init/hw/init.rc:539)
[   28.190991] init: starting service 'exec 2 (/system/bin/vdc checkpoint markBootAttempt)'...
[   28.224961] init: ... started service 'exec 2 (/system/bin/vdc checkpoint markBootAttempt)' has pid 242
[   28.265631] init: SVC_EXEC service 'exec 2 (/system/bin/vdc checkpoint markBootAttempt)' pid 242 (uid 1000 gid 1000+0 context default) started; waiting...
[   28.382172] init: Command 'exec - system system -- /system/bin/vdc checkpoint markBootAttempt' action=post-fs (/system/etc/init/hw/init.rc:540) took 191ms and succeeded
[   28.493286] cutils-trace: Error opening trace file: No such file or directory (2)
[   29.051378] vold: Thread Pool max thread count is 0. Cannot cache binder as linkToDeath cannot be implemented. serviceName: vold
[   29.104182] servicemanager: getDeviceHalManifest: Reading VINTF information.
[   29.116002] init: Service 'exec 2 (/system/bin/vdc checkpoint markBootAttempt)' (pid 242) exited with status 0 waiting took 0.894000 seconds
[   29.155395] servicemanager: Loaded APEX Infos from /bootstrap-apex/apex-info-list.xml
[   29.158033] servicemanager: Loaded APEX Infos from /bootstrap-apex/apex-info-list.xml
[   29.158077] servicemanager: getDeviceHalManifest: Successfully processed VINTF information
[   29.158098] servicemanager: getFrameworkHalManifest: Reading VINTF information.
[   29.159750] servicemanager: Loaded APEX Infos from /bootstrap-apex/apex-info-list.xml
[   29.159836] servicemanager: getFrameworkHalManifest: Successfully processed VINTF information
[   29.160241] servicemanager: Caller(pid=241,uid=0,sid=u:r:vold:s0) Found android.system.vold.IVold/default in framework VINTF manifest.
[   29.160742] servicemanager: Caller(pid=241,uid=0,sid=u:r:vold:s0) Found android.system.vold.IVold/default in framework VINTF manifest.
[   29.562697] init: Sending signal 9 to service 'exec 2 (/system/bin/vdc checkpoint markBootAttempt)' (pid 242) process group...
[   29.600763] libprocessgroup: Removed cgroup /sys/fs/cgroup/system/uid_1000/pid_242
[   29.639475] init: Command 'chown system cache /cache' action=post-fs (/system/etc/init/hw/init.rc:555) took 0ms and failed: lchown() failed: Read-only file system
[   29.697899] init: Command 'chmod 0770 /cache' action=post-fs (/system/etc/init/hw/init.rc:556) took 0ms and failed: fchmodat() failed: Read-only file system
[   29.744264] selinux: SELinux:  setxattr failed: /cache:  Read-only file system
[   29.768955] init: Command 'mkdir /cache/recovery 0770 system cache' action=post-fs (/system/etc/init/hw/init.rc:562) took 0ms and failed: mkdir() failed on /cache/recovery: Read-only file system
[   29.842196] init: Command 'mkdir /cache/backup_stage 0700 system system' action=post-fs (/system/etc/init/hw/init.rc:565) took 0ms and failed: mkdir() failed on /cache/backup_stage: Read-only file system
[   29.916049] init: Command 'mkdir /cache/backup 0700 system system' action=post-fs (/system/etc/init/hw/init.rc:566) took 0ms and failed: mkdir() failed on /cache/backup: Read-only file system
[   30.018802] init: Command 'mkdir /cache/lost+found 0770 root root' action=post-fs (/system/etc/init/hw/init.rc:593) took 0ms and failed: mkdir() failed on /cache/lost+found: Read-only file system
[   30.082926] EXT4-fs error (device vdd1): ext4_xattr_block_get:596: inode #2: comm init: corrupted xattr block 1290: invalid header
[   30.134453] selinux: SELinux: Skipping restorecon on directory(/metadata/ota)
[   30.164574] selinux: SELinux: Skipping restorecon on directory(/metadata/prefetch)
[   30.195765] EXT4-fs error (device vdd1): ext4_xattr_block_get:596: inode #11: comm init: corrupted xattr block 1291: invalid header
[   30.246961] selinux: SELinux: Skipping restorecon on directory(/metadata/tradeinmode)
[   30.281071] selinux: SELinux: Skipping restorecon on directory(/metadata/password_slots)
[   30.322852] selinux: SELinux: Skipping restorecon on directory(/metadata/staged-install)
[   30.354486] selinux: SELinux: Skipping restorecon on directory(/metadata/watchdog)
[   30.382806] selinux: SELinux: Skipping restorecon on directory(/metadata/apex)
[   30.408215] selinux: SELinux: Skipping restorecon on directory(/metadata/gsi)
[   30.432627] selinux: SELinux: Skipping restorecon on directory(/metadata/aconfig)
[   30.458912] selinux: SELinux: Skipping restorecon on directory(/metadata/bootstat)
[   30.485918] selinux: SELinux: Skipping restorecon on directory(/metadata/vold)
[   30.508213] EXT4-fs error (device vdd1): ext4_xattr_get_block:2322: inode #2: comm init: corrupted xattr block 1290: invalid header
[   30.567777] selinux: SELinux:  setxattr failed: /metadata:  Structure needs cleaning
[   30.593677] EXT4-fs error (device vdd1): ext4_xattr_get_block:2322: inode #11: comm init: corrupted xattr block 1291: invalid header
[   30.632097] selinux: SELinux:  setxattr failed: /metadata/lost+found:  Structure needs cleaning
[   30.663463] init: Command 'restorecon_recursive /metadata' action=post-fs (/system/etc/init/hw/init.rc:595) took 582ms and succeeded
[   30.706373] init: Command 'mkdir /metadata/ota/snapshots 0750 root system' action=post-fs (/system/etc/init/hw/init.rc:601) took 0ms and failed: lstat() failed on /metadata/ota/snapshots: Structure needs cleaning
[   30.766073] selinux: SELinux: Skipping restorecon on directory(/metadata/apex)
[   30.786741] init: processing action (post-fs) from (/system/etc/init/aconfigd.rc:26)
[   30.811132] init: starting service 'system_aconfigd_platform_init'...
[   30.893067] dlkm_loader: Loaded kernel module /vendor/lib/modules/mac80211.ko
[   30.915665] dlkm_loader: Loading module /vendor/lib/modules/mac80211_hwsim.ko with args 'radios=0
[   30.944806] dlkm_loader: '
[   30.958278] init: ... started service 'system_aconfigd_platform_init' has pid 249
[   30.981796] init: SVC_EXEC service 'system_aconfigd_platform_init' pid 249 (uid 1000 gid 1000+0 context default) started; waiting...
[   31.017498] init: Command 'exec_start system_aconfigd_platform_init' action=post-fs (/system/etc/init/aconfigd.rc:31) took 207ms and succeeded
[   31.052862] mac80211_hwsim: initializing netlink
[   31.075809] dlkm_loader: Loaded kernel module /vendor/lib/modules/mac80211_hwsim.ko
[   31.097582] dlkm_loader: Loading module /vendor/lib/modules/mt76.ko with args ''
[   31.129810] dlkm_loader: Loaded kernel module /vendor/lib/modules/mt76.ko
[   31.155656] dlkm_loader: Loading module /vendor/lib/modules/mt76-usb.ko with args ''
[   31.185302] dlkm_loader: Loaded kernel module /vendor/lib/modules/mt76-usb.ko
[   31.207866] EXT4-fs error (device vdd1): ext4_xattr_block_get:596: inode #2: comm aconfigd-system: corrupted xattr block 1290: invalid header
[   31.208840] dlkm_loader: Loading module /vendor/lib/modules/mt76x02-lib.ko with args ''
[   31.244577] EXT4-fs error (device vdd1): ext4_xattr_block_get:596: inode #2: comm aconfigd-system: corrupted xattr block 1290: invalid header
[   31.387571] dlkm_loader: Loaded kernel module /vendor/lib/modules/mt76x02-lib.ko
[   31.398141] EXT4-fs error (device vdd1): ext4_xattr_block_get:596: inode #2: comm aconfigd-system: corrupted xattr block 1290: invalid header
[   31.412335] dlkm_loader: Loading module /vendor/lib/modules/mt76x0-common.ko with args ''
[   31.455184] EXT4-fs error (device vdd1): ext4_xattr_block_get:596: inode #2: comm aconfigd-system: corrupted xattr block 1290: invalid header
[   31.535874] init: Service 'system_aconfigd_platform_init' (pid 249) exited with status 1 waiting took 0.703000 seconds
[   31.569898] dlkm_loader: Loaded kernel module /vendor/lib/modules/mt76x0-common.ko
[   31.573292] init: Sending signal 9 to service 'system_aconfigd_platform_init' (pid 249) process group...
[   31.597005] dlkm_loader: Loading module /vendor/lib/modules/mt76x02-usb.ko with args ''
[   31.650680] libprocessgroup: Removed cgroup /sys/fs/cgroup/system/uid_1000/pid_249
[   31.791115] init: processing action (post-fs) from (/system/etc/init/gsid.rc:8)
[   31.971962] init: processing action (post-fs) from (/system/etc/init/recovery-refresh.rc:1)
[   32.069391] init: starting service 'exec 3 (/system/bin/recovery-refresh)'...
[   32.128177] dlkm_loader: Loaded kernel module /vendor/lib/modules/mt76x02-usb.ko
[   32.131112] init: ... started service 'exec 3 (/system/bin/recovery-refresh)' has pid 250
[   32.158672] dlkm_loader: Loading module /vendor/lib/modules/mt76x0u.ko with args ''
[   32.185667] init: Command 'exec_background - system log -- /system/bin/recovery-refresh' action=post-fs (/system/etc/init/recovery-refresh.rc:2) took 116ms and succeeded
[   32.367271] init: processing action (late-fs) from (/system/etc/init/hw/init.rc:617)
[   32.404251] usbcore: registered new interface driver mt76x0u
[   32.411340] init: starting service 'system_suspend'...
[   32.445727] dlkm_loader: Loaded kernel module /vendor/lib/modules/mt76x0u.ko
[   32.445956] dlkm_loader: Loading module /vendor/lib/modules/mt76x2-common.ko with args ''
[   32.504597] dlkm_loader: Loaded kernel module /vendor/lib/modules/mt76x2-common.ko
[   32.527298] dlkm_loader: Loading module /vendor/lib/modules/mt76x2u.ko with args ''
[   32.559599] usbcore: registered new interface driver mt76x2u
[   32.577680] dlkm_loader: Loaded kernel module /vendor/lib/modules/mt76x2u.ko
[   32.598517] dlkm_loader: Loading module /vendor/lib/modules/nd_virtio.ko with args ''
[   32.622676] dlkm_loader: Loaded kernel module /vendor/lib/modules/nd_virtio.ko
[   32.644335] dlkm_loader: Loading module /vendor/lib/modules/net_failover.ko with args ''
[   32.670492] dlkm_loader: Loaded kernel module /vendor/lib/modules/net_failover.ko
[   32.698797] dlkm_loader: Loading module /vendor/lib/modules/pulse8-cec.ko with args ''
[   32.699022] init: ... started service 'system_suspend' has pid 251
[   32.751347] init: starting service 'keystore2'...
[   32.789463] servicemanager: Caller(pid=251,uid=1000,sid=u:r:system_suspend:s0) Found android.system.suspend.ISystemSuspend/default in framework VINTF manifest.
[   32.842451] dlkm_loader: Loaded kernel module /vendor/lib/modules/pulse8-cec.ko
[   32.878405] dlkm_loader: Loading module /vendor/lib/modules/rtc-test.ko with args ''
[   32.894487] init: ... started service 'keystore2' has pid 254
[   32.927448] rtc-test rtc-test.0: registered as rtc1
[   32.929262] init: starting service 'vendor.keymint-default'...
[   32.942671] rtc-test rtc-test.1: registered as rtc2
[   32.979093] rtc-test rtc-test.2: registered as rtc3
[   32.996201] dlkm_loader: Loaded kernel module /vendor/lib/modules/rtc-test.ko
[   33.024490] dlkm_loader: module snd_aloop is blocklisted
[   33.049431] dlkm_loader: LoadWithAliases was unable to load snd_aloop, tried: snd_aloop
[   33.072226] init: ... started service 'vendor.keymint-default' has pid 255
[   33.078214] dlkm_loader: Loading module /vendor/lib/modules/system_heap.ko with args ''
[   33.111914] init: starting service 'vendor.gatekeeper_nonsecure'...
[   33.157662] dlkm_loader: Loaded kernel module /vendor/lib/modules/system_heap.ko
[   33.184374] dlkm_loader: Loading module /vendor/lib/modules/test_meminit.ko with args ''
[   33.260946] init: ... started service 'vendor.gatekeeper_nonsecure' has pid 256
[   33.273553] test_meminit: all 11 tests in test_pages passed
[   33.290955] init: Command 'class_start early_hal' action=late-fs (/system/etc/init/hw/init.rc:624) took 888ms and succeeded
[   33.331249] test_meminit: all 40 tests in test_kvmalloc passed
[   33.354395] init: Service 'exec 3 (/system/bin/recovery-refresh)' (pid 250) exited with status 254 oneshot service took 1.242000 seconds in background
[   33.354421] init: Sending signal 9 to service 'exec 3 (/system/bin/recovery-refresh)' (pid 250) process group...
[   33.385646] libprocessgroup: Removed cgroup /sys/fs/cgroup/system/uid_1000/pid_250
[   33.472698] servicemanager: Caller(pid=255,uid=9999,sid=u:r:hal_keymint_default:s0) Found android.hardware.security.keymint.IKeyMintDevice/default in device VINTF manifest.
[   33.502402] init: processing action (late-fs) from (/system/etc/init/hw/init.rc:631)
[   33.558514] servicemanager: Caller(pid=255,uid=9999,sid=u:r:hal_keymint_default:s0) Found android.hardware.security.secureclock.ISecureClock/default in device VINTF manifest.
[   33.601611] init: processing action (late-fs) from (/vendor/etc/init/hw/init.ranchu.rc:7)
[   33.671229] servicemanager: Caller(pid=255,uid=9999,sid=u:r:hal_keymint_default:s0) Found android.hardware.security.sharedsecret.ISharedSecret/default in device VINTF manifest.
[   33.742068] init: [libfs_mgr] Invalid ext4 superblock on '/dev/block/vdc'
[   33.751245] servicemanager: Caller(pid=255,uid=9999,sid=u:r:hal_keymint_default:s0) Found android.hardware.security.keymint.IRemotelyProvisionedComponent/default in device VINTF manifest.
[   33.766910] init: [libfs_mgr] mount_with_alternatives(): skipping mount due to invalid magic, mountpoint=/data blk_dev=/dev/block/vdc rec[9].fs_type=ext4
[   33.871048] init: Calling: /system/bin/vdc cryptfs mountFstab /dev/block/vdc /data false 
[   33.923766] vdc: Thread Pool max thread count is 0. Cannot cache binder as linkToDeath cannot be implemented. serviceName: vold
[   33.959491] vold: Failed to create /metadata/vold/metadata_encryption: Structure needs cleaning
[   33.990802] vold: read_key failed in mountFstab
[   34.005618] vdc: Command: cryptfs mountFstab /dev/block/vdc /data false  Failed: Status(-8, EX_SERVICE_SPECIFIC): '0: '
[   34.018359] test_meminit: all 70 tests in test_kmemcache passed
[   34.037974] vdc: vdc terminated by exit(25)
[   34.055640] test_meminit: all 10 tests in test_rcu_persistent passed
[   34.067315] vdc: 
[   34.067496] init: vdc call failed with error code: 25
[   34.079493] servicemanager: Caller(pid=256,uid=1000,sid=u:r:hal_gatekeeper_default:s0) Found android.hardware.security.sharedsecret.ISharedSecret/gatekeeper in device VINTF manifest.
[   34.081811] servicemanager: Caller(pid=256,uid=1000,sid=u:r:hal_gatekeeper_default:s0) Found android.hardware.gatekeeper.IGatekeeper/default in device VINTF manifest.
[   34.093194] test_meminit: all 131 tests passed!
[   34.116260] servicemanager: Caller(pid=254,uid=1017,sid=u:r:keystore:s0) Found android.system.keystore2.IKeystoreService/default in framework VINTF manifest.
[   34.155258] init: Command 'mount_all /vendor/etc/fstab.ranchu --late' action=late-fs (/vendor/etc/init/hw/init.ranchu.rc:9) took 471ms and failed: queue_fs_event() failed: Invalid code: -1
[   34.155756] init: processing action (post-fs-data) from (/system/etc/init/hw/init.rc:645)
[   34.156156] init: starting service 'exec 4 (/system/bin/vdc checkpoint prepareCheckpoint)'...
[   34.206249] dlkm_loader: Loaded kernel module /vendor/lib/modules/test_meminit.ko
[   34.206528] dlkm_loader: Loading module /vendor/lib/modules/usbip-core.ko with args ''
[   34.407298] dlkm_loader: Loaded kernel module /vendor/lib/modules/usbip-core.ko
[   34.431901] dlkm_loader: Loading module /vendor/lib/modules/v4l2loopback.ko with args ''
[   34.459201] v4l2loopback driver version 0.12.7 loaded
[   34.474165] init: ... started service 'exec 4 (/system/bin/vdc checkpoint prepareCheckpoint)' has pid 265
[   34.475034] dlkm_loader: Loaded kernel module /vendor/lib/modules/v4l2loopback.ko
[   34.503494] init: SVC_EXEC service 'exec 4 (/system/bin/vdc checkpoint prepareCheckpoint)' pid 265 (uid 1000 gid 1000+0 context default) started; waiting...
[   34.525398] dlkm_loader: Loading module /vendor/lib/modules/vhci-hcd.ko with args ''
[   34.567438] init: Command 'exec - system system -- /system/bin/vdc checkpoint prepareCheckpoint' action=post-fs-data (/system/etc/init/hw/init.rc:648) took 411ms and succeeded
[   34.633538] init: Service 'exec 4 (/system/bin/vdc checkpoint prepareCheckpoint)' (pid 265) exited with status 0 waiting took 0.473000 seconds
[   34.670337] init: Sending signal 9 to service 'exec 4 (/system/bin/vdc checkpoint prepareCheckpoint)' (pid 265) process group...
[   34.670573] vhci_hcd vhci_hcd.0: USB/IP Virtual Host Controller
[   34.729555] vhci_hcd vhci_hcd.0: new USB bus registered, assigned bus number 2
[   34.730857] libprocessgroup: Removed cgroup /sys/fs/cgroup/system/uid_1000/pid_265
[   34.752243] vhci_hcd: created sysfs vhci_hcd.0
[   34.774546] init: Command 'chown system system /data' action=post-fs-data (/system/etc/init/hw/init.rc:651) took 0ms and failed: lchown() failed: Read-only file system
[   34.790280] usb usb2: New USB device found, idVendor=1d6b, idProduct=0002, bcdDevice= 6.06
[   34.827160] init: Command 'chmod 0771 /data' action=post-fs-data (/system/etc/init/hw/init.rc:652) took 0ms and failed: fchmodat() failed: Read-only file system
[   34.851872] usb usb2: New USB device strings: Mfr=3, Product=2, SerialNumber=1
[   34.891104] init: Command 'installkey /data' action=post-fs-data (/system/etc/init/hw/init.rc:657) took 0ms and failed: Failed to create /data/unencrypted: Read-only file system
[   34.908734] usb usb2: Product: USB/IP Virtual Host Controller
[   34.908739] usb usb2: Manufacturer: Linux 6.6.66-android15-8-gb66429556fb8-ab13070261 vhci_hcd
[   34.908742] usb usb2: SerialNumber: vhci_hcd.0
[   34.909164] hub 2-0:1.0: USB hub found
[   34.985761] init: Command 'mkdir /data/bootchart 0755 shell shell encryption=Require' action=post-fs-data (/system/etc/init/hw/init.rc:661) took 6ms and failed: mkdir() failed on /data/bootchart: Read-only file system
[   35.006776] hub 2-0:1.0: 8 ports detected
[   35.022258] init: Command 'copy /data/system/entropy.dat /dev/urandom' action=post-fs-data (/system/etc/init/hw/init.rc:665) took 0ms and failed: Could not read input file '/data/system/entropy.dat': open() failed: No such file or directory
[   35.042174] vhci_hcd vhci_hcd.0: USB/IP Virtual Host Controller
[   35.085148] init: Command 'mkdir /data/vendor 0771 root root encryption=Require' action=post-fs-data (/system/etc/init/hw/init.rc:667) took 0ms and failed: mkdir() failed on /data/vendor: Read-only file system
[   35.093932] vhci_hcd vhci_hcd.0: new USB bus registered, assigned bus number 3
[   35.150189] init: Command 'mkdir /data/anr 0775 system system encryption=Require' action=post-fs-data (/system/etc/init/hw/init.rc:671) took 0ms and failed: mkdir() failed on /data/anr: Read-only file system
[   35.163046] usb usb3: We don't know the algorithms for LPM for this host, disabling LPM.
[   35.209717] init: Command 'mkdir /data/tombstones 0775 system system encryption=Require' action=post-fs-data (/system/etc/init/hw/init.rc:672) took 0ms and failed: mkdir() failed on /data/tombstones: Read-only file system
[   35.231301] usb usb3: New USB device found, idVendor=1d6b, idProduct=0003, bcdDevice= 6.06
[   35.278959] init: starting service 'tombstoned'...
[   35.294984] usb usb3: New USB device strings: Mfr=3, Product=2, SerialNumber=1
[   35.342353] init: Created socket '/dev/socket/tombstoned_crash', mode 666, user 1000, group 1000
[   35.362520] usb usb3: Product: USB/IP Virtual Host Controller
[   35.375556] init: Created socket '/dev/socket/tombstoned_intercept', mode 666, user 1000, group 1000
[   35.391647] usb usb3: Manufacturer: Linux 6.6.66-android15-8-gb66429556fb8-ab13070261 vhci_hcd
[   35.414812] init: Created socket '/dev/socket/tombstoned_java_trace', mode 666, user 1000, group 1000
[   35.429371] usb usb3: SerialNumber: vhci_hcd.0
[   35.506722] hub 3-0:1.0: USB hub found
[   35.516060] hub 3-0:1.0: 8 ports detected
[   35.528125] dlkm_loader: Loaded kernel module /vendor/lib/modules/vhci-hcd.ko
[   35.545203] dlkm_loader: Loading module /vendor/lib/modules/virt_wifi.ko with args ''
[   35.566643] dlkm_loader: Loaded kernel module /vendor/lib/modules/virt_wifi.ko
[   35.575605] init: ... started service 'tombstoned' has pid 268
[   35.587796] dlkm_loader: Loading module /vendor/lib/modules/virtio-gpu.ko with args ''
[   35.605233] init: Command 'start tombstoned' action=post-fs-data (/system/etc/init/hw/init.rc:675) took 326ms and succeeded
[   35.654330] init: Service 'tombstoned' (pid 268) exited with status 1
[   35.669114] init: Sending signal 9 to service 'tombstoned' (pid 268) process group...
[   35.687716] libprocessgroup: Removed cgroup /sys/fs/cgroup/system/uid_1058/pid_268
[   35.706812] dlkm_loader: Loaded kernel module /vendor/lib/modules/virtio-gpu.ko
[   35.718473] init: Switched to default mount namespace
[   35.726986] dlkm_loader: Loading module /vendor/lib/modules/virtio-media.ko with args ''
[   35.741074] init: Command 'mkdir /data/misc 01771 system misc encryption=Require' action=post-fs-data (/system/etc/init/hw/init.rc:682) took 1ms and failed: mkdir() failed on /data/misc: Read-only file system
[   35.810800] selinux: SELinux: Could not get canonical path for /data/misc/keystore restorecon: No such file or directory.
[   35.810905] dlkm_loader: Loaded kernel module /vendor/lib/modules/virtio-media.ko
[   35.854393] init: starting service 'exec 5 (/system/bin/vdc keymaster earlyBootEnded)'...
[   35.865585] dlkm_loader: Loading module /vendor/lib/modules/virtio_input.ko with args ''
[   35.927739] input: virtio_input_multi_touch_1 as /devices/pci0000:00/0000:00:0e.0/virtio11/input/input3
[   35.957782] input: virtio_input_multi_touch_2 as /devices/pci0000:00/0000:00:0f.0/virtio12/input/input4
[   35.987387] input: virtio_input_multi_touch_3 as /devices/pci0000:00/0000:00:10.0/virtio13/input/input5
[   35.990001] init: ... started service 'exec 5 (/system/bin/vdc keymaster earlyBootEnded)' has pid 269
[   36.040104] init: SVC_EXEC service 'exec 5 (/system/bin/vdc keymaster earlyBootEnded)' pid 269 (uid 1000 gid 1000+0 context default) started; waiting...
[   36.079812] init: Command 'exec - system system -- /system/bin/vdc keymaster earlyBootEnded' action=post-fs-data (/system/etc/init/hw/init.rc:697) took 225ms and succeeded
[   36.132147] input: virtio_input_multi_touch_4 as /devices/pci0000:00/0000:00:11.0/virtio14/input/input6
[   36.171934] input: virtio_input_multi_touch_5 as /devices/pci0000:00/0000:00:12.0/virtio15/input/input7
[   36.208888] input: virtio_input_multi_touch_6 as /devices/pci0000:00/0000:00:13.0/virtio16/input/input8
[   36.219213] type=1400 audit(1786547696.392:4): avc:  denied  { ptrace } for  comm="crash_dump64" scontext=u:r:crash_dump:s0 tcontext=u:r:keystore:s0 tclass=process permissive=0 bug=b/376065666
[   36.234766] binder: release 254:254 transaction 239 in, still active
[   36.280002] type=1400 audit(1786547696.392:5): avc:  denied  { ptrace } for  comm="crash_dump64" scontext=u:r:crash_dump:s0 tcontext=u:r:keystore:s0 tclass=process permissive=0 bug=b/376065666
[   36.296973] binder: send failed reply for transaction 239 to 241:241
[   36.335954] input: virtio_input_multi_touch_7 as /devices/pci0000:00/0000:00:14.0/virtio17/input/input9
[   36.338812] type=1400 audit(1786547696.392:6): avc:  denied  { ptrace } for  comm="crash_dump64" scontext=u:r:crash_dump:s0 tcontext=u:r:keystore:s0 tclass=process permissive=0 bug=b/376065666
[   36.354714] vold: keystore2 Communication with Keystore earlyBootEnded failed error: -129
[   36.377371] type=1400 audit(1786547696.396:7): avc:  denied  { ptrace } for  comm="crash_dump64" scontext=u:r:crash_dump:s0 tcontext=u:r:keystore:s0 tclass=process permissive=0 bug=b/376065666
[   36.425109] input: virtio_input_multi_touch_8 as /devices/pci0000:00/0000:00:15.0/virtio18/input/input10
[   36.439249] type=1400 audit(1786547696.396:8): avc:  denied  { ptrace } for  comm="crash_dump64" scontext=u:r:crash_dump:s0 tcontext=u:r:keystore:s0 tclass=process permissive=0 bug=b/376065666
[   36.549298] type=1400 audit(1786547696.396:9): avc:  denied  { ptrace } for  comm="crash_dump64" scontext=u:r:crash_dump:s0 tcontext=u:r:keystore:s0 tclass=process permissive=0 bug=b/376065666
[   36.565022] input: virtio_input_multi_touch_9 as /devices/pci0000:00/0000:00:16.0/virtio19/input/input11
[   36.591465] type=1400 audit(1786547696.400:10): avc:  denied  { ptrace } for  comm="crash_dump64" scontext=u:r:crash_dump:s0 tcontext=u:r:keystore:s0 tclass=process permissive=0 bug=b/376065666
[   36.656804] type=1400 audit(1786547696.400:11): avc:  denied  { ptrace } for  comm="crash_dump64" scontext=u:r:crash_dump:s0 tcontext=u:r:keystore:s0 tclass=process permissive=0 bug=b/376065666
[   36.702044] input: virtio_input_multi_touch_10 as /devices/pci0000:00/0000:00:17.0/virtio20/input/input12
[   36.732523] input: virtio_input_multi_touch_11 as /devices/pci0000:00/0000:00:18.0/virtio21/input/input13
[   36.760613] input: qwerty2 as /devices/pci0000:00/0000:00:19.0/virtio22/input/input14
[   36.783443] dlkm_loader: Loaded kernel module /vendor/lib/modules/virtio_input.ko
[   36.805173] dlkm_loader: Loading module /vendor/lib/modules/virtio_net.ko with args ''
[   36.834871] dlkm_loader: Loaded kernel module /vendor/lib/modules/virtio_net.ko
[   36.854137] dlkm_loader: Loading module /vendor/lib/modules/virtio_pmem.ko with args ''
[   36.858816] init: Service 'keystore2' (pid 254) received signal 6
[   36.893283] init: Sending signal 9 to service 'keystore2' (pid 254) process group...
[   36.914319] libprocessgroup: Removed cgroup /sys/fs/cgroup/system/uid_1017/pid_254
[   36.914984] dlkm_loader: Loaded kernel module /vendor/lib/modules/virtio_pmem.ko
[   36.951027] init: Service 'exec 5 (/system/bin/vdc keymaster earlyBootEnded)' (pid 269) exited with status 0 waiting took 1.055000 seconds
[   36.959506] dlkm_loader: Loading module /vendor/lib/modules/virtio_snd.ko with args ''
[   36.993048] init: Sending signal 9 to service 'exec 5 (/system/bin/vdc keymaster earlyBootEnded)' (pid 269) process group...
[   37.053727] libprocessgroup: Removed cgroup /sys/fs/cgroup/system/uid_1000/pid_269
[   37.075517] init: Untracked pid 273 exited with status 1
[   37.090110] init: Untracked pid 273 did not have an associated service entry and will not be reaped
[   37.115260] dlkm_loader: Loaded kernel module /vendor/lib/modules/virtio_snd.ko
[   37.115460] dlkm_loader: module vkms is blocklisted
[   37.161104] dlkm_loader: LoadWithAliases was unable to load vkms, tried: vkms
[   37.183076] dlkm_loader: module load count is 44
[   37.472610] init: Service 'vendor.dlkm_loader' (pid 211) exited with status 0 oneshot service took 15.423000 seconds in background
[   37.502598] init: Sending signal 9 to service 'vendor.dlkm_loader' (pid 211) process group...
[   37.526063] libprocessgroup: Removed cgroup /sys/fs/cgroup/system/uid_0/pid_211
[   37.546230] init: Command 'mkdir /data/property 0700 root root encryption=Require' action=post-fs-data (/system/etc/init/hw/init.rc:703) took 0ms and failed: mkdir() failed on /data/property: Read-only file system
[   37.591531] init: Could not load single persistent property file, trying legacy directory: Unable to read persistent property file: open() failed: No such file or directory
[   37.630420] init: Unable to load legacy persistent properties: Unable to open persistent property directory "/data/property": No such file or directory
[   37.668342] init: Wait for property 'ro.persistent_properties.ready=true' took 77ms
[   37.688024] init: service 'logd' requested start, but it is already running (flags: 4)
[   37.708709] init: starting service 'logd-reinit'...
[   37.745213] init: ... started service 'logd-reinit' has pid 274
[   37.768177] init: Command 'start logd-reinit' action=post-fs-data (/system/etc/init/hw/init.rc:707) took 59ms and succeeded
[   37.781188] logd: logd reinit
[   37.810875] init: starting service 'keystore2'...
[   37.819745] logd: FrameworkListener: read() failed (Connection reset by peer)
[   37.852633] init: ... started service 'keystore2' has pid 275
[   37.868183] init: Service 'logd-reinit' (pid 274) exited with status 0 oneshot service took 0.146000 seconds in background
[   37.899632] init: Sending signal 9 to service 'logd-reinit' (pid 274) process group...
[   37.923751] libprocessgroup: Removed cgroup /sys/fs/cgroup/system/uid_1036/pid_274
[   37.948709] servicemanager: Caller(pid=275,uid=1017,sid=u:r:keystore:s0) Found android.system.keystore2.IKeystoreService/default in framework VINTF manifest.
[   37.961775] init: Not setting encryption policy on: /data/apex
[   38.011630] init: Command 'mkdir /data/apex 0755 root system encryption=None' action=post-fs-data (/system/etc/init/hw/init.rc:726) took 49ms and failed: mkdir() failed on /data/apex: Read-only file system
[   38.064703] init: Command 'mkdir /data/app-staging 0751 system system encryption=DeleteIfNecessary' action=post-fs-data (/system/etc/init/hw/init.rc:730) took 0ms and failed: mkdir() failed on /data/app-staging: Read-only file system
[   38.134962] init: starting service 'apexd'...
[   38.208692] init: ... started service 'apexd' has pid 283
[   38.232980] init: Command 'restart apexd' action=post-fs-data (/system/etc/init/hw/init.rc:733) took 98ms and succeeded
[   38.265891] apexd: Started. subcommand = (null)
[   38.271735] init: Command 'copy /data/misc/recovery/ro.build.fingerprint /data/misc/recovery/ro.build.fingerprint.1' action=post-fs-data (/system/etc/init/hw/init.rc:737) took 0ms and failed: Could not read input file '/data/misc/recovery/ro.build.fingerprint': open() failed: No such file or directory
[   38.301952] apexd: Thread Pool max thread count is 0. Cannot cache binder as linkToDeath cannot be implemented. serviceName: vold
[   38.419049] init: Command 'copy /data/misc/recovery/proc/version /data/misc/recovery/proc/version.1' action=post-fs-data (/system/etc/init/hw/init.rc:744) took 2ms and failed: Could not read input file '/data/misc/recovery/proc/version': open() failed: No such file or directory
[   38.446725] init: Command 'copy /proc/version /data/misc/recovery/proc/version' action=post-fs-data (/system/etc/init/hw/init.rc:747) took 0ms and failed: Could not write to output file '/data/misc/recovery/proc/version': open() failed: No such file or directory
[   38.509969] apexd: Scanning /odm/apex for pre-installed ApexFiles
[   38.682879] apexd: /odm/apex does not exist. Skipping
[   38.702388] apexd: Scanning /vendor/apex for pre-installed ApexFiles
[   38.723062] apexd: Found pre-installed APEX /vendor/apex/com.android.hardware.authsecret.apex
[   38.750507] apexd: Found pre-installed APEX /vendor/apex/com.android.hardware.cas.apex
[   38.783552] apexd: Found pre-installed APEX /vendor/apex/com.android.hardware.contexthub.apex
[   38.800397] init: Command 'mkdir /data/local 0751 root root encryption=Require' action=post-fs-data (/system/etc/init/hw/init.rc:783) took 12ms and failed: mkdir() failed on /data/local: Read-only file system
[   38.815666] apexd: Found pre-installed APEX /vendor/apex/com.android.hardware.dumpstate.apex
[   38.910455] apexd: Found pre-installed APEX /vendor/apex/com.android.hardware.gatekeeper.nonsecure.apex
[   38.943944] apexd: Found pre-installed APEX /vendor/apex/com.android.hardware.neuralnetworks.apex
[   38.976654] apexd: Found pre-installed APEX /vendor/apex/com.android.hardware.power.apex
[   39.007012] apexd: Found pre-installed APEX /vendor/apex/com.android.hardware.rebootescrow.apex
[   39.014569] init: starting service 'exec 6 (/bin/rm -rf /data/misc/virtualizationservice)'...
[   39.048466] apexd: Found pre-installed APEX /vendor/apex/com.android.hardware.thermal.apex
[   39.048509] apexd: Found pre-installed APEX /vendor/apex/com.android.hardware.threadnetwork-simulation-rcp.apex
[   39.048560] apexd: Found pre-installed APEX /vendor/apex/com.android.hardware.uwb.apex
[   39.048571] apexd: Found pre-installed APEX /vendor/apex/com.android.hardware.vibrator.apex
[   39.048580] apexd: Found pre-installed APEX /vendor/apex/com.google.android.widevine-13130248.apex
[   39.048591] apexd: Scanning /product/apex for pre-installed ApexFiles
[   39.048619] apexd: /product/apex does not exist. Skipping
[   39.048630] apexd: Scanning /system_ext/apex for pre-installed ApexFiles
[   39.048696] apexd: Found pre-installed APEX /system_ext/apex/com.android.compos.apex
[   39.337139] apexd: Scanning /system/apex for pre-installed ApexFiles
[   39.362053] apexd: Found pre-installed APEX /system/apex/com.android.apex.cts.shim.apex
[   39.387220] apexd: Found pre-installed APEX /system/apex/com.android.devicelock.apex
[   39.413061] apexd: Found pre-installed APEX /system/apex/com.android.i18n.apex
[   39.443248] apexd: Found pre-installed APEX /system/apex/com.android.runtime.apex
[   39.470128] apexd: Found pre-installed APEX /system/apex/com.android.virt.apex
[   39.495637] apexd: Found pre-installed APEX /system/apex/com.google.android.adbd.apex
[   39.522022] apexd: Found pre-installed APEX /system/apex/com.google.android.adservices.apex
[   39.550649] apexd: Found pre-installed APEX /system/apex/com.google.android.appsearch.apex
[   39.578424] apexd: Found pre-installed APEX /system/apex/com.google.android.art.apex
[   39.587343] init: ... started service 'exec 6 (/bin/rm -rf /data/misc/virtualizationservice)' has pid 284
[   39.611095] apexd: Found pre-installed APEX /system/apex/com.google.android.bt.apex
[   39.644022] init: SVC_EXEC service 'exec 6 (/bin/rm -rf /data/misc/virtualizationservice)' pid 284 (uid 1081 gid 1000+0 context default) started; waiting...
[   39.644071] init: Command 'exec - virtualizationservice system -- /bin/rm -rf /data/misc/virtualizationservice' action=post-fs-data (/system/etc/init/hw/init.rc:823) took 629ms and succeeded
[   39.793162] apexd: Found pre-installed APEX /system/apex/com.google.android.cellbroadcast.apex
[   39.829478] apexd: Found pre-installed APEX /system/apex/com.google.android.configinfrastructure.apex
[   39.865991] apexd: Found pre-installed APEX /system/apex/com.google.android.conscrypt.apex
[   39.898618] apexd: Found pre-installed APEX /system/apex/com.google.android.crashrecovery.apex
[   39.931528] apexd: Found pre-installed APEX /system/apex/com.google.android.extservices.apex
[   39.962639] apexd: Found pre-installed APEX /system/apex/com.google.android.healthfitness.apex
[   39.969282] init: Service 'exec 6 (/bin/rm -rf /data/misc/virtualizationservice)' (pid 284) exited with status 0 waiting took 0.881000 seconds
[   39.994667] apexd: Found pre-installed APEX /system/apex/com.google.android.ipsec.apex
[   40.057110] init: Sending signal 9 to service 'exec 6 (/bin/rm -rf /data/misc/virtualizationservice)' (pid 284) process group...
[   40.085589] apexd: Found pre-installed APEX /system/apex/com.google.android.media.apex
[   40.134500] libprocessgroup: Removed cgroup /sys/fs/cgroup/system/uid_1081/pid_284
[   40.149659] apexd: Found pre-installed APEX /system/apex/com.google.android.media.swcodec.apex
[   40.178265] init: Not setting encryption policy on: /data/preloads
[   40.206024] apexd: Found pre-installed APEX /system/apex/com.google.android.mediaprovider.apex
[   40.227392] init: Command 'mkdir /data/preloads 0775 system system encryption=None' action=post-fs-data (/system/etc/init/hw/init.rc:828) took 49ms and failed: mkdir() failed on /data/preloads: Read-only file system
[   40.268491] apexd: Found pre-installed APEX /system/apex/com.google.android.neuralnetworks.apex
[   40.392999] apexd: Found pre-installed APEX /system/apex/com.google.android.nfcservices.apex
[   40.393122] init: Command 'mkdir /data/app-private 0771 system system encryption=Require' action=post-fs-data (/system/etc/init/hw/init.rc:834) took 0ms and failed: mkdir() failed on /data/app-private: Read-only file system
[   40.424416] apexd: Found pre-installed APEX /system/apex/com.google.android.ondevicepersonalization.apex
[   40.424435] apexd: Found pre-installed APEX /system/apex/com.google.android.os.statsd.apex
[   40.424445] apexd: Found pre-installed APEX /system/apex/com.google.android.permission.apex
[   40.424454] apexd: Found pre-installed APEX /system/apex/com.google.android.profiling.apex
[   40.424463] apexd: Found pre-installed APEX /system/apex/com.google.android.resolv.apex
[   40.424472] apexd: Found pre-installed APEX /system/apex/com.google.android.rkpd.apex
[   40.424480] apexd: Found pre-installed APEX /system/apex/com.google.android.scheduling.apex
[   40.424490] apexd: Found pre-installed APEX /system/apex/com.google.android.sdkext.apex
[   40.424498] apexd: Found pre-installed APEX /system/apex/com.google.android.tethering.apex
[   40.424507] apexd: Found pre-installed APEX /system/apex/com.google.android.tzdata6.apex
[   40.424516] apexd: Found pre-installed APEX /system/apex/com.google.android.uprobestats.apex
[   40.424525] apexd: Found pre-installed APEX /system/apex/com.google.android.uwb.apex
[   40.424534] apexd: Found pre-installed APEX /system/apex/com.google.android.wifi.apex
[   40.441822] apexd: Populating APEX database from mounts...
[   40.442241] apexd: 0 packages restored.
[   40.526017] init: starting service 'tombstoned'...
[   40.558693] apexd: Marking APEXd as starting
[   40.587031] init: Created socket '/dev/socket/tombstoned_crash', mode 666, user 1000, group 1000
[   40.662558] apexd: Scanning /metadata/apex/sessions looking for sessions to be activated.
[   40.697107] init: Created socket '/dev/socket/tombstoned_intercept', mode 666, user 1000, group 1000
[   40.732845] apexd: Scanning /data/apex/active for data ApexFiles
[   40.732883] apexd: /data/apex/active does not exist. Skipping
[   40.732930] apexd: Selecting APEX for activation
[   40.733034] apexd: Processing compressed APEX
[   40.733045] apexd: Processing compressed APEX /system/apex/com.google.android.mediaprovider.apex
[   40.733107] apexd: Failed to clean up reserved space: Failed to delete /data/apex/ota_reserved : Can't open /data/apex/ota_reserved for reading : No such file or directory
[   40.733121] apexd: Decompressing/system/apex/com.google.android.mediaprovider.apex to /data/apex/decompressed/com.android.mediaprovider@360527520.decompressed.apex
[   40.733507] apexd: Failed to process compressed APEX: Failed to decompress : /system/apex/com.google.android.mediaprovider.apex Failed to open decompression destination /data/apex/decompressed/com.android.mediaprovider@360527520.decompressed.apex: No such file or directory
[   40.793789] init: Created socket '/dev/socket/tombstoned_java_trace', mode 666, user 1000, group 1000
[   41.772522] apexd: Processing compressed APEX /system/apex/com.google.android.crashrecovery.apex
[   41.802808] apexd: Failed to clean up reserved space: Failed to delete /data/apex/ota_reserved : Can't open /data/apex/ota_reserved for reading : No such file or directory
[   41.854293] apexd: Decompressing/system/apex/com.google.android.crashrecovery.apex to /data/apex/decompressed/com.android.crashrecovery@360527520.decompressed.apex
[   41.903935] apexd: Failed to process compressed APEX: Failed to decompress : /system/apex/com.google.android.crashrecovery.apex Failed to open decompression destination /data/apex/decompressed/com.android.crashrecovery@360527520.decompressed.apex: No such file or directory
[   41.985996] apexd: Processing compressed APEX /system/apex/com.google.android.bt.apex
[   42.020796] apexd: Failed to clean up reserved space: Failed to delete /data/apex/ota_reserved : Can't open /data/apex/ota_reserved for reading : No such file or directory
[   42.084182] apexd: Decompressing/system/apex/com.google.android.bt.apex to /data/apex/decompressed/com.android.bt@360527520.decompressed.apex
[   42.142179] apexd: Failed to process compressed APEX: Failed to decompress : /system/apex/com.google.android.bt.apex Failed to open decompression destination /data/apex/decompressed/com.android.bt@360527520.decompressed.apex: No such file or directory
[   42.163209] init: ... started service 'tombstoned' has pid 285
[   42.227028] apexd: Processing compressed APEX /system/apex/com.google.android.configinfrastructure.apex
[   42.264096] init: Service 'tombstoned' (pid 285) exited with status 1
[   42.314242] apexd: Failed to clean up reserved space: Failed to delete /data/apex/ota_reserved : Can't open /data/apex/ota_reserved for reading : No such file or directory
[   42.391190] init: Sending signal 9 to service 'tombstoned' (pid 285) process group...
[   42.489675] apexd: Decompressing/system/apex/com.google.android.configinfrastructure.apex to /data/apex/decompressed/com.android.configinfrastructure@360527520.decompressed.apex
[   42.490034] apexd: Failed to process compressed APEX: Failed to decompress : /system/apex/com.google.android.configinfrastructure.apex Failed to open decompression destination /data/apex/decompressed/com.android.configinfrastructure@360527520.decompressed.apex: No such file or directory
[   42.490051] apexd: Processing compressed APEX /system/apex/com.google.android.rkpd.apex
[   42.490104] apexd: Failed to clean up reserved space: Failed to delete /data/apex/ota_reserved : Can't open /data/apex/ota_reserved for reading : No such file or directory
[   42.490117] apexd: Decompressing/system/apex/com.google.android.rkpd.apex to /data/apex/decompressed/com.android.rkpd@360527520.decompressed.apex
[   42.490338] apexd: Failed to process compressed APEX: Failed to decompress : /system/apex/com.google.android.rkpd.apex Failed to open decompression destination /data/apex/decompressed/com.android.rkpd@360527520.decompressed.apex: No such file or directory
[   42.490351] apexd: Processing compressed APEX /system/apex/com.google.android.art.apex
[   42.490392] apexd: Failed to clean up reserved space: Failed to delete /data/apex/ota_reserved : Can't open /data/apex/ota_reserved for reading : No such file or directory
[   42.490404] apexd: Decompressing/system/apex/com.google.android.art.apex to /data/apex/decompressed/com.android.art@360527520.decompressed.apex
[   42.490644] apexd: Failed to process compressed APEX: Failed to decompress : /system/apex/com.google.android.art.apex Failed to open decompression destination /data/apex/decompressed/com.android.art@360527520.decompressed.apex: No such file or directory
[   42.490656] apexd: Processing compressed APEX /system/apex/com.google.android.adbd.apex
[   42.490695] apexd: Failed to clean up reserved space: Failed to delete /data/apex/ota_reserved : Can't open /data/apex/ota_reserved for reading : No such file or directory
[   42.490707] apexd: Decompressing/system/apex/com.google.android.adbd.apex to /data/apex/decompressed/com.android.adbd@360527520.decompressed.apex
[   42.490913] apexd: Failed to process compressed APEX: Failed to decompress : /system/apex/com.google.android.adbd.apex Failed to open decompression destination /data/apex/decompressed/com.android.adbd@360527520.decompressed.apex: No such file or directory
[   42.615273] libprocessgroup: Removed cgroup /sys/fs/cgroup/system/uid_1058/pid_285
[   42.641940] init: Command 'mkdir /data/app-ephemeral 0771 system system encryption=Require' action=post-fs-data (/system/etc/init/hw/init.rc:835) took 0ms and failed: mkdir() failed on /data/app-ephemeral: Read-only file system
[   42.707895] apexd: Processing compressed APEX /system/apex/com.google.android.uprobestats.apex
[   42.754560] init: Command 'mkdir /data/app-asec 0700 root root encryption=Require' action=post-fs-data (/system/etc/init/hw/init.rc:836) took 0ms and failed: mkdir() failed on /data/app-asec: Read-only file system
[   42.807029] apexd: Failed to clean up reserved space: Failed to delete /data/apex/ota_reserved : Can't open /data/apex/ota_reserved for reading : No such file or directory
[   42.858193] init: Command 'mkdir /data/app-lib 0771 system system encryption=Require' action=post-fs-data (/system/etc/init/hw/init.rc:837) took 2ms and failed: mkdir() failed on /data/app-lib: Read-only file system
[   42.932045] apexd: Decompressing/system/apex/com.google.android.uprobestats.apex to /data/apex/decompressed/com.android.uprobestats@360527520.decompressed.apex
[   42.961935] init: Command 'mkdir /data/app 0771 system system encryption=Require' action=post-fs-data (/system/etc/init/hw/init.rc:838) took 0ms and failed: mkdir() failed on /data/app: Read-only file system
[   43.009756] apexd: Failed to process compressed APEX: Failed to decompress : /system/apex/com.google.android.uprobestats.apex Failed to open decompression destination /data/apex/decompressed/com.android.uprobestats@360527520.decompressed.apex: No such file or directory
[   43.070217] init: Command 'mkdir /data/app-metadata 0700 system system encryption=Require' action=post-fs-data (/system/etc/init/hw/init.rc:841) took 16ms and failed: mkdir() failed on /data/app-metadata: Read-only file system
[   43.126009] apexd: Processing compressed APEX /system/apex/com.google.android.permission.apex
[   43.126142] apexd: Failed to clean up reserved space: Failed to delete /data/apex/ota_reserved : Can't open /data/apex/ota_reserved for reading : No such file or directory
[   43.126158] apexd: Decompressing/system/apex/com.google.android.permission.apex to /data/apex/decompressed/com.android.permission@360527520.decompressed.apex
[   43.126474] apexd: Failed to process compressed APEX: Failed to decompress : /system/apex/com.google.android.permission.apex Failed to open decompression destination /data/apex/decompressed/com.android.permission@360527520.decompressed.apex: No such file or directory
[   43.126490] apexd: Processing compressed APEX /system/apex/com.google.android.media.swcodec.apex
[   43.126546] apexd: Failed to clean up reserved space: Failed to delete /data/apex/ota_reserved : Can't open /data/apex/ota_reserved for reading : No such file or directory
[   43.126560] apexd: Decompressing/system/apex/com.google.android.media.swcodec.apex to /data/apex/decompressed/com.android.media.swcodec@360527520.decompressed.apex
[   43.126810] apexd: Failed to process compressed APEX: Failed to decompress : /system/apex/com.google.android.media.swcodec.apex Failed to open decompression destination /data/apex/decompressed/com.android.media.swcodec@360527520.decompressed.apex: No such file or directory
[   43.126825] apexd: Processing compressed APEX /system/apex/com.google.android.profiling.apex
[   43.126904] apexd: Failed to clean up reserved space: Failed to delete /data/apex/ota_reserved : Can't open /data/apex/ota_reserved for reading : No such file or directory
[   43.126917] apexd: Decompressing/system/apex/com.google.android.profiling.apex to /data/apex/decompressed/com.android.profiling@360527520.decompressed.apex
[   43.127160] apexd: Failed to process compressed APEX: Failed to decompress : /system/apex/com.google.android.profiling.apex Failed to open decompression destination /data/apex/decompressed/com.android.profiling@360527520.decompressed.apex: No such file or directory
[   43.127176] apexd: Processing compressed APEX /system/apex/com.google.android.adservices.apex
[   43.127229] apexd: Failed to clean up reserved space: Failed to delete /data/apex/ota_reserved : Can't open /data/apex/ota_reserved for reading : No such file or directory
[   43.127243] apexd: Decompressing/system/apex/com.google.android.adservices.apex to /data/apex/decompressed/com.android.adservices@360527520.decompressed.apex
[   43.127482] apexd: Failed to process compressed APEX: Failed to decompress : /system/apex/com.google.android.adservices.apex Failed to open decompression destination /data/apex/decompressed/com.android.adservices@360527520.decompressed.apex: No such file or directory
[   43.127497] apexd: Processing compressed APEX /system/apex/com.google.android.appsearch.apex
[   43.127571] apexd: Failed to clean up reserved space: Failed to delete /data/apex/ota_reserved : Can't open /data/apex/ota_reserved for reading : No such file or directory
[   43.127583] apexd: Decompressing/system/apex/com.google.android.appsearch.apex to /data/apex/decompressed/com.android.appsearch@360527520.decompressed.apex
[   43.127809] apexd: Failed to process compressed APEX: Failed to decompress : /system/apex/com.google.android.appsearch.apex Failed to open decompression destination /data/apex/decompressed/com.android.appsearch@360527520.decompressed.apex: No such file or directory
[   43.127825] apexd: Processing compressed APEX /system/apex/com.google.android.ondevicepersonalization.apex
[   43.127877] apexd: Failed to clean up reserved space: Failed to delete /data/apex/ota_reserved : Can't open /data/apex/ota_reserved for reading : No such file or directory
[   43.127890] apexd: Decompressing/system/apex/com.google.android.ondevicepersonalization.apex to /data/apex/decompressed/com.android.ondevicepersonalization@360527520.decompressed.apex
[   43.128457] apexd: Failed to process compressed APEX: Failed to decompress : /system/apex/com.google.android.ondevicepersonalization.apex Failed to open decompression destination /data/apex/decompressed/com.android.ondevicepersonalization@360527520.decompressed.apex: No such file or directory
[   43.128473] apexd: Processing compressed APEX /system/apex/com.google.android.uwb.apex
[   43.128527] apexd: Failed to clean up reserved space: Failed to delete /data/apex/ota_reserved : Can't open /data/apex/ota_reserved for reading : No such file or directory
[   43.128542] apexd: Decompressing/system/apex/com.google.android.uwb.apex to /data/apex/decompressed/com.android.uwb@360527520.decompressed.apex
[   43.128777] apexd: Failed to process compressed APEX: Failed to decompress : /system/apex/com.google.android.uwb.apex Failed to open decompression destination /data/apex/decompressed/com.android.uwb@360527520.decompressed.apex: No such file or directory
[   43.128789] apexd: Processing compressed APEX /system/apex/com.google.android.neuralnetworks.apex
[   43.128833] apexd: Failed to clean up reserved space: Failed to delete /data/apex/ota_reserved : Can't open /data/apex/ota_reserved for reading : No such file or directory
[   43.128844] apexd: Decompressing/system/apex/com.google.android.neuralnetworks.apex to /data/apex/decompressed/com.android.neuralnetworks@360527520.decompressed.apex
[   43.129044] apexd: Failed to process compressed APEX: Failed to decompress : /system/apex/com.google.android.neuralnetworks.apex Failed to open decompression destination /data/apex/decompressed/com.android.neuralnetworks@360527520.decompressed.apex: No such file or directory
[   43.129056] apexd: Processing compressed APEX /system/apex/com.google.android.cellbroadcast.apex
[   43.129099] apexd: Failed to clean up reserved space: Failed to delete /data/apex/ota_reserved : Can't open /data/apex/ota_reserved for reading : No such file or directory
[   43.129110] apexd: Decompressing/system/apex/com.google.android.cellbroadcast.apex to /data/apex/decompressed/com.android.cellbroadcast@360527520.decompressed.apex
[   43.129313] apexd: Failed to process compressed APEX: Failed to decompress : /system/apex/com.google.android.cellbroadcast.apex Failed to open decompression destination /data/apex/decompressed/com.android.cellbroadcast@360527520.decompressed.apex: No such file or directory
[   43.129325] apexd: Processing compressed APEX /system/apex/com.google.android.healthfitness.apex
[   43.129367] apexd: Failed to clean up reserved space: Failed to delete /data/apex/ota_reserved : Can't open /data/apex/ota_reserved for reading : No such file or directory
[   43.129379] apexd: Decompressing/system/apex/com.google.android.healthfitness.apex to /data/apex/decompressed/com.android.healthfitness@360527520.decompressed.apex
[   43.129598] apexd: Failed to process compressed APEX: Failed to decompress : /system/apex/com.google.android.healthfitness.apex Failed to open decompression destination /data/apex/decompressed/com.android.healthfitness@360527520.decompressed.apex: No such file or directory
[   43.129611] apexd: Processing compressed APEX /system/apex/com.google.android.ipsec.apex
[   43.129655] apexd: Failed to clean up reserved space: Failed to delete /data/apex/ota_reserved : Can't open /data/apex/ota_reserved for reading : No such file or directory
[   43.129668] apexd: Decompressing/system/apex/com.google.android.ipsec.apex to /data/apex/decompressed/com.android.ipsec@360527520.decompressed.apex
[   43.129893] apexd: Failed to process compressed APEX: Failed to decompress : /system/apex/com.google.android.ipsec.apex Failed to open decompression destination /data/apex/decompressed/com.android.ipsec@360527520.decompressed.apex: No such file or directory
[   43.129907] apexd: Processing compressed APEX /system/apex/com.google.android.media.apex
[   43.129956] apexd: Failed to clean up reserved space: Failed to delete /data/apex/ota_reserved : Can't open /data/apex/ota_reserved for reading : No such file or directory
[   43.129969] apexd: Decompressing/system/apex/com.google.android.media.apex to /data/apex/decompressed/com.android.media@360527520.decompressed.apex
[   43.130202] apexd: Failed to process compressed APEX: Failed to decompress : /system/apex/com.google.android.media.apex Failed to open decompression destination /data/apex/decompressed/com.android.media@360527520.decompressed.apex: No such file or directory
[   43.130215] apexd: Processing compressed APEX /system/apex/com.google.android.os.statsd.apex
[   43.130266] apexd: Failed to clean up reserved space: Failed to delete /data/apex/ota_reserved : Can't open /data/apex/ota_reserved for reading : No such file or directory
[   43.130278] apexd: Decompressing/system/apex/com.google.android.os.statsd.apex to /data/apex/decompressed/com.android.os.statsd@360527520.decompressed.apex
[   43.130506] apexd: Failed to process compressed APEX: Failed to decompress : /system/apex/com.google.android.os.statsd.apex Failed to open decompression destination /data/apex/decompressed/com.android.os.statsd@360527520.decompressed.apex: No such file or directory
[   43.130521] apexd: Processing compressed APEX /system/apex/com.google.android.nfcservices.apex
[   43.130572] apexd: Failed to clean up reserved space: Failed to delete /data/apex/ota_reserved : Can't open /data/apex/ota_reserved for reading : No such file or directory
[   43.130585] apexd: Decompressing/system/apex/com.google.android.nfcservices.apex to /data/apex/decompressed/com.android.nfcservices@360527520.decompressed.apex
[   43.130821] apexd: Failed to process compressed APEX: Failed to decompress : /system/apex/com.google.android.nfcservices.apex Failed to open decompression destination /data/apex/decompressed/com.android.nfcservices@360527520.decompressed.apex: No such file or directory
[   43.130865] apexd: Processing compressed APEX /system/apex/com.google.android.extservices.apex
[   43.130916] apexd: Failed to clean up reserved space: Failed to delete /data/apex/ota_reserved : Can't open /data/apex/ota_reserved for reading : No such file or directory
[   43.130929] apexd: Decompressing/system/apex/com.google.android.extservices.apex to /data/apex/decompressed/com.android.extservices@360527523.decompressed.apex
[   43.131167] apexd: Failed to process compressed APEX: Failed to decompress : /system/apex/com.google.android.extservices.apex Failed to open decompression destination /data/apex/decompressed/com.android.extservices@360527523.decompressed.apex: No such file or directory
[   43.131182] apexd: Processing compressed APEX /system/apex/com.google.android.conscrypt.apex
[   43.131235] apexd: Failed to clean up reserved space: Failed to delete /data/apex/ota_reserved : Can't open /data/apex/ota_reserved for reading : No such file or directory
[   43.131249] apexd: Decompressing/system/apex/com.google.android.conscrypt.apex to /data/apex/decompressed/com.android.conscrypt@360527520.decompressed.apex
[   43.131485] apexd: Failed to process compressed APEX: Failed to decompress : /system/apex/com.google.android.conscrypt.apex Failed to open decompression destination /data/apex/decompressed/com.android.conscrypt@360527520.decompressed.apex: No such file or directory
[   43.131500] apexd: Processing compressed APEX /system/apex/com.google.android.resolv.apex
[   43.131551] apexd: Failed to clean up reserved space: Failed to delete /data/apex/ota_reserved : Can't open /data/apex/ota_reserved for reading : No such file or directory
[   43.131587] apexd: Decompressing/system/apex/com.google.android.resolv.apex to /data/apex/decompressed/com.android.resolv@360527520.decompressed.apex
[   43.131828] apexd: Failed to process compressed APEX: Failed to decompress : /system/apex/com.google.android.resolv.apex Failed to open decompression destination /data/apex/decompressed/com.android.resolv@360527520.decompressed.apex: No such file or directory
[   43.131844] apexd: Processing compressed APEX /system/apex/com.google.android.wifi.apex
[   43.131896] apexd: Failed to clean up reserved space: Failed to delete /data/apex/ota_reserved : Can't open /data/apex/ota_reserved for reading : No such file or directory
[   43.131910] apexd: Decompressing/system/apex/com.google.android.wifi.apex to /data/apex/decompressed/com.android.wifi@360519000.decompressed.apex
[   43.132450] apexd: Failed to process compressed APEX: Failed to decompress : /system/apex/com.google.android.wifi.apex Failed to open decompression destination /data/apex/decompressed/com.android.wifi@360519000.decompressed.apex: No such file or directory
[   43.132471] apexd: Processing compressed APEX /system/apex/com.google.android.sdkext.apex
[   43.132521] apexd: Failed to clean up reserved space: Failed to delete /data/apex/ota_reserved : Can't open /data/apex/ota_reserved for reading : No such file or directory
[   43.132534] apexd: Decompressing/system/apex/com.google.android.sdkext.apex to /data/apex/decompressed/com.android.sdkext@360527520.decompressed.apex
[   43.132759] apexd: Failed to process compressed APEX: Failed to decompress : /system/apex/com.google.android.sdkext.apex Failed to open decompression destination /data/apex/decompressed/com.android.sdkext@360527520.decompressed.apex: No such file or directory
[   43.132771] apexd: Processing compressed APEX /system/apex/com.google.android.tethering.apex
[   43.132819] apexd: Failed to clean up reserved space: Failed to delete /data/apex/ota_reserved : Can't open /data/apex/ota_reserved for reading : No such file or directory
[   43.132833] apexd: Decompressing/system/apex/com.google.android.tethering.apex to /data/apex/decompressed/com.android.tethering@360527520.decompressed.apex
[   43.133047] apexd: Failed to process compressed APEX: Failed to decompress : /system/apex/com.google.android.tethering.apex Failed to open decompression destination /data/apex/decompressed/com.android.tethering@360527520.decompressed.apex: No such file or directory
[   43.133061] apexd: Processing compressed APEX /system/apex/com.google.android.scheduling.apex
[   43.133108] apexd: Failed to clean up reserved space: Failed to delete /data/apex/ota_reserved : Can't open /data/apex/ota_reserved for reading : No such file or directory
[   43.133121] apexd: Decompressing/system/apex/com.google.android.scheduling.apex to /data/apex/decompressed/com.android.scheduling@360527520.decompressed.apex
[   43.133344] apexd: Failed to process compressed APEX: Failed to decompress : /system/apex/com.google.android.scheduling.apex Failed to open decompression destination /data/apex/decompressed/com.android.scheduling@360527520.decompressed.apex: No such file or directory
[   43.139073] apexd: Fallback to buffered I/O for /vendor/apex/com.android.hardware.rebootescrow.apex
[   43.139138] loop5: detected capacity change from 0 to 752
[   43.147427] apexd: Fallback to buffered I/O for /vendor/apex/com.android.hardware.thermal.apex
[   43.183299] init: Command 'mkdir /data/fonts/ 0771 root root encryption=Require' action=post-fs-data (/system/etc/init/hw/init.rc:844) took 0ms and failed: mkdir() failed on /data/fonts: Read-only file system
[   43.229788] loop6: detected capacity change from 0 to 792
[   43.242936] EXT4-fs (loop5): mounted filesystem 7d1522e1-9dfa-5edb-a43e-98e3a4d20250 ro without journal. Quota mode: none.
[   43.243356] apexd: Successfully mounted package /vendor/apex/com.android.hardware.rebootescrow.apex on /apex/com.android.hardware.rebootescrow@1 duration=104
[   43.350762] init: Command 'mkdir /data/dalvik-cache 0771 root root encryption=Require' action=post-fs-data (/system/etc/init/hw/init.rc:860) took 7ms and failed: mkdir() failed on /data/dalvik-cache: Read-only file system
[   43.421559] apexd: Fallback to buffered I/O for /vendor/apex/com.android.hardware.dumpstate.apex
[   43.460405] init: Command 'mkdir /data/ota 0771 root root encryption=Require' action=post-fs-data (/system/etc/init/hw/init.rc:862) took 0ms and failed: mkdir() failed on /data/ota: Read-only file system
[   43.460538] EXT4-fs (loop6): mounted filesystem 7d1522e1-9dfa-5edb-a43e-98e3a4d20250 ro without journal. Quota mode: none.
[   43.460665] apexd: Successfully mounted package /vendor/apex/com.android.hardware.thermal.apex on /apex/com.android.hardware.thermal@1 duration=321
[   43.460893] init: Command 'mkdir /data/ota_package 0770 system cache encryption=Require' action=post-fs-data (/system/etc/init/hw/init.rc:866) took 0ms and failed: mkdir() failed on /data/ota_package: Read-only file system
[   43.461343] init: Command 'mkdir /data/resource-cache 0771 system system encryption=Require' action=post-fs-data (/system/etc/init/hw/init.rc:869) took 0ms and failed: mkdir() failed on /data/resource-cache: Read-only file system
[   43.461881] init: Not setting encryption policy on: /data/lost+found
[   43.462195] init: Command 'mkdir /data/lost+found 0770 root root encryption=None' action=post-fs-data (/system/etc/init/hw/init.rc:877) took 0ms and failed: mkdir() failed on /data/lost+found: Read-only file system
[   43.462634] init: Command 'mkdir /data/drm 0770 drm drm encryption=Require' action=post-fs-data (/system/etc/init/hw/init.rc:881) took 0ms and failed: mkdir() failed on /data/drm: Read-only file system
[   43.463077] init: Command 'mkdir /data/mediadrm 0770 mediadrm mediadrm encryption=Require' action=post-fs-data (/system/etc/init/hw/init.rc:885) took 0ms and failed: mkdir() failed on /data/mediadrm: Read-only file system
[   43.463544] init: Command 'mkdir /data/nfc 0770 nfc nfc encryption=Require' action=post-fs-data (/system/etc/init/hw/init.rc:888) took 0ms and failed: mkdir() failed on /data/nfc: Read-only file system
[   43.464599] init: Command 'mkdir /data/backup 0700 system system encryption=Require' action=post-fs-data (/system/etc/init/hw/init.rc:893) took 0ms and failed: mkdir() failed on /data/backup: Read-only file system
[   43.465053] init: Command 'mkdir /data/ss 0700 system system encryption=Require' action=post-fs-data (/system/etc/init/hw/init.rc:894) took 0ms and failed: mkdir() failed on /data/ss: Read-only file system
[   43.465478] init: Command 'mkdir /data/system 0775 system system encryption=Require' action=post-fs-data (/system/etc/init/hw/init.rc:896) took 0ms and failed: mkdir() failed on /data/system: Read-only file system
[   43.466060] selinux: SELinux: Could not get canonical path for /data/system/environ restorecon: No such file or directory.
[   43.467655] selinux: SELinux: Could not get canonical path for /data/system/shutdown-checkpoints restorecon: No such file or directory.
[   43.467843] init: Not setting encryption policy on: /data/media
[   43.468040] init: Command 'mkdir /data/media 0550 media_rw media_rw encryption=None' action=post-fs-data (/system/etc/init/hw/init.rc:921) took 0ms and failed: mkdir() failed on /data/media: Read-only file system
[   43.468193] init: Not setting encryption policy on: /data/misc_ce
[   43.468601] init: Command 'mkdir /data/misc_ce 0551 system misc encryption=None' action=post-fs-data (/system/etc/init/hw/init.rc:922) took 0ms and failed: mkdir() failed on /data/misc_ce: Read-only file system
[   43.468732] init: Not setting encryption policy on: /data/misc_de
[   43.468864] init: Command 'mkdir /data/misc_de 0551 system misc encryption=None' action=post-fs-data (/system/etc/init/hw/init.rc:923) took 0ms and failed: mkdir() failed on /data/misc_de: Read-only file system
[   43.469014] init: Not setting encryption policy on: /data/system_ce
[   43.469140] init: Command 'mkdir /data/system_ce 0550 system system encryption=None' action=post-fs-data (/system/etc/init/hw/init.rc:924) took 0ms and failed: mkdir() failed on /data/system_ce: Read-only file system
[   43.469287] init: Not setting encryption policy on: /data/system_de
[   43.469411] init: Command 'mkdir /data/system_de 0550 system system encryption=None' action=post-fs-data (/system/etc/init/hw/init.rc:925) took 0ms and failed: mkdir() failed on /data/system_de: Read-only file system
[   43.469551] init: Not setting encryption policy on: /data/user
[   43.469696] init: Command 'mkdir /data/user 0511 system system encryption=None' action=post-fs-data (/system/etc/init/hw/init.rc:926) took 0ms and failed: mkdir() failed on /data/user: Read-only file system
[   43.469841] init: Not setting encryption policy on: /data/user_de
[   43.469966] init: Command 'mkdir /data/user_de 0511 system system encryption=None' action=post-fs-data (/system/etc/init/hw/init.rc:927) took 0ms and failed: mkdir() failed on /data/user_de: Read-only file system
[   43.470109] init: Not setting encryption policy on: /data/vendor_ce
[   43.470254] init: Command 'mkdir /data/vendor_ce 0551 root root encryption=None' action=post-fs-data (/system/etc/init/hw/init.rc:928) took 0ms and failed: mkdir() failed on /data/vendor_ce: Read-only file system
[   43.470402] init: Not setting encryption policy on: /data/vendor_de
[   43.470549] init: Command 'mkdir /data/vendor_de 0551 root root encryption=None' action=post-fs-data (/system/etc/init/hw/init.rc:929) took 0ms and failed: mkdir() failed on /data/vendor_de: Read-only file system
[   43.470713] init: Not setting encryption policy on: /data/storage_area
[   43.470841] init: Command 'mkdir /data/storage_area 0551 root root encryption=None' action=post-fs-data (/system/etc/init/hw/init.rc:933) took 0ms and failed: mkdir() failed on /data/storage_area: Read-only file system
[   43.471398] init: starting service 'exec 7 (/system/bin/chattr +F /data/media)'...
[   50.534103] loop7: detected capacity change from 0 to 3264
[   50.547043] apexd: Fallback to buffered I/O for /vendor/apex/com.android.hardware.power.apex
[   50.553809] EXT4-fs (loop7): mounted filesystem 7d1522e1-9dfa-5edb-a43e-98e3a4d20250 ro without journal. Quota mode: none.
[   50.567236] loop8: detected capacity change from 0 to 3704
[   50.593230] apexd: Successfully mounted package /vendor/apex/com.android.hardware.dumpstate.apex on /apex/com.android.hardware.dumpstate@1 duration=7453
[   50.606588] apexd: Fallback to buffered I/O for /vendor/apex/com.android.hardware.contexthub.apex
[   50.611732] EXT4-fs (loop8): mounted filesystem 7d1522e1-9dfa-5edb-a43e-98e3a4d20250 ro without journal. Quota mode: none.
[   50.611846] apexd: Successfully mounted package /vendor/apex/com.android.hardware.power.apex on /apex/com.android.hardware.power@1 duration=7473
[   50.658462] init: ... started service 'exec 7 (/system/bin/chattr +F /data/media)' has pid 308
[   50.683366] loop9: detected capacity change from 0 to 3072
[   50.711230] init: SVC_EXEC service 'exec 7 (/system/bin/chattr +F /data/media)' pid 308 (uid 1023 gid 1023+0 context default) started; waiting...
[   50.731535] apexd: Fallback to buffered I/O for /vendor/apex/com.android.hardware.uwb.apex
[   50.738963] EXT4-fs (loop9): mounted filesystem 7d1522e1-9dfa-5edb-a43e-98e3a4d20250 ro without journal. Quota mode: none.
[   50.739077] apexd: Successfully mounted package /vendor/apex/com.android.hardware.contexthub.apex on /apex/com.android.hardware.contexthub@1 duration=7599
[   50.747443] init: Command 'exec - media_rw media_rw -- /system/bin/chattr +F /data/media' action=post-fs-data (/system/etc/init/hw/init.rc:938) took 7276ms and succeeded
[   50.779352] loop10: detected capacity change from 0 to 2864
[   50.797105] init: starting service 'tombstoned'...
[   50.822558] apexd: Fallback to buffered I/O for /vendor/apex/com.android.hardware.neuralnetworks.apex
[   50.829109] EXT4-fs (loop10): mounted filesystem 7d1522e1-9dfa-5edb-a43e-98e3a4d20250 ro without journal. Quota mode: none.
[   50.829341] apexd: Successfully mounted package /vendor/apex/com.android.hardware.uwb.apex on /apex/com.android.hardware.uwb@1 duration=7689
[   50.852746] init: Created socket '/dev/socket/tombstoned_crash', mode 666, user 1000, group 1000
[   50.883380] loop11: detected capacity change from 0 to 28736
[   50.895846] init: Created socket '/dev/socket/tombstoned_intercept', mode 666, user 1000, group 1000
[   50.907217] apexd: Fallback to buffered I/O for /vendor/apex/com.android.hardware.cas.apex
[   50.913650] EXT4-fs (loop11): mounted filesystem 7d1522e1-9dfa-5edb-a43e-98e3a4d20250 ro without journal. Quota mode: none.
[   50.913773] apexd: Successfully mounted package /vendor/apex/com.android.hardware.neuralnetworks.apex on /apex/com.android.hardware.neuralnetworks@1 duration=7773
[   50.925971] init: Created socket '/dev/socket/tombstoned_java_trace', mode 666, user 1000, group 1000
[   50.949149] loop12: detected capacity change from 0 to 536
[   50.994911] init: ... started service 'tombstoned' has pid 314
[   51.008921] apexd: Fallback to buffered I/O for /system/apex/com.android.apex.cts.shim.apex
[   51.013969] EXT4-fs (loop12): mounted filesystem 7d1522e1-9dfa-5edb-a43e-98e3a4d20250 ro without journal. Quota mode: none.
[   51.014079] apexd: Successfully mounted package /vendor/apex/com.android.hardware.cas.apex on /apex/com.android.hardware.cas@1 duration=7866
[   51.027098] init: Service 'exec 7 (/system/bin/chattr +F /data/media)' (pid 308) exited with status 1 waiting took 7.533000 seconds
[   51.044851] loop13: detected capacity change from 0 to 536
[   51.067834] init: Sending signal 9 to service 'exec 7 (/system/bin/chattr +F /data/media)' (pid 308) process group...
[   51.099793] apexd: Fallback to buffered I/O for /system/apex/com.android.devicelock.apex
[   51.126080] libprocessgroup: Removed cgroup /sys/fs/cgroup/system/uid_1023/pid_308
[   51.130844] loop14: detected capacity change from 0 to 12528
[   51.137086] EXT4-fs (loop13): mounted filesystem 7d1522e1-9dfa-5edb-a43e-98e3a4d20250 ro without journal. Quota mode: none.
[   51.137206] apexd: Successfully mounted package /system/apex/com.android.apex.cts.shim.apex on /apex/com.android.apex.cts.shim@1 duration=7912
[   51.143995] init: Service 'tombstoned' (pid 314) exited with status 1
[   51.164859] apexd: Fallback to buffered I/O for /system/apex/com.android.i18n.apex
[   51.185537] init: Sending signal 9 to service 'tombstoned' (pid 314) process group...
[   51.193892] EXT4-fs (loop14): mounted filesystem 7d1522e1-9dfa-5edb-a43e-98e3a4d20250 ro without journal. Quota mode: none.
[   51.194176] apexd: Successfully mounted package /system/apex/com.android.devicelock.apex on /apex/com.android.devicelock@1 duration=7964
[   51.214703] loop15: detected capacity change from 0 to 73480
[   51.246052] libprocessgroup: Removed cgroup /sys/fs/cgroup/system/uid_1058/pid_314
[   51.253238] apexd: Fallback to buffered I/O for /vendor/apex/com.android.hardware.authsecret.apex
[   51.261024] EXT4-fs (loop15): mounted filesystem 7d1522e1-9dfa-5edb-a43e-98e3a4d20250 ro without journal. Quota mode: none.
[   51.261137] apexd: Successfully mounted package /system/apex/com.android.i18n.apex on /apex/com.android.i18n@1 duration=8030
[   51.312097] init: Command 'mkdir /data/cache 0770 system cache encryption=Require' action=post-fs-data (/system/etc/init/hw/init.rc:977) took 0ms and failed: mkdir() failed on /data/cache: Read-only file system
[   51.317302] loop16: detected capacity change from 0 to 720
[   51.337429] init: Command 'mkdir /data/rollback 0700 system system encryption=DeleteIfNecessary' action=post-fs-data (/system/etc/init/hw/init.rc:983) took 1ms and failed: mkdir() failed on /data/rollback: Read-only file system
[   51.367486] apexd: Fallback to buffered I/O for /vendor/apex/com.google.android.widevine-13130248.apex
[   51.393596] init: Command 'mkdir /data/rollback-observer 0700 system system encryption=DeleteIfNecessary' action=post-fs-data (/system/etc/init/hw/init.rc:984) took 0ms and failed: mkdir() failed on /data/rollback-observer: Read-only file system
[   51.408587] loop17: detected capacity change from 0 to 11152
[   51.413042] EXT4-fs (loop16): mounted filesystem 7d1522e1-9dfa-5edb-a43e-98e3a4d20250 ro without journal. Quota mode: none.
[   51.413296] apexd: Successfully mounted package /vendor/apex/com.android.hardware.authsecret.apex on /apex/com.android.hardware.authsecret@1 duration=8181
[   51.430343] init: Command 'mkdir /data/rollback-history 0700 system system encryption=DeleteIfNecessary' action=post-fs-data (/system/etc/init/hw/init.rc:985) took 0ms and failed: mkdir() failed on /data/rollback-history: Read-only file system
[   51.455070] apexd: Fallback to buffered I/O for /vendor/apex/com.android.hardware.threadnetwork-simulation-rcp.apex
[   51.483671] EXT4-fs (loop17): mounted filesystem 7d1522e1-9dfa-5edb-a43e-98e3a4d20250 ro without journal. Quota mode: none.
[   51.483841] apexd: Successfully mounted package /vendor/apex/com.google.android.widevine-13130248.apex on /apex/com.google.android.widevine@190250226 duration=8249
[   51.491564] init: Command 'mkdir /data/incremental 0771 system system encryption=Require' action=post-fs-data (/system/etc/init/hw/init.rc:988) took 0ms and failed: mkdir() failed on /data/incremental: Read-only file system
[   51.524196] loop18: detected capacity change from 0 to 1088
[   51.525585] apexd: Fallback to buffered I/O for /vendor/apex/com.android.hardware.vibrator.apex
[   51.531342] EXT4-fs (loop18): mounted filesystem 7d1522e1-9dfa-5edb-a43e-98e3a4d20250 ro without journal. Quota mode: none.
[   51.531510] apexd: Successfully mounted package /vendor/apex/com.android.hardware.threadnetwork-simulation-rcp.apex on /apex/com.android.hardware.threadnetwork@1 duration=8296
[   52.329894] loop19: detected capacity change from 0 to 3000
[   52.348391] apexd: Fallback to buffered I/O for /system/apex/com.android.virt.apex
[   52.361668] EXT4-fs (loop19): mounted filesystem 7d1522e1-9dfa-5edb-a43e-98e3a4d20250 ro without journal. Quota mode: none.
[   52.369886] loop20: detected capacity change from 0 to 174464
[   52.400535] apexd: Successfully mounted package /vendor/apex/com.android.hardware.vibrator.apex on /apex/com.android.hardware.vibrator@1 duration=9164
[   52.461849] apexd: Fallback to buffered I/O for /vendor/apex/com.android.hardware.gatekeeper.nonsecure.apex
[   52.508549] loop21: detected capacity change from 0 to 8800
[   52.535012] apexd: Fallback to buffered I/O for /system/apex/com.google.android.tzdata6.apex
[   52.564280] loop22: detected capacity change from 0 to 1672
[   52.581466] EXT4-fs (loop20): mounted filesystem 7d1522e1-9dfa-5edb-a43e-98e3a4d20250 ro without journal. Quota mode: none.
[   52.597551] apexd: Fallback to buffered I/O for /system_ext/apex/com.android.compos.apex
[   52.610259] EXT4-fs (loop21): mounted filesystem 7d1522e1-9dfa-5edb-a43e-98e3a4d20250 ro without journal. Quota mode: none.
[   52.610426] apexd: Successfully mounted package /vendor/apex/com.android.hardware.gatekeeper.nonsecure.apex on /apex/com.android.hardware.gatekeeper@1 duration=9337
[   52.626917] apexd: Successfully mounted package /system/apex/com.android.virt.apex on /apex/com.android.virt@3 duration=9388
[   52.627758] EXT4-fs (loop22): mounted filesystem 7d1522e1-9dfa-5edb-a43e-98e3a4d20250 ro without journal. Quota mode: none.
[   52.628986] apexd: Successfully mounted package /system/apex/com.google.android.tzdata6.apex on /apex/com.android.tzdata@360527520 duration=9354
[   52.649452] loop23: detected capacity change from 0 to 8088
[   52.852747] apexd: Fallback to buffered I/O for /system/apex/com.android.runtime.apex
[   52.880396] loop24: detected capacity change from 0 to 9808
[   52.880450] EXT4-fs (loop23): mounted filesystem 7d1522e1-9dfa-5edb-a43e-98e3a4d20250 ro without journal. Quota mode: none.
[   52.938694] apexd: Successfully mounted package /system_ext/apex/com.android.compos.apex on /apex/com.android.compos@3 duration=9663
[   52.938914] EXT4-fs (loop24): mounted filesystem 7d1522e1-9dfa-5edb-a43e-98e3a4d20250 ro without journal. Quota mode: none.
[   53.020704] apexd: Successfully mounted package /system/apex/com.android.runtime.apex on /apex/com.android.runtime@1 duration=9744
[   53.063014] apexd: Activated 20 packages.
[   53.079908] apexd: Failed to scan /data/apex/active : Can't open /data/apex/active for reading : No such file or directory
[   53.116680] apexd: Failed to scan /data/apex/decompressed : Can't open /data/apex/decompressed for reading : No such file or directory
[   53.162714] apexd: OnStart done, duration=12541
[   53.177076] AidlLazyServiceRegistrar: Registering service apexservice
[   53.225134] SELinux: SELinux: Loaded file context from:
[   53.242283] SELinux: 		/system/etc/selinux/plat_file_contexts
[   53.258357] SELinux: 		/system_ext/etc/selinux/system_ext_file_contexts
[   53.276402] SELinux: 		/product/etc/selinux/product_file_contexts
[   53.292741] SELinux: 		/vendor/etc/selinux/vendor_file_contexts
[   53.308389] SELinux: 		/odm/etc/selinux/odm_file_contexts
[   53.327487] apexd: Marking APEXd as activated
[   53.342718] init: Wait for property 'apexd.status=activated' took 1792ms
[   53.360065] servicemanager: Notifying apexservice they do (previously: don't) have clients when service is guaranteed to be in use
[   53.400654] AidlLazyServiceRegistrar: Process has 1 (of 1 available) client(s) in use after notification apexservice has clients: 1
[   53.406066] apexd: getActivePackages received by ApexService
[   53.434833] AidlLazyServiceRegistrar: Shutdown prevented by forcePersist override flag.
[   53.496851] init: Wait for property 'keystore.module_hash.sent=true' took 130ms
[   53.544624] init: Parsing file /apex/com.android.compos/etc/init.rc...
[   53.563526] init: Parsing file /apex/com.android.hardware.authsecret/etc/android.hardware.authsecret-service.example.rc...
[   53.595315] init: Parsing file /apex/com.android.hardware.cas/etc/cas-default.rc...
[   53.617500] init: Parsing file /apex/com.android.hardware.contexthub/etc/android.hardware.contexthub-service.example.rc...
[   53.649241] init: Parsing file /apex/com.android.hardware.dumpstate/etc/dumpstate-default.rc...
[   53.673159] init: Parsing file /apex/com.android.hardware.neuralnetworks/etc/android.hardware.neuralnetworks-service-sample-all.rc...
[   53.704580] init: Parsing file /apex/com.android.hardware.neuralnetworks/etc/android.hardware.neuralnetworks-service-sample-limited.rc...
[   53.736139] init: Parsing file /apex/com.android.hardware.neuralnetworks/etc/android.hardware.neuralnetworks-shim-service-sample.rc...
[   53.764148] init: Parsing file /apex/com.android.hardware.power/etc/com.android.hardware.power.rc...
[   53.785722] init: Parsing file /apex/com.android.hardware.rebootescrow/etc/rebootescrow-default.rc...
[   53.808501] init: Parsing file /apex/com.android.hardware.thermal/etc/android.hardware.thermal.example.rc...
[   53.831524] init: Parsing file /apex/com.android.hardware.threadnetwork/etc/threadnetwork-service-simulation-rcp.rc...
[   53.856564] init: Parsing file /apex/com.android.hardware.uwb/etc/uwb-service.rc...
[   53.874468] init: /apex/com.android.hardware.uwb/etc/uwb-service.rc: 1: ignored duplicate definition of service 'vendor.uwb_hal'
[   53.899474] init: Parsing file /apex/com.android.hardware.vibrator/etc/com.android.hardware.vibrator.rc...
[   53.921274] init: Parsing file /apex/com.google.android.widevine/etc/com.google.android.widevine.rc...
[   54.009071] init: linkerconfig generated /linkerconfig with mounted APEX modules info
[   54.029424] init: Command 'perform_apex_config' action=post-fs-data (/system/etc/init/hw/init.rc:1003) took 508ms and succeeded
[   54.056936] init: starting service 'system_aconfigd_mainline_init'...
[   54.100105] init: ... started service 'system_aconfigd_mainline_init' has pid 332
[   54.120452] init: SVC_EXEC service 'system_aconfigd_mainline_init' pid 332 (uid 1000 gid 1000+0 context default) started; waiting...
[   54.151941] init: Command 'exec_start system_aconfigd_mainline_init' action=post-fs-data (/system/etc/init/hw/init.rc:1005) took 95ms and succeeded
[   54.190754] init: Service 'system_aconfigd_mainline_init' (pid 332) exited with status 1 waiting took 0.116000 seconds
[   54.217781] init: Sending signal 9 to service 'system_aconfigd_mainline_init' (pid 332) process group...
[   54.242743] libprocessgroup: Removed cgroup /sys/fs/cgroup/system/uid_1000/pid_332
[   54.265055] init: starting service 'system_aconfigd_socket_service'...
[   54.284238] init: Created socket '/dev/socket/aconfigd_system', mode 666, user 1000, group 1000
[   54.317541] init: ... started service 'system_aconfigd_socket_service' has pid 333
[   54.340912] init: Command 'start system_aconfigd_socket_service' action=post-fs-data (/system/etc/init/hw/init.rc:1006) took 76ms and succeeded
[   54.379292] init: Command 'exec_start mainline_aconfigd_init' action=post-fs-data (/system/etc/init/hw/init.rc:1010) took 0ms and failed: Service not found
[   54.420490] init: Service 'system_aconfigd_socket_service' (pid 333) exited with status 0 oneshot service took 0.111000 seconds in background
[   54.459485] init: Sending signal 9 to service 'system_aconfigd_socket_service' (pid 333) process group...
[   54.489328] libprocessgroup: Removed cgroup /sys/fs/cgroup/system/uid_1000/pid_333
[   54.542265] init: Command 'start mainline_aconfigd_socket_service' action=post-fs-data (/system/etc/init/hw/init.rc:1011) took 0ms and failed: service mainline_aconfigd_socket_service not found
[   54.594853] init: Command 'exec_start derive_sdk' action=post-fs-data (/system/etc/init/hw/init.rc:1016) took 0ms and failed: Service not found
[   54.634883] init: starting service 'exec 8 (/system/bin/vdc --wait cryptfs init_user0)'...
[   54.688764] init: ... started service 'exec 8 (/system/bin/vdc --wait cryptfs init_user0)' has pid 334
[   54.720139] init: SVC_EXEC service 'exec 8 (/system/bin/vdc --wait cryptfs init_user0)' pid 334 (uid 0 gid 0+0 context default) started; waiting...
[   54.776205] vdc: Thread Pool max thread count is 0. Cannot cache binder as linkToDeath cannot be implemented. serviceName: vold
[   54.791800] cutils: Failed to mkdir(/data/misc/vold/user_keys): No such file or directory
[   54.813358] init: Command 'init_user0' action=post-fs-data (/system/etc/init/hw/init.rc:1018) took 178ms and succeeded
[   54.872621] vold: Failed to prepare /data/misc/vold/user_keys: No such file or directory
[   54.896916] vdc: Command: cryptfs init_user0 Failed: Status(-8, EX_SERVICE_SPECIFIC): '0: '
[   54.926696] init: Service 'exec 8 (/system/bin/vdc --wait cryptfs init_user0)' (pid 334) exited with status 25 waiting took 0.263000 seconds
[   54.967423] init: Sending signal 9 to service 'exec 8 (/system/bin/vdc --wait cryptfs init_user0)' (pid 334) process group...
[   55.005447] libprocessgroup: Removed cgroup /sys/fs/cgroup/system/uid_0/pid_334
[   55.031139] init: Exec service failed, status 25: Rebooting into recovery, reason: init_user0_failed
[   55.062221] init: Rebooting into recovery
[   55.077034] init: Could not reboot into recovery: Failed to set bootloader message: failed to find /misc partition
[   55.117864] init: InitFatalReboot: signal 6
[   55.164936] init:   #00 pc 000000000017df8c  /system/bin/init (android::init::InitFatalReboot(int)+300) (BuildId: d6760e10a5ba474388f0ef636c40834e)
[   55.220225] init:   #01 pc 00000000000ebe4a  /system/bin/init (android::init::InitAborter(char const*)+42) (BuildId: d6760e10a5ba474388f0ef636c40834e)
[   55.264988] init:   #02 pc 000000000001644e  /system/lib64/libbase.so (android::base::SetAborter(std::__1::function<void (char const*)>&&)::$_0::__invoke(char const*)+62) (BuildId: c4bb892a3d26e3710ae5096df0da1dee)
[   55.327848] init:   #03 pc 000000000001592e  /system/lib64/libbase.so (android::base::LogMessage::~LogMessage()+526) (BuildId: c4bb892a3d26e3710ae5096df0da1dee)
[   55.375754] init:   #04 pc 00000000001050f0  /system/bin/init (std::__1::__function::__func<android::init::ExecVdcRebootOnFailure(std::__1::basic_string<char, std::__1::char_traits<char>, std::__1::allocator<char>> const&)::$_0, std::__1::allocator<android::init::ExecVdcRebootOnFailure(std::__1::basic_string<char, std::__1::char_traits<char>, std::__1::allocator<char>> const&)::$_0>, void (std::__1::basic_string<char, std::__1::char_traits<char>, std::__1::allocator<char>> const&)>::operator()(std::__1::basic_string<char, std::__1::char_traits<char>, std::__1::allocator<char>> const&) (.434eab35e3ed8fd25406ffd98614a425)+880) (BuildId: d6760e10a5ba474388f0ef636c40834e)
[   55.578778] init:   #05 pc 0000000000104bca  /system/bin/init (std::__1::__function::__func<android::init::ExecWithFunctionOnFailure(std::__1::vector<std::__1::basic_string<char, std::__1::char_traits<char>, std::__1::allocator<char>>, std::__1::allocator<std::__1::basic_string<char, std::__1::char_traits<char>, std::__1::allocator<char>>>> const&, std::__1::function<void (std::__1::basic_string<char, std::__1::char_traits<char>, std::__1::allocator<char>> const&)>)::$_0, std::__1::allocator<android::init::ExecWithFunctionOnFailure(std::__1::vector<std::__1::basic_string<char, std::__1::char_traits<char>, std::__1::allocator<char>>, std::__1::allocator<std::__1::basic_string<char, std::__1::char_traits<char>, std::__1::allocator<char>>>> const&, std::__1::function<void (std::__1::basic_string<char, std::__1::char_traits<char>, std::__1::allocator<char>> const&)>)::$_0>, void (siginfo const&)>::operator()(siginfo const&) (.434eab35e3ed8fd25406ffd98614a425)+74) (BuildId: 
[   55.578803] init: **previous message missing 33 bytes** 1009-byte message too long for printk
[   55.879388] init:   #06 pc 0000000000109f55  /system/bin/init (android::init::Service::Reap(siginfo const&)+277) (BuildId: d6760e10a5ba474388f0ef636c40834e)
[   55.917118] init:   #07 pc 0000000000191109  /system/bin/init (android::init::ReapAnyOutstandingChildren()+569) (BuildId: d6760e10a5ba474388f0ef636c40834e)
[   55.956056] init:   #08 pc 0000000000147e72  /system/bin/init (std::__1::__function::__func<std::__1::set<int, std::__1::less<int>, std::__1::allocator<int>> (*)(), std::__1::allocator<std::__1::set<int, std::__1::less<int>, std::__1::allocator<int>> (*)()>, void ()>::operator()()+34) (BuildId: d6760e10a5ba474388f0ef636c40834e)
[   56.031036] init:   #09 pc 0000000000149b58  /system/bin/init (android::init::Epoll::Wait(std::__1::optional<std::__1::chrono::duration<long long, std::__1::ratio<1l, 1000l>>>)+632) (BuildId: d6760e10a5ba474388f0ef636c40834e)
[   56.088936] init:   #10 pc 000000000014258b  /system/bin/init (android::init::SecondStageMain(int, char**)+12219) (BuildId: d6760e10a5ba474388f0ef636c40834e)
[   56.127053] init:   #11 pc 0000000000064dc5  /system/lib64/bootstrap/libc.so (__libc_init+117) (BuildId: fcb82240218d1473de1e3d2137c0be35)
[   56.127463] servicemanager: Notifying apexservice they don't (previously: do) have clients when we now have no record of a client
[   56.159337] init: Reboot ending, jumping to kernel
[   56.189161] AidlLazyServiceRegistrar: Process has 0 (of 1 available) client(s) in use after notification apexservice has clients: 0
[   56.227960] AidlLazyServiceRegistrar: Shutdown prevented by forcePersist override flag.
[   56.305443] ACPI: PM: Preparing to enter system sleep state S5
[   56.321668] reboot: Restarting system with command 'bootloader'
[   56.336121] reboot: machine restart
No EFI environment detected.
early console in extract_kernel
input_data: 0x0000000002ac92c4
input_len: 0x000000000137e450
output: 0x0000000001000000
output_len: 0x0000000002df8f9c
kernel_total_size: 0x0000000002a2c000
needed_size: 0x0000000002e00000
trampoline_32bit: 0x0000000000000000
Physical KASLR using RDTSC...
Virtual KASLR using RDTSC...

Decompressing Linux... Parsing ELF... Performing relocations... done.
Booting the kernel (entry_offset: 0x0000000000000000).
[    0.000000] Linux version 6.6.66-android15-8-gb66429556fb8-ab13070261 (kleaf@build-host) (Android (11368308, +pgo, +bolt, +lto, +mlgo, based on r510928) clang version 18.0.0 (https://android.googlesource.com/toolchain/llvm-project 477610d4d0d988e69dbc3fae4fe86bff3f07f2b5), LLD 18.0.0) #1 SMP PREEMPT Fri Feb 14 22:29:59 UTC 2025
[    0.000000] Command line: 8250.nr_uarts=1 clocksource=pit no_timer_check console=ttyS0,38400 earlyprintk=ttyS0 ndns=3 loop.max_part=7 ramoops.mem_address=0xff018000 ramoops.mem_size=0x10000 memmap=0x10000$0xff018000 printk.devkmsg=on bootconfig ndns=3 mac80211_hwsim.radios=0
[    0.000000] BIOS-provided physical RAM map:
[    0.000000] BIOS-e820: [mem 0x0000000000000000-0x000000000009fbff] usable
[    0.000000] BIOS-e820: [mem 0x000000000009fc00-0x000000000009ffff] reserved
[    0.000000] BIOS-e820: [mem 0x00000000000f0000-0x00000000000fffff] reserved
[    0.000000] BIOS-e820: [mem 0x0000000000100000-0x000000007ffd3fff] usable
[    0.000000] BIOS-e820: [mem 0x000000007ffd4000-0x000000007fffffff] reserved
[    0.000000] BIOS-e820: [mem 0x00000000feffc000-0x00000000feffffff] reserved
[    0.000000] BIOS-e820: [mem 0x00000000fffc0000-0x00000000ffffffff] reserved
[    0.000000] stackdepot: disabled
[    0.000000] printk: bootconsole [earlyser0] enabled
[    0.000000] NX (Execute Disable) protection: active
[    0.000000] APIC: Static calls initialized
[    0.000000] user-defined physical RAM map:
[    0.000000] user: [mem 0x0000000000000000-0x000000000009fbff] usable
[    0.000000] user: [mem 0x000000000009fc00-0x000000000009ffff] reserved
[    0.000000] user: [mem 0x00000000000f0000-0x00000000000fffff] reserved
[    0.000000] user: [mem 0x0000000000100000-0x000000007ffd3fff] usable
[    0.000000] user: [mem 0x000000007ffd4000-0x000000007fffffff] reserved
[    0.000000] user: [mem 0x00000000feffc000-0x00000000feffffff] reserved
[    0.000000] user: [mem 0x00000000ff018000-0x00000000ff027fff] reserved
[    0.000000] user: [mem 0x00000000fffc0000-0x00000000ffffffff] reserved
[    0.000000] SMBIOS 2.8 present.
[    0.000000] DMI: QEMU Standard PC (i440FX + PIIX, 1996), BIOS rel-1.11.1-0-g0551a4be2c-prebuilt.qemu-project.org 04/01/2014
[    0.000000] tsc: Fast TSC calibration failed
[    0.000000] last_pfn = 0x7ffd4 max_arch_pfn = 0x400000000
[    0.000000] MTRR map: 4 entries (3 fixed + 1 variable; max 19), built from 8 variable MTRRs
[    0.000000] x86/PAT: PAT not supported by the CPU.
[    0.000000] x86/PAT: Configuration [0-7]: WB  WT  UC- UC  WB  WT  UC- UC  
Memory KASLR using RDTSC...
[    0.000000] found SMP MP-table at [mem 0x000f5ab0-0x000f5abf]
[    0.000000] RAMDISK: [mem 0x7fdfe000-0x7ffcffff]
[    0.000000] ACPI: Early table checksum verification disabled
[    0.000000] ACPI: RSDP 0x00000000000F58B0 000014 (v00 BOCHS )
[    0.000000] ACPI: RSDT 0x000000007FFE1C02 000030 (v01 BOCHS  BXPCRSDT 00000001 BXPC 00000001)
[    0.000000] ACPI: FACP 0x000000007FFE1AC6 000074 (v01 BOCHS  BXPCFACP 00000001 BXPC 00000001)
[    0.000000] ACPI: DSDT 0x000000007FFE0040 001A86 (v01 BOCHS  BXPCDSDT 00000001 BXPC 00000001)
[    0.000000] ACPI: FACS 0x000000007FFE0000 000040
[    0.000000] ACPI: APIC 0x000000007FFE1B3A 000090 (v01 BOCHS  BXPCAPIC 00000001 BXPC 00000001)
[    0.000000] ACPI: HPET 0x000000007FFE1BCA 000038 (v01 BOCHS  BXPCHPET 00000001 BXPC 00000001)
[    0.000000] ACPI: Reserving FACP table memory at [mem 0x7ffe1ac6-0x7ffe1b39]
[    0.000000] ACPI: Reserving DSDT table memory at [mem 0x7ffe0040-0x7ffe1ac5]
[    0.000000] ACPI: Reserving FACS table memory at [mem 0x7ffe0000-0x7ffe003f]
[    0.000000] ACPI: Reserving APIC table memory at [mem 0x7ffe1b3a-0x7ffe1bc9]
[    0.000000] ACPI: Reserving HPET table memory at [mem 0x7ffe1bca-0x7ffe1c01]
[    0.000000] Zone ranges:
[    0.000000]   DMA32    [mem 0x0000000000001000-0x000000007ffd3fff]
[    0.000000]   Normal   empty
[    0.000000] Movable zone start for each node
[    0.000000] NoSplit zone start for each node
[    0.000000] NoMerge zone start for each node
[    0.000000] Early memory node ranges
[    0.000000]   node   0: [mem 0x0000000000001000-0x000000000009efff]
[    0.000000]   node   0: [mem 0x0000000000100000-0x000000007ffd3fff]
[    0.000000] Initmem setup node 0 [mem 0x0000000000001000-0x000000007ffd3fff]
[    0.000000] On node 0, zone DMA32: 1 pages in unavailable ranges
[    0.000000] On node 0, zone DMA32: 97 pages in unavailable ranges
[    0.000000] On node 0, zone DMA32: 44 pages in unavailable ranges
[    0.000000] ACPI: